image_id,image_type,num_bbox,num_invalid_bbox,num_valid_bbox,num_unique_classes,has_invalid_bbox,has_duplicate_candidate,mean_bbox_area,median_bbox_area,min_bbox_area,max_bbox_area
0005e8e3701dfb1dd93d53e2ff537b6e,abnormal,5,0,5,4,False,True,89893.2,91486.0,87185.0,91805.0
0007d316f756b3fa0baea2ff514ce945,abnormal,11,0,11,5,False,False,71263.45,45046.0,10812.0,194670.0
000d68e42b71d3eac10ccc077aba07c1,abnormal,16,0,16,5,False,False,356576.88,109642.0,1320.0,1871456.0
00150343289f317a0ad5629d5b7d9ef9,abnormal,17,0,17,7,False,False,101185.35,67571.0,15360.0,320394.0
001d127bad87592efe45a5c7678f8b8d,abnormal,6,0,6,2,False,False,148923.0,104882.0,1920.0,311448.0
00291f7aff0123ea76a59998effef229,normal,0,0,0,0,False,False,,,,
0046f681f078851293c4e710c4466058,abnormal,11,0,11,4,False,False,154525.0,97344.0,4230.0,321389.0
004d2bc2111d639f5e8441ced52d55cb,normal,0,0,0,0,False,False,,,,
0061cf6d35e253b6e7f03940592cc35e,abnormal,7,0,7,4,False,False,17746.0,15840.0,6912.0,43688.0
00675cd546313f912cadd4ad54415d69,abnormal,6,0,6,2,False,False,326395.33,313484.0,83166.0,563101.0
008b3176a7248a0a189b5731ac8d2e95,abnormal,12,0,12,4,False,False,169806.42,28794.0,5986.0,389112.0
009d4c31ebf87e51c5c8c160a4bd8006,abnormal,9,0,9,5,False,False,705024.22,343970.0,13068.0,1845474.0
009d837e29ba400e03856cf8d6a5b545,abnormal,5,0,5,2,False,False,45629.0,37625.0,16698.0,69864.0
00a9f697d85a506d5b281f588addce4e,normal,0,0,0,0,False,False,,,,
00aca42a24e4ea6066cca2546150c36e,abnormal,9,0,9,5,False,False,171390.67,104000.0,36349.0,472406.0
00bcb82818ea83d6a86df241762cd7d0,abnormal,5,0,5,5,False,False,102554.2,65720.0,30316.0,248624.0
00e25f831ccd21bd41b558cfccbf1be7,normal,0,0,0,0,False,False,,,,
00f2f97f74e086e1f82acc285ee4a5c5,abnormal,8,0,8,5,False,False,96017.75,50009.0,4959.0,357396.0
010018c93ed33ae56ed048ee54867e46,abnormal,18,0,18,5,False,False,109751.61,67026.0,1369.0,502692.0
0108949daa13dc94634a7d650a05c0bb,abnormal,6,0,6,2,False,False,206412.83,199872.5,45355.0,383420.0
010a3dbb67bc37800a041866844861b1,abnormal,8,0,8,4,False,False,200787.5,100506.5,68040.0,444959.0
011244ab511b20130d846f5f8f0c3866,abnormal,3,0,3,1,False,False,403592.0,388020.0,381186.0,441570.0
0114c5cd093c742334d5a5fa14140421,abnormal,9,0,9,5,False,False,72581.78,22152.0,4802.0,322920.0
011ae9520e81f1efe71c9d954ec07d09,abnormal,18,0,18,8,False,False,134191.5,45904.5,4453.0,718620.0
013893a5fa90241c65c3efcdbdd2cec1,abnormal,8,0,8,5,False,False,113950.62,89500.0,11413.0,380754.0
014e3dd712dc90f61da7ce8747d8c4c0,abnormal,3,0,3,2,False,False,60012.67,68628.0,41778.0,69632.0
01546d3e6175ceaabd7d92f0c566579d,abnormal,6,0,6,4,False,False,275888.0,251097.0,1998.0,685400.0
01570ee44031e4ebab6031501293bf66,abnormal,7,0,7,5,False,False,481934.29,524124.0,31920.0,717992.0
015d74d7d2667a9b93b8909283af38c8,normal,0,0,0,0,False,False,,,,
015e332b702e4829710941ab7265bd1d,abnormal,5,0,5,2,False,False,115897.0,56160.0,35335.0,250734.0
0162dad8330007f8f0daf43bcf4033f1,abnormal,7,0,7,4,False,False,164504.57,82333.0,589.0,484920.0
0187da5fd71c7a2917346bf12a67bbe4,abnormal,3,0,3,1,False,False,952296.67,811434.0,495456.0,1550000.0
01892129d76aaa1f59d4b22df8a14c0b,normal,0,0,0,0,False,False,,,,
018a2fe44c3451281ec338c27ecc9c53,abnormal,15,0,15,6,False,False,338052.33,132468.0,16926.0,898192.0
018b348fd699821cdbc5bdc0b329982c,abnormal,5,0,5,4,False,False,73590.0,43442.0,21240.0,180340.0
018ef9c5d5b20c5161a5c48703171c3b,abnormal,3,0,3,2,False,False,86259.67,33200.0,16104.0,209475.0
01a3c3d994d85ce5634d2d13c03fd4b0,abnormal,14,0,14,5,False,False,206557.43,132764.0,94526.0,443486.0
01afcfaabc406f0fe1797cb7fa6616c6,abnormal,6,0,6,2,False,True,187367.5,161886.0,24649.0,369489.0
01b0510a8d3b0860429536653db5eb21,abnormal,8,0,8,5,False,False,30031.25,31078.5,4972.0,63714.0
01c2b9fcb0384c84648ed76c736552a8,abnormal,7,0,7,3,False,False,209755.43,103894.0,1470.0,426556.0
01cbbeab94b4d2bfd5cd8a467fee46a7,abnormal,9,0,9,4,False,False,165201.78,110424.0,11770.0,340680.0
01d6446afde9fbf4332904bc331e9660,abnormal,6,0,6,4,False,False,226737.5,159759.5,7770.0,476797.0
01ee6e560f083255a630c41bba779405,abnormal,12,0,12,6,False,False,93255.67,44366.0,4602.0,298284.0
01f88c998eea22d21ee144bc3edfd261,abnormal,3,0,3,1,False,False,263238.33,291200.0,176144.0,322371.0
01fec681f2d698497151a88d6c5205a1,abnormal,7,0,7,3,False,False,153521.14,155288.0,5311.0,402822.0
020717d6ab0b440b37978d9bace9f9b2,abnormal,10,0,10,5,False,False,606720.9,310581.0,50304.0,1994142.0
0211f9fe31142ba1e25fb6a2ea3fea38,abnormal,8,0,8,4,False,False,89532.25,53275.0,1444.0,321308.0
021ed4f8af985c0fc68335abb2cf2ed7,abnormal,3,0,3,1,False,False,65114.0,60756.0,57834.0,76752.0
02222df826791117f315ecb2b58c5b69,abnormal,3,0,3,1,False,False,80942.0,100656.0,39260.0,102910.0
023a8b8557d1fd59f272c63be6f3d4c0,abnormal,10,0,10,4,False,False,25974.5,12773.5,1330.0,64239.0
024f9140bd829c346fc91fcf4009d251,abnormal,23,0,23,3,False,False,409149.96,296352.0,95140.0,1085656.0
025534801b62d61f1c1c9e571ea74695,abnormal,5,0,5,2,False,False,704762.4,914143.0,76110.0,1295920.0
02562eb68a9c682f5f644fa7a099733f,abnormal,18,0,18,4,False,False,14324.44,3710.0,925.0,63558.0
02617da0a33fe0446a508186417c2646,abnormal,12,0,12,4,False,False,100851.92,59600.0,7154.0,346064.0
027c56d37095bcc595ddd429f96902ae,abnormal,9,0,9,4,False,False,379495.11,378378.0,16165.0,599400.0
028fcc44d3104099480e897541a1ecc3,abnormal,9,0,9,5,False,False,248243.67,110028.0,42653.0,592424.0
02957c14fee52ac6d0617e6d86275a25,abnormal,5,0,5,2,False,False,66821.6,96976.0,5220.0,120184.0
02a4774868d677ef8ecff2168c0161c0,abnormal,14,0,14,7,False,False,375851.86,455809.0,25368.0,944526.0
02acf0e7d0932f9c6a06fd4bbe1f5d90,abnormal,7,0,7,3,False,False,205900.29,130410.0,88000.0,362880.0
02cbfa27d9e4b1d8c279932cd82e0730,normal,0,0,0,0,False,False,,,,
02cd1d17763c869ff3d4af5e28539456,abnormal,12,0,12,4,False,False,105632.5,46860.0,15301.0,304029.0
02d9d0c89022adc381c23e72add7c389,abnormal,7,0,7,4,False,False,115728.43,69741.0,16560.0,294972.0
02de1ec3340e75fd5e7294a84a0342a1,abnormal,6,0,6,2,False,False,320890.83,319126.0,172674.0,474444.0
02efc4e2e6e71e024fbfecb404a008a4,abnormal,6,0,6,2,False,False,392948.0,382123.0,95900.0,714974.0
02fe3eea41166a1d3eb75307a12c4a63,abnormal,9,0,9,3,False,False,76471.44,16698.0,5168.0,234500.0
032111ac5bb2e0cbb9a22745a77eef8f,normal,0,0,0,0,False,False,,,,
0339aac16e3dd93ee397315a224147a6,abnormal,3,0,3,1,False,False,80482.0,81950.0,63609.0,95887.0
033dae57cec0aca171d47090f299bed2,abnormal,7,0,7,3,False,False,209288.71,143370.0,20054.0,375003.0
033e1637bed9b9f3dccac9c6c419adc2,abnormal,9,0,9,4,False,False,29004.0,24167.0,12376.0,64500.0
03431b577d1ccf075e930c4c4913c079,abnormal,5,0,5,2,False,False,478597.4,695898.0,78705.0,756504.0
034cf2b503a9a7efe404f000fb988534,abnormal,19,0,19,8,False,False,222159.79,171600.0,30960.0,568932.0
035480fbf46e946e21e7dce78637c329,abnormal,8,0,8,5,False,False,148071.12,135154.0,7920.0,298062.0
035b53e8aabf8763537a296c291135d1,abnormal,3,0,3,2,False,False,250295.67,300547.0,64158.0,386182.0
036161ca6aa4daa43cc3bc55602e8960,normal,0,0,0,0,False,False,,,,
036b9096b099f0f6c5611da078f73e43,abnormal,5,0,5,2,False,False,260833.6,146493.0,122436.0,505383.0
03810755ae5721d65884360e3bccbf9b,abnormal,6,0,6,2,False,False,214510.33,205712.0,67266.0,388080.0
038a7c88fcd819549f430c1fd907658c,abnormal,5,0,5,2,False,False,338434.6,276451.0,148056.0,572634.0
038fc325ff4aa0a21c76d5dd7c740c89,abnormal,15,0,15,6,False,False,117286.87,80840.0,18048.0,380549.0
0391d2388a2442f14d055d5089a747c6,abnormal,5,0,5,2,False,False,283814.4,302250.0,95858.0,469202.0
039c6997248b3a6ba3c909af35fce0eb,abnormal,5,0,5,3,False,True,271094.0,392280.0,21470.0,454526.0
03a6078c0c12fb076b50ae017e590e19,abnormal,10,0,10,5,False,False,101253.9,31559.0,6500.0,372999.0
03cd593a310656563a5aa3886ff30380,abnormal,9,0,9,4,False,False,209841.0,254828.0,64347.0,335124.0
03dd99aa091caee7b0ce8efdf7f274d5,abnormal,6,0,6,2,False,False,245654.17,241729.0,64032.0,425712.0
03e6ecfa6f6fb33dfeac6ca4f9b459c9,abnormal,57,0,57,2,False,False,129823.86,6750.0,2205.0,1879060.0
03f0bf0a7403c050a7ce574f98fd8ab6,abnormal,7,0,7,3,False,False,244941.14,123000.0,24115.0,499380.0
04031e57794b9e8861e3c65e935f11d2,abnormal,3,0,3,1,False,False,242467.33,225472.0,222794.0,279136.0
041081d11262c5f150e655f5e5ff0a2c,abnormal,3,0,3,1,False,False,138658.33,81130.0,73326.0,261519.0
041664dfb960a15686d7e9c4c7b4fd73,normal,0,0,0,0,False,False,,,,
041762ff7fe435f22ea7541e77bfeafa,abnormal,8,0,8,5,False,False,51920.75,59585.0,19328.0,72670.0
0424e80c4f0cae6ea9e65efeed75d5d0,normal,0,0,0,0,False,False,,,,
044c53b3fd48fc029318fbcee70ae0d1,abnormal,8,0,8,3,False,False,101810.38,90245.0,3604.0,175350.0
0452d38f45e4e79f91821e88bb812608,abnormal,6,0,6,2,False,False,226606.83,224517.0,63984.0,409799.0
0453de2faeb8d349af739a68d9dee1cb,abnormal,6,0,6,5,False,False,19570.17,11988.0,10098.0,59136.0
0464251a01ee7eeedd2a537dafc82844,abnormal,3,0,3,1,False,False,832754.67,796240.0,715528.0,986496.0
046ad82db74a4155eaff3586b0d1e068,abnormal,17,0,17,8,False,False,229297.76,133224.0,17670.0,714150.0
047182a6e86808669f896307dcd550c7,abnormal,4,0,4,2,False,False,56970.25,64761.0,19564.0,78795.0
0491b08361fdfb9359cad9d6a078f275,abnormal,5,0,5,2,False,False,635344.6,550154.0,426822.0,859320.0
04923676c5e29c25966fbd07fa12e2e8,abnormal,6,0,6,3,False,False,308380.67,276025.5,15447.0,585377.0
04994993c9e416f32ce24c7e7501d3be,abnormal,6,0,6,2,False,False,66193.5,64080.0,20853.0,119988.0
04aed38b30c4de9461c8a9940e99d811,abnormal,8,0,8,4,False,False,51615.5,3172.0,1911.0,373425.0
04bb8bd7ee6f88a16623fe5c6dd4da91,abnormal,9,0,9,3,False,False,335610.44,318160.0,29358.0,601839.0
04d1f1f8f52b15520f5895be87884fbd,abnormal,5,0,5,2,False,True,289990.8,384384.0,60515.0,502000.0
04d3efc7a608c4d58edb8c1b7f90a708,abnormal,8,0,8,5,False,False,264050.88,195699.0,13189.0,577200.0
04d462de5e02b54e3756875caebda95c,abnormal,3,0,3,1,False,False,805646.33,820396.0,749868.0,846675.0
04e78baf5f049a01b6b4f9a14f0b7c78,normal,0,0,0,0,False,False,,,,
04fbba5834f2abd713e66b3d0e6a678e,abnormal,8,0,8,3,False,False,169760.0,146033.0,18618.0,327630.0
0501d62912b9a6ff04eae4ffc56affc2,abnormal,9,0,9,3,False,False,36343.11,14742.0,4757.0,112884.0
0508d7ea85ba9be425657cc04c24a4f8,abnormal,4,0,4,2,False,False,219354.0,267341.0,52440.0,290294.0
051132a778e61a86eb147c7c6f564dfe,abnormal,7,0,7,3,False,False,221370.71,113569.0,32224.0,451575.0
05154c0bdf203a2bd583d95532d0297d,abnormal,5,0,5,2,False,False,209282.0,280566.0,80102.0,291242.0
051c2436c0acdb5e09d085c7e4a764f3,abnormal,8,0,8,3,False,False,286390.0,305817.0,68593.0,485415.0
051d112b55e4c9f9dfa53307cc2ffb62,abnormal,8,0,8,4,False,False,143938.38,88682.0,19584.0,351741.0
052cf8f6cb59da96df7386adf8d5f6a0,abnormal,3,0,3,2,False,False,214807.0,114000.0,80958.0,449463.0
053700069ddf3c4f1f6c477a48337836,abnormal,6,0,6,1,False,False,44349.0,38718.0,8510.0,115020.0
053cf0f0a75926ebd53f0265bad6aee4,abnormal,14,0,14,7,False,False,222339.0,101943.5,4380.0,587476.0
055ea315ae13148aae178aed27fa980d,abnormal,3,0,3,2,False,False,4505.33,4416.0,4270.0,4830.0
05721adb43ab7c061733568b274c006b,abnormal,9,0,9,3,False,False,41816.56,39565.0,6720.0,124362.0
059412ad34b2c48179f178e3138b5022,abnormal,5,0,5,2,False,False,27990.4,21376.0,12390.0,48762.0
059ec0fc0d6840cff6e268e46f85faa0,abnormal,17,0,17,5,False,False,483636.53,105187.0,5576.0,1825596.0
05c0c802db4f100de8e2a9fa4aa62d14,abnormal,10,0,10,5,False,False,231413.0,224499.0,29606.0,453140.0
05d45c0a96b2c363f8b9a34a1f181c58,abnormal,5,0,5,3,False,False,223737.8,198904.0,85526.0,358680.0
05d676834dbed1639cb5eea70c1e307b,abnormal,9,0,9,6,False,False,442713.89,96410.0,15111.0,1323144.0
05dfd35f424da60897dfafc2340e0891,abnormal,9,0,9,7,False,False,78622.56,93775.0,17222.0,159424.0
05e0b2465053b685ca37849eac3dd62f,abnormal,21,0,21,6,False,False,81163.14,40128.0,7953.0,312975.0
05e64c5b1e5f246ae6e8bc109e557bf4,abnormal,6,0,6,2,False,False,192615.5,189759.5,83928.0,302280.0
05f202ee95a17a4b1e6dbe1916ffe8bf,abnormal,5,0,5,3,False,False,165266.2,77203.0,34225.0,368039.0
05f4911da872a51502a16e8807ee673f,abnormal,5,0,5,2,False,False,174292.6,94464.0,79380.0,309757.0
06014542a807dabcf30867a2414b5e83,abnormal,5,0,5,1,False,False,41015.6,37648.0,19760.0,78320.0
0608fb82e9965a0a6f3607f93e304d2a,abnormal,9,0,9,4,False,False,98378.22,72420.0,3050.0,238376.0
061fa33f6ba0028fbbad8caaeac8d145,abnormal,16,0,16,9,False,False,206804.38,125829.0,10123.0,628350.0
0622cd29e4e0e4f198abf15614819ae8,abnormal,6,0,6,2,False,False,300298.33,274479.0,99510.0,544446.0
063319de25ce7edb9b1c6b8881290140,normal,0,0,0,0,False,False,,,,
064023f1ff95962a1eee46b9f05f7309,abnormal,19,0,19,5,False,False,613319.32,418950.0,24414.0,1670334.0
0686521b0b8cf9426f253601b805fb52,abnormal,4,0,4,2,False,False,60107.25,65634.5,31752.0,77408.0
0690821a2e255ce175bfa7f36e308f63,abnormal,3,0,3,2,False,False,84596.0,77700.0,51376.0,124712.0
0697473448bb5e83ac926fe92271e7d8,abnormal,6,0,6,3,False,False,44968.0,32610.0,5251.0,119686.0
06b04918044786c36584a86273d72747,abnormal,5,0,5,4,False,False,127115.8,113535.0,67000.0,225108.0
06b2ff94bd0270f543deb7074c2a006a,abnormal,6,0,6,3,False,False,134285.33,27288.5,14763.0,633688.0
06dfb2b996464c7b0e4c5177d433edbe,abnormal,9,0,9,2,False,False,302654.0,128991.0,28462.0,945180.0
06e523e21ac668629092e85928b176a3,abnormal,6,0,6,5,False,False,18413.83,18500.0,8686.0,29040.0
06efcd37617307118fd48b3a493c133b,abnormal,3,0,3,2,False,False,46597.33,29302.0,11259.0,99231.0
06f3c1a8441d61da08aac07558ab5f05,abnormal,8,0,8,4,False,False,14426.62,4797.5,506.0,34176.0
070d087c1badb18ee110e19cbe158a40,abnormal,8,0,8,4,False,False,150118.12,161369.0,125720.0,166860.0
070d372757bfbb0cee7d68fd50369fc4,abnormal,6,0,6,2,False,False,178772.5,147650.0,64680.0,321265.0
0710fe2b90ee68e54b84e795abb018df,abnormal,4,0,4,3,False,False,203196.0,186540.5,22487.0,417216.0
0712b4f7b21e2a06eacece3cf35e3059,abnormal,8,0,8,2,False,False,98493.0,78411.5,12932.0,211551.0
071ff9c782ead87dfa9b1c025c25e769,abnormal,8,0,8,6,False,False,84348.25,45446.0,2856.0,346408.0
074db6a4ab3aebd54fa0f628eb0e9b0e,abnormal,8,0,8,4,False,False,217780.12,264904.0,19924.0,299112.0
0760a14308badcbd370c6866c9db3a0a,abnormal,8,0,8,3,False,False,210979.75,215376.0,42828.0,519514.0
0777120fdd60f6a3cf8eaf3b8cf3585a,abnormal,6,0,6,2,False,False,299863.17,282031.0,155239.0,477048.0
077c76dffde69c0b90c28d78ef2ac31e,abnormal,6,0,6,4,False,False,185724.83,180489.5,6450.0,358844.0
0797fa5e2725c9b801e6d01cfa9a09da,abnormal,6,0,6,2,False,False,179840.33,155171.5,57327.0,366126.0
07ab6d47d868962851d22d4d1249593d,abnormal,4,0,4,2,False,False,265891.25,326515.5,49324.0,361210.0
07ac9545dcc585901865f7f958a7857d,abnormal,7,0,7,3,False,False,171541.43,86080.0,15407.0,339290.0
07bedc010fd13a8e5903473ebcf39cd1,abnormal,9,0,9,2,False,False,419827.78,410130.0,164973.0,852226.0
07c12d0f562f17579aabc18c11e2ad54,abnormal,7,0,7,5,False,False,157649.43,80556.0,26412.0,392041.0
07d004fabfd7246f9ed4283dd5237deb,abnormal,7,0,7,5,False,False,186907.29,189468.0,72408.0,325350.0
07d82e7e5749cbc21633134f489a7fbf,abnormal,9,0,9,5,False,False,44054.11,13818.0,7245.0,170982.0
07db76e6cc063ce8bb90de18216e8ccf,abnormal,3,0,3,1,False,False,73323.67,79189.0,59110.0,81672.0
07e5378ad3928091c08dded1f6b5353d,normal,0,0,0,0,False,False,,,,
081d1700020b6bf0099f1e4d8aeec0f3,abnormal,9,0,9,6,False,False,43312.22,40365.0,5832.0,102538.0
083a89dfc9a74a3f809035f886634ee2,abnormal,9,0,9,4,False,False,87159.11,59110.0,13464.0,251648.0
0844f274f2a388e70231d3133754ac35,abnormal,7,0,7,2,False,False,75447.14,81690.0,29232.0,111219.0
0853ab3a3dbadae1e6f28b933ddff809,abnormal,11,0,11,3,False,False,137320.09,6080.0,3782.0,606090.0
08726b7ba2f04a33ff1b878b75498776,abnormal,4,0,4,2,False,False,248273.0,262570.0,60792.0,407160.0
088006f2453c4183b1ef46fb607bc31c,abnormal,4,0,4,2,False,False,98031.25,86235.5,54432.0,165222.0
088d83359d1a00ba24251220ace42edc,abnormal,6,0,6,4,False,False,64953.0,61270.0,11520.0,131044.0
089a1c26766c10e2d8c4cdb86ed769dc,normal,0,0,0,0,False,False,,,,
08ce56202e44175674fc5f5517e74db4,abnormal,16,0,16,8,False,False,189251.44,92611.5,14904.0,644180.0
08e3d3783927a15d35137c756c1a7e0b,abnormal,5,0,5,3,False,False,310128.0,272162.0,53354.0,657192.0
0905c0dc82fb8fe621c43f53719a55ca,abnormal,6,0,6,2,False,False,225372.83,232150.5,67608.0,383824.0
0906a09b04f8d82c2cad5b820602a403,abnormal,8,0,8,4,False,False,434198.12,505561.5,27135.0,768966.0
090b30ca55ab2a592cd3b24c9407a2bf,abnormal,7,0,7,3,False,False,71311.71,90706.0,12887.0,106928.0
09175449df9374e0f6afe517f7b6249f,abnormal,5,0,5,4,False,False,48504.0,59295.0,19065.0,85800.0
091ce012ed7cb036288d2abdb32504c2,abnormal,16,0,16,6,False,False,207195.94,235426.0,25856.0,389675.0
09376dd7b6deaec0aaf1a2feb7833245,abnormal,7,0,7,4,False,False,44780.43,24684.0,6901.0,92016.0
095c13d937c0dd9f547035344ba6c6c4,abnormal,4,0,4,2,False,False,20978.0,19759.0,5985.0,38409.0
096688dacee6b1a1a5660ad15024a6f9,abnormal,5,0,5,3,False,False,120442.8,138263.0,49583.0,182625.0
09790cae0f405ce0fe4b003dadfc18c7,abnormal,5,0,5,2,False,False,357537.4,391210.0,103323.0,594244.0
097c63f9c6d46cfe5bd4937f277fbdbd,abnormal,11,0,11,5,False,False,111901.0,88704.0,8428.0,310689.0
098d7923f09b8f6f163143ad97dacc12,abnormal,5,0,5,2,False,False,160946.6,85067.0,50398.0,333890.0
09afc85ef67340016e0c8a1c70163769,abnormal,3,0,3,1,False,False,113837.0,111510.0,101120.0,128881.0
09b85abab0d2b7f151815538100717b2,abnormal,9,0,9,3,False,False,265646.33,150230.0,42636.0,699066.0
09b9674023305cb9a0acb367600efffa,abnormal,8,0,8,5,False,False,169576.88,132495.0,65610.0,424723.0
09c9887c189f99704b452f193a40eaf7,abnormal,4,0,4,2,False,False,164291.0,166534.0,108916.0,215180.0
09d6b99ffec66ae485de851924187bfe,abnormal,8,0,8,4,False,False,19555.12,18285.0,1364.0,48440.0
09df460412ce705d0f634436f518f46d,abnormal,7,0,7,4,False,False,201242.71,100317.0,29892.0,604118.0
09ebaedff630f8fa4d5d752f0beb34f2,normal,0,0,0,0,False,False,,,,
09ee91a2120006e587d2e63c7bf0230f,abnormal,5,0,5,2,False,True,449880.2,665769.0,59520.0,725487.0
09f0b00bd079304f72c079d369925aee,abnormal,13,0,13,6,False,False,62609.15,41724.0,12354.0,230120.0
09f9a62fceffacc4d062a7fe24a626b8,abnormal,26,0,26,6,False,False,320962.85,171514.5,22042.0,1296240.0
09fca09845746d28dcda4981a8632bd7,abnormal,3,0,3,1,False,False,83730.33,75600.0,71838.0,103753.0
0a072917005494298d153c01bbd8f689,abnormal,10,0,10,7,False,False,82587.5,45594.0,8938.0,249065.0
0a0ac65c40a9ac441651e4bfbde03c4e,abnormal,3,0,3,1,False,False,688922.0,659406.0,657516.0,749844.0
0a114862f10f4021fa7fd916b93aea94,abnormal,4,0,4,2,False,False,145605.75,112686.5,109460.0,247590.0
0a14aeaf02d42990d8bb5d55270b7274,abnormal,13,0,13,5,False,False,184463.08,141505.0,16074.0,415000.0
0a16dc6491142ff8c7c36f3b3f4ebd02,abnormal,6,0,6,2,False,False,547305.0,535052.5,86564.0,987360.0
0a1aef5326b7b24378c6692f7a454e52,abnormal,3,0,3,1,False,False,188089.0,186960.0,130398.0,246909.0
0a2d01ecb9e01cf972c1e1d31ccacb98,abnormal,4,0,4,2,False,False,292229.0,337288.0,63756.0,430584.0
0a411e44ec67f3d5d80a5b3d5a3edca3,abnormal,10,0,10,4,False,False,388806.4,280565.0,9048.0,1143027.0
0a425edf1164ad0a73e8b092c4cc8b3b,abnormal,22,0,22,6,False,False,113884.45,70750.5,8757.0,418656.0
0a475ad0b37bba0c638bbbe2ee5d355d,normal,0,0,0,0,False,False,,,,
0a4fbc9ade84a7abd1680eb8ba031a9d,abnormal,13,0,13,4,False,False,462601.31,375360.0,15080.0,945642.0
0a50d4ee79163edbf6f2d5c3082c2f51,abnormal,6,0,6,2,False,False,195436.33,156550.0,67280.0,385594.0
0a61578e3d77b1cebc86d13a41efa31b,abnormal,6,0,6,3,False,False,78396.0,74551.5,5400.0,149818.0
0a678538e529b9f1089c47bb2ffcda9b,abnormal,6,0,6,2,False,False,225205.5,220641.0,71250.0,401001.0
0a695a94168b32705b91779586c6b2e7,normal,0,0,0,0,False,False,,,,
0a9909b1cd924cd593151ba2d3d3dd55,abnormal,6,0,6,3,False,False,595063.83,566941.5,99484.0,1113750.0
0aa05f2d84af7e6e733730afa17eac2d,abnormal,3,0,3,1,False,False,99458.67,97608.0,88160.0,112608.0
0aad4ac2ea24742e3f9de3d29fae6d95,abnormal,8,0,8,3,False,False,120283.0,44120.5,5841.0,295740.0
0abd4fc2425edd5c2efb2c149e9319c6,abnormal,15,0,15,5,False,False,78712.73,53246.0,40500.0,129467.0
0ac383fcdc6f1957b3ecceaf0acec909,abnormal,13,0,13,4,False,False,77708.85,26520.0,2193.0,373176.0
0ad98c531de3616cc63a92d6cf871494,normal,0,0,0,0,False,False,,,,
0b0e106a53f9dc3b28a9b15f94510b7a,abnormal,27,0,27,8,False,False,350539.37,518028.0,14224.0,760728.0
0b1b897b1e1e170f1b5fd7aeff553afa,abnormal,9,0,9,4,False,False,256214.11,285000.0,112690.0,377520.0
0b22826cc68b8d3177c5be2f4e1ae720,abnormal,5,0,5,2,False,False,266454.0,195072.0,134540.0,434148.0
0b36cce0b170c34b8c11fd15b42324b2,normal,0,0,0,0,False,False,,,,
0b3f09a003f9cbc1e8c54f230be2ba2d,abnormal,4,0,4,2,False,False,362816.25,432442.5,130560.0,455820.0
0b4c3cb187f7582fa482b8f0fded6bd7,abnormal,10,0,10,5,False,False,85714.1,64428.5,2805.0,222275.0
0b5213c456c26b48ca011b9865c4e6ce,abnormal,9,0,9,5,False,False,442158.33,499626.0,135992.0,698164.0
0b6006be69ea1764f9bf80e5091b1e8e,abnormal,6,0,6,3,False,False,273365.17,278789.0,20068.0,515504.0
0b62bc6644be72ce4dfa5ea77a77f311,abnormal,9,0,9,3,False,False,179281.67,135792.0,26062.0,426132.0
0b630100496870b457008b0f7dae1ea5,abnormal,4,0,4,2,False,False,211960.75,204290.5,65636.0,373626.0
0b7995c5e532803dc1bd077eaa4d2a01,abnormal,7,0,7,3,False,False,193434.71,130382.0,15750.0,446555.0
0b98b21145a9425bf3eeea4b0de425e7,abnormal,14,0,14,6,False,False,475672.0,395284.0,162400.0,1394123.0
0bb76fb5f7cfb1dd4c3760f7481a1d05,abnormal,3,0,3,1,False,False,141013.67,152570.0,96255.0,174216.0
0bdf902cc4ac4ad2c49059960f572ab2,abnormal,3,0,3,2,False,False,239076.67,269806.0,169246.0,278178.0
0be2bdac4e84982ad1b24830d2cce470,abnormal,6,0,6,3,False,False,188061.0,137022.0,47800.0,385632.0
0be45114544283beb4f6d371f946e889,abnormal,8,0,8,5,False,False,108460.62,96967.5,8760.0,273076.0
0bed7f179df709d35aef763544ebfebf,abnormal,6,0,6,1,False,False,50534.33,49086.5,21960.0,94839.0
0bee0cde729de2d82b39527c37f11934,abnormal,8,0,8,4,False,False,395827.0,420631.5,17728.0,767802.0
0bef06d948ac1fe20ade505ba9960885,abnormal,7,0,7,5,False,False,144520.43,110889.0,8280.0,358512.0
0bffe44ef7636e7b4a7b9fd883e8e6ea,abnormal,4,0,4,2,False,False,308343.0,322960.0,97980.0,489472.0
0c0e47b7e0ebd10209a81d01e3c889a6,abnormal,3,0,3,1,False,False,399770.33,397380.0,377696.0,424235.0
0c11bc2eb3de5bd737ae186aea0d0306,abnormal,5,0,5,2,False,False,244830.8,166332.0,96280.0,432280.0
0c2079e62ddfb06a8a5300cefaa3a970,abnormal,13,0,13,6,False,False,89964.69,41925.0,5934.0,249381.0
0c25b330d5b20498108b343c644f2a1c,abnormal,6,0,6,2,False,False,201390.5,205782.0,64106.0,309915.0
0c31081e8ada2990bcbef0f12ea60b07,abnormal,15,0,15,6,False,False,102218.27,67694.0,22000.0,286528.0
0c4a6bc602d1d207f217212c68a7131b,normal,0,0,0,0,False,False,,,,
0c577dc6594dab44ebbd6964de673eaa,abnormal,11,0,11,6,False,False,234828.0,250325.0,88665.0,388696.0
0c5ef740a9befbf439439f0b8e652a0c,abnormal,3,0,3,1,False,False,201379.33,188212.0,161136.0,254790.0
0c5ff01c7bfb4362fcd98f36e555b08c,abnormal,17,0,17,7,False,False,148615.71,93436.0,39289.0,357376.0
0c684171749ce2c0c601b9d69b882edb,abnormal,7,0,7,3,False,False,346188.0,134142.0,65184.0,1083630.0
0c6a7e3c733bd4f4d89443ca16615fc6,abnormal,28,0,28,10,False,False,498027.96,352977.5,17015.0,1698600.0
0c76c19b3f015e0387dd2adcbef86182,abnormal,8,0,8,5,False,False,133710.25,95130.0,11932.0,301644.0
0c7a38f293d5f5e4846aa4ca6db4daf1,abnormal,5,0,5,3,False,False,2376419.2,1789958.0,35870.0,4219092.0
0c7d2e66dd63fca8b98c38146ba96f6c,abnormal,4,0,4,2,False,False,162720.5,145980.0,114480.0,244442.0
0c8447ce02d73c505a90a9c7af8c83ce,abnormal,9,0,9,3,False,False,256113.33,317240.0,13392.0,438354.0
0ca39409412cb8e473da701a1418e4dc,abnormal,6,0,6,2,False,False,75104.5,68276.5,27450.0,142504.0
0ca7c951e2298b9aad37ae0deb4d2a92,abnormal,7,0,7,3,False,False,275977.71,127254.0,86940.0,589442.0
0cb91b8fe14a6d51725371b1956750a0,abnormal,6,0,6,4,False,False,204029.0,149803.5,133464.0,457344.0
0cd291c189895fbdcc14f4d36e1abc81,normal,0,0,0,0,False,False,,,,
0ce7d050a48ce1462cabcd2310e9fb1e,abnormal,3,0,3,1,False,False,98613.0,98069.0,84010.0,113760.0
0cf83a19a8281e4a281dece9854008ac,abnormal,5,0,5,3,False,False,82598.8,58491.0,29714.0,203679.0
0cf8dd905fb4f2f876eb241bf67add40,normal,0,0,0,0,False,False,,,,
0cfae3f740f87ca3b96dec765d06fad0,abnormal,5,0,5,2,False,False,81693.8,96585.0,17608.0,117729.0
0d03df2e9ed557d0c9edcec777056c1f,abnormal,28,0,28,5,False,False,140445.79,29858.0,2600.0,1322364.0
0d0a7a1b8c1495d66ac9c427a36d9f6f,abnormal,7,0,7,3,False,False,167559.0,79624.0,11960.0,337250.0
0d0e4dbe84356f8ec4a4ff7616b4850f,normal,0,0,0,0,False,False,,,,
0d266f5353352d86d3c092da96dc67f5,abnormal,6,0,6,3,False,False,38246.17,34262.0,2280.0,101885.0
0d26f6ebf87258f502f8fba529fe3079,abnormal,4,0,4,2,False,False,243602.5,239206.0,153650.0,342348.0
0d30dc1e0070e7a934f39452e3ad3b83,abnormal,17,0,17,5,False,False,568940.29,326372.0,24490.0,4575318.0
0d3b1464574b7db3d664dc0aa0b66549,abnormal,5,0,5,4,False,False,387888.8,231280.0,91674.0,866172.0
0d5597f8b17330d498fc5e13893e3081,abnormal,10,0,10,3,False,False,146438.2,68688.0,20648.0,395136.0
0d6231a3ed3eefc3ba60353b9ad00816,abnormal,11,0,11,7,False,False,251668.91,191422.0,22797.0,657984.0
0d94045f9e16f077bc6bbdea9f6c561b,abnormal,4,0,4,2,False,False,200321.5,181822.5,1645.0,435996.0
0d96a4bffbd85c60c4eec095f4c6d34b,abnormal,4,0,4,2,False,False,403151.0,482250.0,88208.0,559896.0
0da97c2c8c5192e678faf9290f25d5c0,abnormal,6,0,6,2,False,False,167503.67,165682.5,33775.0,302082.0
0dbdb924a9140849abd4ff650c5356da,abnormal,7,0,7,4,False,False,401419.43,403556.0,223748.0,527216.0
0dc30d30a14a6a68c9bec20ee32331c2,abnormal,6,0,6,2,False,False,301888.17,297836.0,72225.0,544152.0
0dc7b1615100b4f5d3ae294bae0d5d43,abnormal,3,0,3,2,False,False,303786.33,352811.0,70952.0,487596.0
0df187b5072103a0919c1a34be03e7ed,abnormal,13,0,13,6,False,False,246616.85,193060.0,38640.0,498171.0
0e093fa90e5be5666cd396d722cc84ac,abnormal,7,0,7,3,False,False,107161.86,96702.0,3920.0,213405.0
0e1cfc5b78d1a67bd41974ea2be8bc4c,abnormal,5,0,5,2,False,False,325003.4,399789.0,73555.0,546273.0
0e21abbef40e569be72ab0ad90544f87,abnormal,6,0,6,2,False,False,608801.33,675748.0,126266.0,972522.0
0e5734a5483002be04b734d7c88058be,abnormal,4,0,4,2,False,False,172276.25,122708.0,58395.0,385294.0
0e6af94d17007c94d858b3bb7adb7dac,abnormal,13,0,13,5,False,False,552853.38,554484.0,61050.0,1198596.0
0e6da52d629393b3bcf24d8e99c1ea3f,abnormal,10,0,10,4,False,False,43513.0,15200.0,1110.0,131175.0
0e8291c45a5ef61d2d9ecfcf3224899d,abnormal,5,0,5,2,False,False,163842.2,92092.0,77697.0,339430.0
0e87195ff59d4294d61b8bffddb3c03c,abnormal,4,0,4,3,False,False,315348.25,326599.0,186935.0,421260.0
0e88612bd294e249382b9e64d222cdf4,abnormal,12,0,12,5,False,False,199148.0,220867.5,6528.0,399734.0
0e8b19dc3af06aaed4718cd664a896bf,abnormal,4,0,4,2,False,False,284701.25,260406.0,75500.0,542493.0
0e8d3736396b615c0798033f37e4a481,abnormal,17,0,17,8,False,False,494414.35,628256.0,8107.0,1301163.0
0e91263f0b1925ff01d5ebde3ce65e1a,abnormal,6,0,6,2,False,False,160637.67,125555.0,52371.0,309912.0
0ea0bf774e0436aec7d1a1e62074c9cd,abnormal,6,0,6,2,False,False,295473.5,224028.0,152439.0,539728.0
0ea4221d568ab487af7c433a3df6307e,abnormal,7,0,7,3,False,False,34176.71,34038.0,12411.0,55130.0
0eac4cf8618d5e582c336217d0291f25,abnormal,9,0,9,4,False,False,155751.22,156339.0,136782.0,194300.0
0ec4947d689af2a94cc913b312368279,normal,0,0,0,0,False,False,,,,
0ecc5a44cb8163dedbdf8d9049e92344,abnormal,7,0,7,2,False,False,32380.71,35604.0,3360.0,56440.0
0ed4c066492aaa2e6f1772b84417e20f,abnormal,10,0,10,2,False,False,86779.8,57693.0,15096.0,276832.0
0ee6114a53757f4531d42e8b19b4751c,abnormal,6,0,6,2,False,False,392646.83,388055.5,106182.0,739140.0
0f186e3eba8d9ebd51feed957204ddbf,abnormal,15,0,15,8,False,False,120851.53,31208.0,2275.0,413060.0
0f1eba57237922d0f9ec0dee62793435,abnormal,6,0,6,2,False,False,278160.17,281078.0,123156.0,428604.0
0f26e889539ff64afd23927ee40436b8,abnormal,3,0,3,1,False,False,865651.0,912741.0,692280.0,991932.0
0f27846dfa86e51c27db5fe4ea5a52ad,abnormal,3,0,3,1,False,False,70159.0,60112.0,58065.0,92300.0
0f389422bffe0f96dc3da175550e0c5b,abnormal,6,0,6,4,False,False,125017.5,78161.0,2162.0,439264.0
0f45742c4d100eeee221f8853d79c9d4,abnormal,4,0,4,3,False,False,223242.0,199758.0,19276.0,474176.0
0f4fd2b86df83111f83444ee90edbea1,abnormal,5,0,5,2,False,False,163306.4,207949.0,52920.0,229372.0
0f5f23a027345ba0f0a63f1eca460b0c,abnormal,6,0,6,2,False,False,270532.5,262341.0,85540.0,456885.0
0f76d35a022a7188cad9a83e283fdc8f,abnormal,4,0,4,2,False,False,267937.0,300254.5,89000.0,382239.0
0f81902a673f0d826b55ea9dc9da297b,abnormal,3,0,3,1,False,False,389169.67,327651.0,277830.0,562028.0
0f8a78e1090c840b4455772fe92d7586,normal,0,0,0,0,False,False,,,,
0fafbbfb67745f8c29351f9f7263b82f,abnormal,9,0,9,5,False,False,76142.0,18876.0,3132.0,192500.0
0fb6d9a425117670ba7c249b35523434,normal,0,0,0,0,False,False,,,,
0fca086ebe001f784d428aa9973ba691,abnormal,9,0,9,4,False,False,226974.67,90692.0,29184.0,624162.0
0fd981034f74251d4a5d72891940d585,abnormal,7,0,7,3,False,False,149553.29,62400.0,17820.0,370328.0
0ffa24230f7064bcdb313507dce02ae3,abnormal,7,0,7,4,False,False,167419.29,71346.0,23485.0,352302.0
101d984c4172312c93efdd42e37e203b,normal,0,0,0,0,False,False,,,,
101f2420808891cab10b4b2f0c1d2875,normal,0,0,0,0,False,False,,,,
103fb193578933a2d53ae31ff0fc3319,abnormal,4,0,4,2,False,False,56866.0,65415.5,10800.0,85833.0
104b915269077619e2b3bbf641506327,abnormal,7,0,7,4,False,False,129025.43,43962.0,29889.0,270480.0
105c3102661ee24684dc180a32dc7119,abnormal,5,0,5,1,False,False,56980.8,61600.0,23144.0,77968.0
1060e455b64eea9e29ca4a3e05b47557,abnormal,4,0,4,2,False,False,178738.25,220522.5,5980.0,267928.0
1066a058b5bae597f2dbb33780c2577d,abnormal,19,0,19,5,False,False,43529.47,11648.0,2808.0,141191.0
106a3da41d2e3d9f508c09b28e8abdaf,abnormal,3,0,3,3,False,False,348571.67,379639.0,279295.0,386781.0
1070b419b62a9b7b1a8e71cd9504ffb8,abnormal,5,0,5,4,False,False,379609.0,337428.0,15486.0,681527.0
1071b3b85121012c5061894bf3b8704b,abnormal,6,0,6,2,False,False,18668.17,14573.0,8880.0,47696.0
107d7671377160a4a5d708849ed5d331,normal,0,0,0,0,False,False,,,,
1085585ceaf60941fd14db7ad3bb2f49,abnormal,6,0,6,2,False,False,200508.83,175963.5,65926.0,391664.0
10ab7eaa1ef08dea7a899cc893564838,abnormal,5,0,5,2,False,False,312259.8,365307.0,191526.0,447633.0
10e7dac260f11046164aa94f2d8add9f,abnormal,5,0,5,3,False,False,160526.4,99645.0,68105.0,454750.0
10e8248185760938d4cae1f0462af88a,abnormal,8,0,8,4,False,False,57662.0,43803.0,8100.0,170980.0
10f28558b1667b3d30d9e4c44f7a5bc6,abnormal,6,0,6,3,False,False,37014.17,36554.0,33117.0,42752.0
110cd42557499b2bcfe84732b281172c,abnormal,6,0,6,3,False,False,199068.5,148356.5,11656.0,480654.0
1125f1da5766f0392d45630133c7bed6,abnormal,6,0,6,4,False,False,82881.33,76135.0,26400.0,147678.0
112cf0367dd8b6aa14b4e384439d9eb7,abnormal,8,0,8,3,False,False,29846.25,19984.0,900.0,69706.0
112db7d495906f3358852756a87a4bbf,normal,0,0,0,0,False,False,,,,
113274a4ca3c2e72b7ff1bd3ce5006b6,abnormal,7,0,7,3,False,False,307925.86,112739.0,79872.0,638932.0
1133414000e82176ab7852aeacc762eb,abnormal,5,0,5,3,False,False,185213.8,99510.0,67915.0,549945.0
1138649f25528f0ab76c93ac60279ca3,abnormal,5,0,5,2,False,False,147015.6,186000.0,53010.0,217913.0
1146548e94da58c6989a1a6408dfc886,abnormal,4,0,4,2,False,False,358740.5,383783.5,197424.0,469971.0
1148a27d6ea1ec7669de022fe2480890,abnormal,7,0,7,4,False,False,139644.86,107578.0,8178.0,337824.0
11570cdc6847610ab7ff58a076dad709,abnormal,3,0,3,1,False,False,724436.0,708290.0,587350.0,877668.0
116c19c289e285a60ab20cf72090c9fa,abnormal,8,0,8,3,False,False,171537.12,126638.0,21960.0,380034.0
11750f2005f2f50d592c5c5cc145fdfe,abnormal,6,0,6,3,False,False,46733.17,11940.0,1558.0,140760.0
117c218c2534e3d40a6ca0b3d724eb24,abnormal,7,0,7,3,False,False,64249.43,41415.0,15051.0,142400.0
119bc2dba30b0ba7995e189504126ed1,abnormal,5,0,5,3,False,False,376816.2,516596.0,26196.0,651384.0
11b3a0fe7f25bbe7643c60bcb14c35f5,abnormal,22,0,22,3,False,False,65072.95,13103.0,5304.0,610793.0
11b47878746ba8728eda0f9eed048639,normal,0,0,0,0,False,False,,,,
11cfa1a5b04bd1eaa319d08cdb308bb9,normal,0,0,0,0,False,False,,,,
11d5cd186965cfe8e615157e492e34bb,abnormal,4,0,4,1,False,False,46128.0,47041.0,9632.0,80798.0
11dbd33fc77075c94a202362ed8e197e,abnormal,13,0,13,8,False,False,357531.08,160290.0,23560.0,1161984.0
11e41fba7056177c8654b7b7408a4ed3,abnormal,4,0,4,2,False,False,382826.75,453277.0,112752.0,512001.0
1224f07d895107573588225f692e94f9,abnormal,3,0,3,1,False,False,69361.67,66975.0,65766.0,75344.0
12268c1ea761140eafee75acabc44fb0,abnormal,6,0,6,2,False,False,333960.33,321748.5,123250.0,616848.0
12399d5b08e5342ade37a56b9c9e5ac5,abnormal,5,0,5,2,False,False,174702.4,146971.0,86332.0,313872.0
1245f853816564c0ee3f1b9e93521ff0,abnormal,13,0,13,6,False,False,223122.23,77518.0,6510.0,917388.0
124ec853c372fcf7f4428b26b32be62f,abnormal,3,0,3,1,False,False,1223149.0,1237819.0,922720.0,1508908.0
1250c704cc9307bf84b43f1aca4d997b,abnormal,4,0,4,2,False,False,133469.5,89661.5,62624.0,291931.0
1254518b2893f58324e93f375cffbd6c,abnormal,10,0,10,5,False,False,309946.3,334620.0,76680.0,512512.0
1259ee6feb64a552e3521ddcb395888c,abnormal,10,0,10,2,False,False,488451.0,526962.0,263667.0,687208.0
126ae7336c7776a82bf3c15c0c6751c0,abnormal,7,0,7,3,False,False,161050.14,94900.0,45756.0,290191.0
12735a3e6ae44fe59babe2a618dbc450,normal,0,0,0,0,False,False,,,,
127f66766091998a72268caf4ec34bef,abnormal,14,0,14,4,False,False,112180.86,30398.0,2346.0,546560.0
1280dc55c1ff852024be232c2942e3fd,abnormal,10,0,10,4,False,False,241851.2,92507.0,23828.0,917487.0
1283d5ba97663aef3b97ee4f1884e9f9,abnormal,5,0,5,3,False,False,145931.2,125780.0,103008.0,258258.0
128f55a981d4192a2990946431a7469b,abnormal,12,0,12,3,False,False,82789.58,54628.5,28098.0,269206.0
1296335140a042ff0270825cdae2fa09,abnormal,18,0,18,6,False,False,137704.67,12674.5,3795.0,1014314.0
129a1e7753432edd052a2cdbfbaee00e,abnormal,11,0,11,6,False,False,355515.73,370125.0,127328.0,705740.0
12bd4c85000b33c532fb9d57b5f2a08e,abnormal,6,0,6,4,False,False,160894.83,172200.5,6552.0,364455.0
12ccbda1f9c224e5d5496cd7fe3d26d7,abnormal,6,0,6,3,False,False,128078.5,77919.5,19402.0,298350.0
12d8de45e35e8b8c896109bfb46f8a82,abnormal,6,0,6,2,False,False,167236.17,113373.0,57886.0,332024.0
12e0e910766f2d1b1ccda7c32051643f,abnormal,6,0,6,4,False,False,107298.83,58366.0,23430.0,381236.0
12eb6f4552609edfddfc69189e7c891e,abnormal,6,0,6,2,False,False,160029.67,151738.0,37810.0,318087.0
12ede510c82b53705e33fa758ff03131,abnormal,11,0,11,7,False,False,58421.55,35870.0,3696.0,254220.0
1302aab3d9d19f6bcb9db728e3ce6306,abnormal,6,0,6,3,False,False,190835.83,138622.5,16320.0,377888.0
13088cbf40717bace59ef0961554c08f,abnormal,13,0,13,4,False,False,359795.46,157760.0,48556.0,1609101.0
13183cb48b0aae02e88c3f45547d393a,normal,0,0,0,0,False,False,,,,
131adb006bb6b9dcc365b3e645f8a47e,abnormal,11,0,11,3,False,False,297924.82,79442.0,10858.0,1442040.0
133a63179438173357f3c4a705c59c06,abnormal,6,0,6,2,False,False,285042.5,242207.0,140178.0,569748.0
133e82d124d799fedca8146107d2c5e7,abnormal,4,0,4,2,False,False,150057.5,97267.0,67071.0,338625.0
133ed9054828b0e75987e00217aef89d,abnormal,4,0,4,2,False,False,274825.25,270648.0,118300.0,439705.0
134cd4124bd1d75563cb47732742e331,abnormal,9,0,9,3,False,False,67918.89,32007.0,12600.0,164703.0
135101b508a998968ea963ebacd63ecb,abnormal,7,0,7,2,False,False,211559.43,52662.0,15000.0,526830.0
1374c483d258203eadf6c6a525899d51,abnormal,19,0,19,3,False,False,172455.26,10476.0,1435.0,1460368.0
13776ecb39222a7aaace2d9721abebbe,abnormal,7,0,7,4,False,False,1701806.29,1561248.0,286710.0,2764671.0
13ceff5f3d113919c224c8b42d3c2411,abnormal,9,0,9,5,False,False,235943.56,77000.0,39837.0,578817.0
13dbf07cb1c5273a89053346f7acf0f1,abnormal,7,0,7,3,False,False,302355.43,137250.0,25125.0,758595.0
13df80547c48fd7d14d22e9322f4a17d,abnormal,5,0,5,3,False,False,55986.8,2520.0,1760.0,136680.0
144b76b191aa1e02065903ee1cc3d578,abnormal,19,0,19,5,False,False,236110.21,105225.0,2040.0,729960.0
144d37bbd2dea37c4b1286207f4ba909,abnormal,5,0,5,3,False,False,314992.4,172527.0,34080.0,640915.0
144e272e04daf6ac8d36548ea766da37,normal,0,0,0,0,False,False,,,,
145177b578f321dbf3016984059384d7,abnormal,5,0,5,2,False,False,178325.8,90270.0,49949.0,376932.0
1451cd2c3fcfc23f5ae219814bb27e77,abnormal,7,0,7,3,False,False,201802.57,121992.0,6660.0,415722.0
145691883baff4df3e4863ca6354c44e,abnormal,17,0,17,7,False,False,351853.0,357368.0,77140.0,573160.0
145bbf5912e81c52ceac691693dfc716,abnormal,8,0,8,2,False,False,87872.12,76418.0,52481.0,121950.0
14600a97b1c302343b1b5850ed53ae13,abnormal,16,0,16,6,False,False,630516.44,482060.0,43549.0,1543344.0
14629917f69e21145d1e662ef6c0dc2e,abnormal,3,0,3,1,False,False,145971.0,151085.0,131400.0,155428.0
146584f4913fd351785bf9159fd17617,abnormal,8,0,8,5,False,False,161945.38,126969.5,12159.0,408813.0
14742737297b34ac440a0338877663ac,abnormal,8,0,8,5,False,False,136981.75,84537.0,2484.0,441870.0
14783d2f57f9c689d827892bbe112cb8,normal,0,0,0,0,False,False,,,,
14877acfaf8e3b25d9f089e15887c20d,normal,0,0,0,0,False,False,,,,
14a097373f1e4e57878c3929fd2f3b4e,abnormal,12,0,12,5,False,False,93362.17,85746.0,34443.0,152600.0
14c5c3e0782fd77750815c5d2b565e72,abnormal,8,0,8,4,False,False,39371.5,39432.5,6205.0,55488.0
14f8770d112738119f0f31ee75e8fc41,abnormal,8,0,8,5,False,False,87065.0,73109.5,18300.0,239712.0
14fbd0bf63f33188f29e54275fb7cafb,abnormal,7,0,7,5,False,False,93062.86,95170.0,23345.0,167757.0
14fcb6bd9c455b96a9c5f1a7b1229001,abnormal,5,0,5,2,False,False,217434.8,255152.0,56120.0,371280.0
150cfe73d6dd162e02e1bc799a9d71e0,abnormal,8,0,8,2,False,False,50139.25,37802.5,7980.0,110888.0
150d9b226334d9f3471d088307cdc5fd,abnormal,7,0,7,3,False,False,224761.14,110460.0,61166.0,492528.0
1516651227a420f879b4cea1500ee7db,abnormal,6,0,6,2,False,False,227321.67,226091.5,46000.0,396704.0
151893dad65d5077f5a377fc9d0e6881,abnormal,19,0,19,6,False,False,193620.58,123600.0,23800.0,625559.0
151a8ce59aa6e414ee8a9c9d711cee61,abnormal,9,0,9,6,False,False,211584.56,74304.0,12272.0,559350.0
151aade5871241a6deb39da83b9d2c47,abnormal,6,0,6,3,False,False,241907.17,218987.5,18128.0,505780.0
152cc961492edc9e778b6c337f971258,abnormal,7,0,7,3,False,False,98964.71,75768.0,5265.0,272376.0
153da4dfa81a43cdf1176f7859a567e5,abnormal,5,0,5,2,False,False,270752.4,164220.0,133900.0,506760.0
153fd46b282d26c98f85a5886214535e,abnormal,6,0,6,2,False,False,174994.0,165114.0,33507.0,334282.0
1547a22e323240aa623eaa8dcf86d126,abnormal,3,0,3,1,False,False,99101.33,96899.0,83834.0,116571.0
156620bd19b7dee86079be71d26bd87e,abnormal,4,0,4,2,False,False,130716.0,135267.0,64152.0,188178.0
157f5f6e3b028ef503ff946b28afaa92,abnormal,3,0,3,1,False,False,569232.67,540582.0,481572.0,685544.0
159c46115f7d74337f83074f1b99114d,abnormal,8,0,8,3,False,False,369456.0,312757.0,12710.0,843296.0
15a12089e9c773cb200ee8959740e1b3,abnormal,19,0,19,7,False,False,145852.58,93318.0,6935.0,554226.0
15a71d5f1e9a0221e14cde0e0d1a2ccd,abnormal,5,0,5,2,False,False,172002.8,241056.0,33415.0,281112.0
15acee7728e6530dfa2bd01521c7148d,abnormal,8,0,8,5,False,False,1576889.12,2210464.0,78396.0,2890090.0
15b164c54f0bf0baac308b47a45a1468,abnormal,14,0,14,7,False,False,190499.71,108306.0,33174.0,550343.0
15c3fc505c414c69ba757cb3be3ed213,abnormal,24,0,24,5,False,False,24116.67,5650.5,3120.0,176688.0
15edc6ae9aebe34220472aa7fcf34b08,abnormal,4,0,4,3,False,False,490259.25,506897.0,71225.0,876018.0
15f016248709de49e2b725bda5cdd787,normal,0,0,0,0,False,False,,,,
15f023463d88b8f8bc852a9a7b72e6e3,abnormal,14,0,14,5,False,False,770848.79,1065065.0,51246.0,1527030.0
16041095041e6b5afb13e8da17bf45b4,abnormal,5,0,5,3,False,False,89045.4,52117.0,21600.0,283122.0
1606093b9d036cda7e30316ada6ea2cf,abnormal,19,0,19,6,False,False,17635.37,11628.0,5104.0,90210.0
161166af30d6753f31cffc4d28a6f31d,abnormal,4,0,4,2,False,False,137355.5,99188.0,75690.0,275356.0
16241940f17e8c7aae3e6236b25a7c84,abnormal,3,0,3,1,False,False,241453.0,237380.0,181888.0,305091.0
1625249b80df13df89d06b2c30877a1e,abnormal,9,0,9,5,False,False,74759.67,98044.0,5824.0,140480.0
163898fbc57f00f58ad27e72031a541f,abnormal,6,0,6,3,False,False,23734.67,21929.0,15618.0,42824.0
16565752b931dfbec4b042b26786401a,abnormal,4,0,4,2,False,False,88642.25,87727.0,21525.0,157590.0
1659dcad9ea4f12c3c91b5702e800669,abnormal,8,0,8,3,False,False,31655.5,26246.0,9504.0,79230.0
167a1190bb99a8d01efdd75802745376,abnormal,22,0,22,6,False,False,115983.41,106967.0,10350.0,332775.0
1688c69504b9fd2179225d4b03e677c0,normal,0,0,0,0,False,False,,,,
168ff8ed5a696e2b1270b6449a996cd5,abnormal,10,0,10,6,False,False,139165.5,99256.0,3969.0,374060.0
1691ab3a82040297355b59a34c1e3fa9,abnormal,20,0,20,9,False,False,106872.15,75898.0,15544.0,279882.0
16b02dc3b4e8deb6c1cc686c9ef911dd,abnormal,15,0,15,5,False,False,50015.87,12954.0,4512.0,221057.0
16bd4511e7391b3e3d7da90b6c2653d0,abnormal,17,0,17,7,False,False,145064.94,99161.0,7791.0,440398.0
16edfb76036ad3b10d9479e16ad7e92a,abnormal,8,0,8,4,False,False,190484.12,77992.0,9021.0,519684.0
16f1b7bb98b1a38f6fee5caf9460e4e1,abnormal,5,0,5,2,False,False,178370.0,238856.0,34770.0,289398.0
16fbd1b86994c47ddd120cf5d410033e,abnormal,6,0,6,2,False,False,153471.0,138675.5,35708.0,288184.0
1700104c53dad4e23980cc44dfec1b64,abnormal,7,0,7,3,False,False,298825.0,251120.0,22876.0,782947.0
170709246c0ac68fa305fb3acc2cfb77,abnormal,6,0,6,3,False,False,299700.5,328230.0,68799.0,445214.0
171c5e2bbf7f95d2fb60a8bd81dc9d37,normal,0,0,0,0,False,False,,,,
1720ee54631aff23784053fe1719dfdb,abnormal,5,0,5,2,False,False,313206.2,295260.0,94457.0,545292.0
1722c7262a821be25de56e351d641993,abnormal,6,0,6,3,False,False,384133.0,451263.0,78638.0,649558.0
1725b46578ff86f1a8d21b10d4d4699a,abnormal,8,0,8,5,False,False,125522.75,68829.0,11096.0,352205.0
17285d4b3bcac950397f548d1d715043,abnormal,6,0,6,2,False,False,257863.5,240414.5,69688.0,470016.0
1730d2ebd1cc96e9e5656cdf916ac7f8,abnormal,8,0,8,7,False,False,288422.38,332165.5,19890.0,559116.0
1734a9172a7aa8106b1f32bf7b280e28,normal,0,0,0,0,False,False,,,,
17381ffc2b43778487e782dbb5cb963a,abnormal,8,0,8,5,False,False,482410.5,287073.0,24156.0,1266012.0
1756a285d1bc917bbe55024b0727a836,abnormal,10,0,10,4,False,False,168491.4,24283.0,6192.0,593400.0
175e3663cc06a6d4ee39f8f9fa7f9183,abnormal,4,0,4,2,False,False,48109.75,39462.0,5110.0,108405.0
17791317b59d89c03ce7a15826e1b876,abnormal,9,0,9,4,False,False,290522.22,245575.0,29520.0,843700.0
178fec733e92dffa7bdf5b6a0b0d54b7,abnormal,12,0,12,4,False,False,119000.42,81618.5,4450.0,376298.0
179c892993a09dd56d4d09be53489d74,normal,0,0,0,0,False,False,,,,
179caec60f7bf3c620c28350354861a1,abnormal,11,0,11,5,False,False,447436.18,510964.0,71456.0,794282.0
17a34d586de2a9e5a440755ea530ce5d,abnormal,7,0,7,3,False,False,343150.71,450006.0,97020.0,543848.0
17a43dc27cccda142f5d54d378f4aed7,abnormal,8,0,8,3,False,False,352607.62,450854.0,88145.0,641844.0
17b6cfad0ea2ecd3b9511743a608bcb7,abnormal,7,0,7,2,False,False,32476.14,26675.0,8208.0,72336.0
17c2cd33dd23c4ae46c9738e3c346531,normal,0,0,0,0,False,False,,,,
17c980696d1aa513ab00665f1eff7bd6,normal,0,0,0,0,False,False,,,,
17d5b60d0b5decddb51eba55dc4a514b,abnormal,3,0,3,3,False,False,72180.33,73041.0,52640.0,90860.0
17dc4a83558d835efd5f7d6f110f07f3,abnormal,9,0,9,5,False,False,86992.56,64350.0,5727.0,311984.0
17eea018beec6ef78ec675919080e6a1,normal,0,0,0,0,False,False,,,,
1812172c7ad3771c05d1238bb3066217,abnormal,28,0,28,4,False,False,50001.32,7075.5,1558.0,510192.0
181a28291c7bc0a6a721a5759c01fd34,abnormal,22,0,22,8,False,False,107613.55,41888.0,7560.0,438730.0
1820dac3aa7e69930923b2f7a7bb14c1,abnormal,3,0,3,1,False,False,154382.33,144628.0,136594.0,181925.0
183015e171f5159d7e60d43578632a3f,abnormal,6,0,6,4,False,False,91919.0,26131.5,9250.0,412032.0
1831b088f3a62617cb5cacc3d852cd3c,abnormal,6,0,6,2,False,False,291687.33,252637.5,65199.0,605705.0
18384bcf54af7c121723805cbd00f44d,abnormal,7,0,7,3,False,False,150621.71,53460.0,13620.0,478610.0
18533a53425600e4da1e36085cbad104,abnormal,6,0,6,4,False,False,100140.33,109559.0,9592.0,153360.0
18759bb253200a7c5fef22b00d05496b,abnormal,4,0,4,2,False,False,127118.5,94661.0,84810.0,234342.0
18a3dd5dcbabc9484be39f9f2f6c0756,abnormal,11,0,11,5,False,False,24635.82,19125.0,1118.0,61360.0
18a5c8860abc63dbef3627d3e5efd951,abnormal,9,0,9,4,False,False,161283.89,116616.0,3430.0,365211.0
18a61a07e6f5f13ebfee57fa36cd8b6f,abnormal,10,0,10,5,False,False,87583.6,94702.0,13965.0,154440.0
18b362567e282e3ada32ee486ea6bad1,abnormal,13,0,13,7,False,False,160882.38,205534.0,5544.0,388076.0
18ca65f3991cd9e0339abe5d0dcdfc71,normal,0,0,0,0,False,False,,,,
18d37c314615dede5fb25722c8b2ee04,abnormal,3,0,3,1,False,False,330230.0,324696.0,286090.0,379904.0
18e5f8a372c20c95b78d49ce1ab39f16,abnormal,4,0,4,2,False,False,98907.25,46005.0,36157.0,267462.0
18e91ea53a6b6829c70ae2d762605c21,abnormal,6,0,6,2,False,False,337770.33,304845.0,102204.0,621010.0
18ee5156937f823acee35e15110c6521,normal,0,0,0,0,False,False,,,,
18ee9ef3baea468de2087e0edd85e919,abnormal,10,0,10,4,False,False,149924.0,75676.5,15096.0,408960.0
1912296cce436028085697480121b4eb,abnormal,4,0,4,2,False,False,262776.5,317683.0,49350.0,366390.0
1915f70378cedb6947df0126db6e8aad,abnormal,4,0,4,2,False,False,318406.75,381164.5,47670.0,463628.0
191af4a0c5c47c05b06b88f7d6ec671d,abnormal,3,0,3,1,False,False,126656.0,133408.0,109416.0,137144.0
1932e3ca2084c4ef9ee98c747cd21f16,abnormal,10,0,10,5,False,False,89889.5,107221.5,23684.0,150255.0
19417bae94986e8c122ae6efd92e3997,abnormal,9,0,9,3,False,False,482909.67,267938.0,17262.0,1432233.0
1951e0eba7c68aa1fbd6d723f19ee7c4,abnormal,9,0,9,3,False,False,84082.44,40920.0,9073.0,239085.0
1981a0c4cdbb5d4eeb9c2572813a453f,abnormal,4,0,4,3,False,False,62364.5,63699.5,14224.0,107835.0
198302ef60405a8889da8fedd5a98ebc,abnormal,6,0,6,3,False,False,182660.33,199685.0,13846.0,342489.0
19850eb0ba7a72faf4b329254ab42828,abnormal,14,0,14,6,False,False,76665.5,53738.5,2478.0,277200.0
19b1cd4c282515de8cc36d61c45e096d,abnormal,3,0,3,1,False,False,39676.33,43432.0,31329.0,44268.0
19b90a86dccdc11c785cc955ee22db2f,abnormal,6,0,6,4,False,False,404770.33,455634.0,54026.0,697476.0
19c193dfd9cd25eaaed6196a21ccafda,normal,0,0,0,0,False,False,,,,
19da7247b897983617e17c69636620ad,abnormal,13,0,13,6,False,False,358229.46,355000.0,41553.0,741425.0
19f915a7d8d00addb6a4846e623b4bfc,normal,0,0,0,0,False,False,,,,
1a1502956162c21302d1601668a7f565,abnormal,3,0,3,1,False,False,66075.0,56115.0,52650.0,89460.0
1a2d61ed3ccdc6c3a230ef73ae6adc4a,abnormal,6,0,6,2,False,False,143970.17,120911.5,47686.0,272074.0
1a39c8cd556ab64679d04d440466a2f5,abnormal,9,0,9,4,False,False,224282.56,161588.0,5014.0,559874.0
1a414a1cb6b545c2ee4de4abede481c7,abnormal,13,0,13,4,False,False,406272.77,130800.0,9272.0,1582276.0
1a4a1dfe32d84179b5ab03e56532bcde,abnormal,9,0,9,4,False,False,316758.67,293594.0,25134.0,606492.0
1a4b73e47f99ce15af33427cc16ecc74,abnormal,6,0,6,4,False,False,12246.83,7533.0,5537.0,23040.0
1a4f3604083f0bb00c748cd1c19236c2,abnormal,9,0,9,5,False,False,74143.67,49933.0,12852.0,251514.0
1a6380efb810f2c8fbae25143ab93773,abnormal,7,0,7,5,False,False,355627.43,460944.0,13452.0,630500.0
1a85266eec98f756269a91a56d5fb1a8,abnormal,6,0,6,3,False,False,223855.33,230122.0,9359.0,411536.0
1aaa4b217affae30113bd3a7a384a4c7,abnormal,15,0,15,3,False,False,175613.07,160719.0,20292.0,386729.0
1aaab6baefab214419016ad2f3175120,abnormal,6,0,6,3,False,False,209592.17,133942.0,24115.0,444528.0
1ac1cb704bf021b7f462182beb082291,abnormal,9,0,9,4,False,False,229422.22,158240.0,21560.0,530670.0
1ac82901d20fd381f9aee67859846cef,normal,0,0,0,0,False,False,,,,
1acd93cf651789703cd37ab249f58580,abnormal,11,0,11,7,False,False,242573.82,163349.0,1600.0,645120.0
1ad1420c6bf26f67e1f0d1140e938efd,abnormal,6,0,6,2,False,False,170810.67,150037.0,80969.0,342035.0
1ad9acab15f15722dada12e90242178c,abnormal,7,0,7,3,False,False,74861.86,87248.0,21225.0,103523.0
1adfe6d01589ad3a646a459bb360d5c4,abnormal,4,0,4,2,False,False,142108.75,79232.0,48391.0,361580.0
1aebe196c344ddae48ec99b142bcf4c2,abnormal,4,0,4,2,False,False,82011.5,93178.5,25265.0,116424.0
1aef7fa409ee0cb4579032577e02e9cb,abnormal,24,0,24,6,False,False,778906.08,907543.5,40700.0,1210719.0
1b0adf573618b9d4c94b1890852179a0,abnormal,7,0,7,5,False,False,123454.86,12948.0,8208.0,425238.0
1b10ae5a7c9530537364360383fa6667,abnormal,7,0,7,3,False,False,150924.29,102714.0,26700.0,279763.0
1b2a7adb5705d9e3f5b63939046d93c7,abnormal,22,0,22,8,False,True,701827.0,987085.0,29646.0,1329950.0
1b3379be7c72c3ae5404df423ed74388,abnormal,9,0,9,4,False,False,455217.78,372708.0,95225.0,1259966.0
1b420f79b18aeb2c7644d4998d313f37,abnormal,9,0,9,4,False,False,114941.44,68500.0,14725.0,514952.0
1b44e26dcb2892268d5326bf44ccd2b3,abnormal,8,0,8,4,False,False,188091.62,146065.0,1638.0,408704.0
1b4daa200fc8f2a3c792ca61b7c8857d,normal,0,0,0,0,False,False,,,,
1b5f927abb8fd8e0800d2ad31a5620c1,abnormal,13,0,13,7,False,False,34810.0,29145.0,5600.0,86792.0
1b6b4e0d7f5f7d7ad2bf8b70783244be,abnormal,7,0,7,2,False,False,454293.29,478639.0,16240.0,762000.0
1b6c09c247c93d8fd21adf55814476fb,abnormal,4,0,4,2,False,False,334721.25,386150.0,55029.0,511556.0
1b6fbfb87455d2145db222bc4c3e9875,abnormal,7,0,7,3,False,False,19012.0,19440.0,9568.0,28356.0
1b7fbab20af688131ddebff7bf473879,abnormal,5,0,5,2,False,False,124125.6,68904.0,45312.0,245504.0
1b90f72310730c8e045e85e8b60c308d,abnormal,5,0,5,3,False,False,131042.2,109347.0,71724.0,194481.0
1b95d6b2be1f6e89e865704024d1944b,normal,0,0,0,0,False,False,,,,
1ba0b6688726a0efd3641d086a4dee35,abnormal,7,0,7,2,False,False,160504.71,108768.0,29637.0,345280.0
1bb134a3fb426b7a805ad086164ed865,abnormal,4,0,4,2,False,False,330169.5,347026.5,125640.0,500985.0
1bbd7232924e951e7fa87ffa0f62ec3d,abnormal,8,0,8,6,False,False,255401.12,100351.5,61671.0,576963.0
1bc4c3008d6a7144722daa35a7ff2b00,abnormal,6,0,6,4,False,False,271670.83,289300.0,1566.0,527058.0
1bcf6203521944e6222a000fec9fab38,normal,0,0,0,0,False,False,,,,
1be94a4e06067c5ecd66488cad60a087,abnormal,6,0,6,3,False,False,283708.67,230776.5,120643.0,502900.0
1bf0c30ec9cf3abe34938787e5f9fc28,normal,0,0,0,0,False,False,,,,
1bf31ecce06f5cab7b82b36daea676b6,abnormal,8,0,8,5,False,False,126203.5,92259.0,30607.0,429135.0
1c1a57cb8b3893348ecfb6e704a1b87e,abnormal,3,0,3,2,False,False,199127.67,159418.0,140505.0,297460.0
1c1ef26e3b3323f74041f6dd2371cd24,abnormal,6,0,6,3,False,False,280058.67,264332.0,17760.0,586580.0
1c2621f624311e2ab55fb909b3b53d19,abnormal,10,0,10,5,False,False,107938.8,64582.0,1820.0,308829.0
1c291f2d783a88bb29d4f0973d820cb0,normal,0,0,0,0,False,False,,,,
1c2edaf3f7c1867f34d76dafe8f53d80,abnormal,11,0,11,5,False,False,158396.73,111904.0,25418.0,375064.0
1c32170b4af4ce1a3030eb8167753b06,abnormal,9,0,9,2,False,False,62211.0,67017.0,24320.0,124545.0
1c3e88d7eb1849e80d109ab2f059a2e1,normal,0,0,0,0,False,False,,,,
1c42e4e14355bfa790794d44e3a1a4d2,abnormal,3,0,3,1,False,False,330588.33,327591.0,314314.0,349860.0
1c4d23bf90d9e32947d50b5e01ce4d78,abnormal,14,0,14,5,False,False,275575.57,106436.0,47532.0,858996.0
1c4d37f9cbacdce0f114ed4c3fd94dd5,abnormal,7,0,7,3,False,False,43418.29,16929.0,11284.0,96398.0
1c572f5c1b3f2d9dfb23b48f25a7ace0,abnormal,9,0,9,3,False,False,142163.33,83520.0,15870.0,400371.0
1c62f00b3228d2e131a84d1889e213cc,normal,0,0,0,0,False,False,,,,
1c9e6dbfe347fb693c6c9e0cd82113c8,normal,0,0,0,0,False,False,,,,
1ca93fdd77fb7e2caab2608094201385,abnormal,5,0,5,2,False,False,156591.6,94176.0,85050.0,288248.0
1caa3fd2d741bbb50cc3fdcc32b6f0cd,abnormal,24,0,24,6,False,False,159568.42,61891.5,495.0,687360.0
1cb2f31d6914dbb6550d2ed5538fc184,abnormal,10,0,10,6,False,False,412227.1,502299.0,67077.0,585864.0
1cec183870c936178be89a81da2cc7fc,abnormal,8,0,8,3,False,False,209085.25,121079.0,10472.0,478266.0
1cfebd799d9854a50bfa74e0271f358e,normal,0,0,0,0,False,False,,,,
1d0b8741c4689494aed1c1859eb891dc,abnormal,6,0,6,3,False,False,233875.5,179025.0,45816.0,448413.0
1d170ae6d3f174b88d55b7a44e1b8963,normal,0,0,0,0,False,False,,,,
1d1b26e179d9394bc1d9971ec50d1aaf,abnormal,6,0,6,3,False,False,171596.17,90447.5,13206.0,392350.0
1d21c69075630b741fe0629e696fa167,abnormal,16,0,16,5,False,True,85214.69,26088.0,6365.0,345348.0
1d2c0ac10d4b141cda8b549c34848b4f,abnormal,12,0,12,5,False,False,43450.92,22216.5,552.0,151512.0
1d2cef0157f477b7b635a86a85b6f9e4,abnormal,18,0,18,7,False,False,390325.28,309550.0,7104.0,1078236.0
1d36704fc4f9a8f997128b92551bbc4d,abnormal,13,0,13,7,False,False,154095.92,33726.0,2736.0,599472.0
1d378b37e94c96925d6e96d281825519,abnormal,5,0,5,3,False,False,175931.4,217686.0,7920.0,375375.0
1d37efa5bcce26d6cc9a224f99db3f0e,abnormal,10,0,10,5,False,False,141903.2,121788.0,11700.0,349680.0
1d63eea24a9f69bc17f1da7af4ffa19a,normal,0,0,0,0,False,False,,,,
1d730f10402fbb1de01aa617b80a8242,abnormal,12,0,12,5,False,False,300198.67,33054.5,13311.0,1239201.0
1d74c92a1e6adfcb63162f9b72edfc56,abnormal,4,0,4,2,False,False,463388.5,524685.0,92140.0,712044.0
1d7ba4000ddf7f707822b2aab9ed4b36,abnormal,18,0,18,7,False,False,78472.78,78450.0,15960.0,188140.0
1d7f85337975dded50e1414cef194deb,abnormal,6,0,6,1,False,False,191082.33,188056.0,87120.0,289800.0
1d8f4d5daf11f2b01695b71a862aa813,abnormal,4,0,4,2,False,False,348863.5,404122.5,42800.0,544409.0
1dafb16f8c69e188cf2152200e0cb2ef,abnormal,13,0,13,5,False,False,117269.08,116352.0,23400.0,247812.0
1dbb725a05c9543e9bd2593ac079f970,normal,0,0,0,0,False,False,,,,
1dc3bbcc437933158a734f7e28547bb5,abnormal,11,0,11,5,False,False,131848.55,71264.0,2730.0,395395.0
1dca2f734825798b81f034da81d257f4,abnormal,11,0,11,3,False,True,860484.36,1026048.0,89872.0,1612296.0
1dd24b51bb2c4e67bf02641925881174,abnormal,5,0,5,2,False,False,341366.2,482020.0,92460.0,503160.0
1dd77edddd2212d41e34dd004d3e26df,abnormal,6,0,6,2,False,False,361451.33,316762.0,208395.0,651381.0
1de1fb0878055fe44cd99abcbde7bfc4,abnormal,6,0,6,2,False,False,231208.83,217314.0,84903.0,419416.0
1e0186710c1b727da188c139c83a820b,normal,0,0,0,0,False,False,,,,
1e019d951139255f4ca9200aee4129c6,abnormal,6,0,6,4,False,False,265800.0,146209.5,108015.0,554944.0
1e1dcf1ea1d974a5fea81b7616a11723,abnormal,10,0,10,4,False,False,908168.2,745311.0,288.0,2150946.0
1e380cbe7d0d59de0527d31486a24fa2,abnormal,9,0,9,4,False,False,103116.78,114665.0,2352.0,212065.0
1e47f8b7036defda2d0191401e1e05d6,abnormal,3,0,3,1,False,False,88605.67,96672.0,67065.0,102080.0
1e584da1fcf0c0297a22f0e36ce86732,abnormal,7,0,7,3,False,False,47791.29,11682.0,9116.0,134199.0
1e58fd00852763634630540c1d09621d,abnormal,7,0,7,3,False,False,269515.43,127920.0,44678.0,581196.0
1e58fd034ba68a69df2b13cccb9ab317,abnormal,4,0,4,2,False,False,242755.0,180374.0,135552.0,474720.0
1e685beca49d62411bb69bc4ddf7ad11,abnormal,7,0,7,4,False,False,37387.0,32568.0,6052.0,75573.0
1e717af900c3f539f967ad27b1ce905f,abnormal,8,0,8,5,False,True,710523.0,741584.0,422874.0,778671.0
1e78773b772343629858fee07ab051ec,abnormal,8,0,8,3,False,False,74388.0,29142.0,3161.0,381888.0
1e8892e58834c2a38f8d0b574327ed81,abnormal,12,0,12,5,False,False,176886.5,196140.0,48450.0,367114.0
1e942d9666eb7b3cd0bf4e2bedae5fd6,abnormal,9,0,9,3,False,False,293279.22,217056.0,96621.0,594558.0
1e96e84ac07738cd2f019b1c1d1aac5c,abnormal,10,0,10,3,False,False,376191.1,401433.0,62857.0,859915.0
1ec44d3bc379cf915de2c69bcb325cc2,abnormal,8,0,8,4,False,False,162240.62,96185.0,9130.0,413236.0
1ec5b9d1af1a295a5e0d1da32d4ed835,abnormal,7,0,7,5,False,False,142331.57,125538.0,59328.0,253169.0
1ed4cf45940bbfbcdc31cf4289c1c1e4,abnormal,16,0,16,4,False,False,158314.94,123325.5,34104.0,432081.0
1ed597069acd8f4b77174148664e84d8,abnormal,7,0,7,3,False,False,244692.71,150282.0,10758.0,518400.0
1ee608f4c2322489c730271c6ef7caba,abnormal,4,0,4,2,False,False,260324.0,307136.5,48804.0,378219.0
1ee72c7f5de164530f9efa3c2d04bffc,abnormal,7,0,7,2,False,False,109560.43,89200.0,28907.0,258468.0
1ee956f957e7b9ec0787e07fe2b76135,abnormal,8,0,8,4,False,False,171698.5,122177.0,117612.0,328000.0
1f13fb95804f83251401097b2bb4aacf,normal,0,0,0,0,False,False,,,,
1f1abf0df154e4d455bd3f93fa8ef1f0,abnormal,6,0,6,2,False,False,289124.0,248362.5,79005.0,625646.0
1f1b451ebe38481d18a61961c9435a64,normal,0,0,0,0,False,False,,,,
1f5a95707791ca66198f87bf0d11e89e,abnormal,6,0,6,2,False,False,198859.0,208296.0,78324.0,297950.0
1f60588926146538eeb34cd3215b4848,abnormal,16,0,16,6,False,False,76253.0,26320.0,14396.0,351120.0
1f68a73472d32146d1cbe3bcd9355337,abnormal,3,0,3,1,False,False,1753005.33,1769040.0,1609356.0,1880620.0
1f6cae728b0bab822a84b2014feff03d,abnormal,8,0,8,4,False,False,330977.0,338031.5,56334.0,763347.0
1f80202df9f9ee45002ea22f2f29d31f,abnormal,12,0,12,5,False,False,132551.67,60588.0,5428.0,430766.0
1f897eadcbbca4e2104e7a2d7fd3e0f9,abnormal,5,0,5,3,False,False,304897.4,400801.0,14760.0,582513.0
1fc71d17e68259b0ae13b884ccce7309,abnormal,7,0,7,4,False,False,101243.57,86427.0,2590.0,235815.0
1fcceea02142af619405d89b9ee156fc,abnormal,6,0,6,2,False,False,212992.33,211098.0,96726.0,324820.0
1fce42f55a0de66eb161fc831cd33cc3,abnormal,13,0,13,6,False,False,272437.69,255780.0,93480.0,560560.0
1fec2347206230bc4721f66d8e90971a,abnormal,6,0,6,4,False,False,972586.33,951790.5,5610.0,2030217.0
1fec989e95cea875cef982129f8e9097,abnormal,8,0,8,4,False,False,37705.0,17850.0,3120.0,166121.0
2016c404039deb1d04073250fa84a328,abnormal,4,0,4,2,False,False,228567.0,141064.0,90316.0,541824.0
2033bbf90fa9b91519bac29eb334673a,normal,0,0,0,0,False,False,,,,
20374abc6a6d82a106212cddd740a99c,normal,0,0,0,0,False,False,,,,
20394e709ffb7128e582a7b0901dca2d,abnormal,6,0,6,3,False,False,208831.0,225123.0,79499.0,321345.0
206f64789c8237b16ef4da5a38d74cdc,abnormal,5,0,5,3,False,False,218061.2,162168.0,52974.0,525789.0
2072e55e4f38ef869fc492b5e282057b,abnormal,17,0,17,6,False,False,195029.0,102810.0,5632.0,956601.0
2077dfb717706d5ce9a373f1672e869c,normal,0,0,0,0,False,False,,,,
208cddf534a1bc9c35f5faa6a6c51f94,abnormal,5,0,5,2,False,False,290143.6,191277.0,103976.0,604021.0
2094cd7cf01e7e283818e836115596c4,normal,0,0,0,0,False,False,,,,
20d9e4989fab7ecae4243324d81ad309,abnormal,6,0,6,3,False,False,24313.5,19498.0,10488.0,44398.0
20e27597c972c6e7fdb4d1e7638e227e,abnormal,11,0,11,6,False,False,456641.0,310086.0,111901.0,897583.0
20e88cb9beaf2949c3fdd01827404235,abnormal,4,0,4,2,False,False,17741.5,17993.0,8100.0,26880.0
20eb3cf0d35e7ed1616139edbe04bcfc,abnormal,3,0,3,1,False,False,670973.0,605287.0,569822.0,837810.0
21042debbedcf41f16302df107a594a2,abnormal,4,0,4,2,False,False,459998.5,547023.0,146616.0,599332.0
21086ab046da90a4526e5604670a96ce,abnormal,7,0,7,3,False,False,424179.43,471128.0,79230.0,746005.0
2116aa83dd20261a1c6f4b13ea3eafbc,abnormal,5,0,5,2,False,False,200010.6,75690.0,69148.0,419584.0
2121782e288bb5fccf342938ce4faee2,abnormal,5,0,5,3,False,False,286965.6,277504.0,156960.0,436044.0
2139901070c5471f0e289e216bc90198,normal,0,0,0,0,False,False,,,,
215ebc513445e8e809addf6029df970c,abnormal,6,0,6,3,False,False,97792.17,58683.0,25296.0,271660.0
21992194880ed480bd0232be383b8268,abnormal,6,0,6,2,False,True,250226.5,246227.5,89658.0,476502.0
21ab6bc8c66330a258b3513c2ab738fd,abnormal,3,0,3,1,False,False,72094.0,69632.0,53770.0,92880.0
21b7ceae06bcc8d0a4b30debc5570e57,abnormal,3,0,3,1,False,False,576032.33,640309.0,441792.0,645996.0
21b9ef8dedf84d02366305c87a6328d1,abnormal,12,0,12,4,False,False,378532.25,56934.5,23400.0,1509540.0
21bdb7a46e19c697209064855102859e,abnormal,5,0,5,3,False,False,133513.0,103880.0,71276.0,284625.0
21cc15968368582b548bdc50f24d1ce5,abnormal,4,0,4,2,False,False,1041413.75,1072274.0,920667.0,1100440.0
21cf533a9fe77bdbee21babd427a0d1f,abnormal,11,0,11,5,False,False,189201.73,154298.0,7935.0,551520.0
21d0e0bb639ebec0b2a2ce0c5c805344,abnormal,13,0,13,7,False,False,70395.38,23400.0,18288.0,311690.0
21d5465ffc737f2c94f66cc5b740614e,abnormal,5,0,5,2,False,False,409880.2,489545.0,11024.0,594869.0
21f596b4f75fd3d0ff54f55ad760272b,abnormal,9,0,9,5,False,False,365652.67,77559.0,21038.0,1249668.0
2201904fdc9c81df726cb626bf58edeb,abnormal,7,0,7,4,False,False,127301.43,136400.0,10028.0,216825.0
221c92d2718f1f49ee483ab4afbc7238,abnormal,4,0,4,3,False,False,359236.75,292226.0,7050.0,845445.0
221d68705e17ec11935e410fcc483b0f,abnormal,4,0,4,2,False,False,788552.75,851454.5,399418.0,1051884.0
2229148faa205e881cf0d932755c9e40,abnormal,12,0,12,4,False,False,185572.17,123522.0,52884.0,396664.0
222b7757f55bee221e7aba69fc9928d0,abnormal,8,0,8,4,False,False,227540.12,121703.0,81732.0,535977.0
222beb3cd839eacd08d35c2785e48265,abnormal,9,0,9,5,False,False,261998.11,314883.0,30294.0,586278.0
222cd825ec14127cfb030b84780c30d5,abnormal,7,0,7,5,False,False,121955.57,49410.0,40145.0,338011.0
224ad5cca3b13b0a820052fe0491699a,abnormal,16,0,16,5,False,False,64787.5,23474.5,6771.0,241725.0
2254df0c59c659c6eec67a73327bc857,abnormal,15,0,15,7,False,False,266373.27,120300.0,9398.0,569096.0
22576c31ecae86e2e6d580b4bebb5d77,abnormal,6,0,6,4,False,False,227585.0,178501.0,93530.0,421776.0
226452107c14a6218e9c4d582025110b,abnormal,17,0,17,7,False,False,52959.88,40352.0,9540.0,289920.0
22672ab82c290c20b86863291e25ef6c,abnormal,22,0,22,6,False,False,180500.91,38727.0,3174.0,593733.0
2271647c6cb51cd088392c184f8be135,abnormal,4,0,4,2,False,False,264264.0,332098.0,21500.0,371360.0
22807ea675967a02baf8f510543a4a95,abnormal,6,0,6,3,False,False,527051.67,445346.0,419016.0,716793.0
2285e92d66a166fa72444a73f4c5fc52,abnormal,4,0,4,4,False,False,179253.75,174452.5,24250.0,343860.0
228d41a874a5536d83b62b9161da1d61,abnormal,8,0,8,3,False,False,168569.5,83215.0,33522.0,369720.0
228f1394daba97a4ce03ae7e866ec2ac,abnormal,5,0,5,2,False,False,435063.4,582714.0,116181.0,679098.0
22b8e616a61bbc4caaed0cf23b7159df,abnormal,6,0,6,3,False,False,108359.67,85168.5,14729.0,217893.0
22c9f6b6888cce9bad89c72a2f87e56f,abnormal,7,0,7,3,False,False,248116.43,260599.0,57000.0,516615.0
22ca7192ef23cf85a365a0e68ad6f9c7,abnormal,7,0,7,4,False,False,24807.43,23005.0,9135.0,52736.0
22d12a2c3610060793453d39c4330429,abnormal,4,0,4,2,False,False,59795.25,66087.0,6705.0,100302.0
22d7fb75b2d533f5fda002cd41721884,abnormal,5,0,5,2,False,False,197312.4,93000.0,47671.0,446865.0
22f45bf04169a43d02dea6df008de68a,abnormal,6,0,6,2,False,False,423298.67,371041.0,139870.0,784408.0
2300d60e735d646de5632275313f9c95,normal,0,0,0,0,False,False,,,,
230ffa646a0bec6bce8b027cd4c66832,abnormal,5,0,5,4,False,False,181151.6,198180.0,103056.0,220900.0
231a4b73de5ac7e0218f736b6b6ff1f2,abnormal,10,0,10,5,False,False,110172.5,76504.5,16506.0,342420.0
231eceaec9e603e7cdb2021bd2ccbe02,abnormal,7,0,7,3,False,False,34221.29,19328.0,1050.0,111741.0
231f7662ddb1e997de7ae4e11840960f,abnormal,6,0,6,4,False,False,41412.67,29733.0,22125.0,91850.0
23687f2e75cfb173dbfe0a785326d6b3,abnormal,3,0,3,1,False,False,544413.67,575195.0,408456.0,649590.0
236c84dba2293e1afd669eee1b6511c6,abnormal,5,0,5,4,False,False,345290.8,237330.0,37376.0,722568.0
238b1299945de447d94124e14734edab,abnormal,17,0,17,8,False,False,593657.0,540280.0,33280.0,1319240.0
23976276263082c45eec8db02176a30b,abnormal,7,0,7,3,False,False,161583.0,96195.0,11016.0,410112.0
23ada7eb0d82a360190e77da2edfcf8f,normal,0,0,0,0,False,False,,,,
23b0639cd035140def992b0ee7fc34f2,abnormal,6,0,6,2,False,False,219687.5,210602.0,51903.0,398793.0
23b8b9881d7effc2a5aa2b7372f01d7f,abnormal,8,0,8,3,False,False,31031.5,24794.5,18942.0,66420.0
23c9516db65572bae3125bcaead302d3,abnormal,22,0,22,7,False,False,116295.64,79270.0,3990.0,414403.0
23ca1279bcbf10d8dc39e769e145a516,abnormal,11,0,11,6,False,False,184263.55,121598.0,6798.0,380268.0
23cc21ad490ea10045c00fba3a208b3f,abnormal,8,0,8,3,False,False,48094.12,29006.5,25440.0,94928.0
23d1c67775a1f20404642b6086b74cc8,abnormal,9,0,9,4,False,False,15953.0,9945.0,2670.0,40362.0
23e3c7a5073d74c1d2daed5ad73fb254,abnormal,14,0,14,8,False,False,159429.43,112520.0,1672.0,452778.0
23f267e42a7e9f496aa143fe11f241ff,abnormal,12,0,12,4,False,False,76520.0,35121.5,17248.0,197010.0
23f29659e174d2c4651857bf304a5d75,abnormal,5,0,5,3,False,False,328703.4,381006.0,61846.0,650369.0
23f29ee2101fa421afeb84cf923ee9b6,abnormal,9,0,9,3,False,False,454152.89,455504.0,51500.0,682872.0
23fcdb51ca6f2495a08911d8bd8f19e8,abnormal,8,0,8,4,False,False,35127.5,37772.0,10302.0,52152.0
2400efb8ccb698992e54ec03286d35ef,abnormal,5,0,5,2,False,False,172688.0,140384.0,93024.0,344369.0
24051b6c68ac93e887c70b671d9197cb,abnormal,9,0,9,4,False,False,170003.56,92840.0,15036.0,474628.0
2415d19465e30def974fc2c9747692d4,abnormal,9,0,9,2,False,False,38611.56,36256.0,9956.0,65712.0
2458bd52db3e463b43967723e0f802b4,abnormal,3,0,3,1,False,False,1070175.0,1013696.0,964414.0,1232415.0
2461bde97f5dad74ca07c6a5e6ce56c1,abnormal,7,0,7,4,False,False,231059.86,162656.0,116400.0,508928.0
2461ca359068b06237e93aae140a25f3,abnormal,9,0,9,5,False,False,288947.0,291030.0,63516.0,420633.0
2469a8efd790f12eb9304f5c013a966e,abnormal,6,0,6,3,False,False,116096.33,69224.0,17152.0,304128.0
247af0fcdbe53ade2def3f79e4eb9345,abnormal,7,0,7,5,False,False,243557.86,186821.0,19872.0,562740.0
24986a34a5f97ddeb44a999d245b949b,abnormal,6,0,6,2,False,False,225088.67,209349.0,75392.0,408720.0
24aae4c9a587c5f0440e6d305bebd26e,abnormal,7,0,7,4,False,False,229062.29,73682.0,14820.0,701885.0
24b3b89454ece6db0ba1a5cb83f3421a,abnormal,10,0,10,6,False,False,103512.7,69097.0,35620.0,284130.0
24b3c4ccc0e19044935c8f40ab37fc18,abnormal,13,0,13,4,False,False,42167.23,28952.0,13924.0,131040.0
24b77560428d23bcaf7c06a536fbb287,abnormal,9,0,9,5,False,False,145581.22,33777.0,14946.0,439314.0
24bf0f138643ee4141ebefba54fb6843,abnormal,5,0,5,2,False,False,236121.2,314072.0,72504.0,381640.0
24c408efe011f2d27322e93440221aa1,abnormal,7,0,7,3,False,False,186619.29,138128.0,33798.0,351576.0
24c7e3233b6ebe3d1159f81ae97daed1,abnormal,6,0,6,4,False,False,141315.33,74303.5,41712.0,332508.0
24d6b814577360fb4d11e0e6aecfefb0,abnormal,4,0,4,2,False,False,102537.5,81319.0,52392.0,195120.0
24dd3c2b634ac8b951b5aa1b24a536c8,abnormal,13,0,13,6,False,False,169162.85,80366.0,9464.0,470981.0
24e9b243d734e26d9de71aa3e08ef9b0,abnormal,8,0,8,4,False,False,607683.75,423028.0,74520.0,1367436.0
25207f1f73016eb9d84327860e5c9b49,abnormal,12,0,12,6,False,False,152546.42,69507.0,22466.0,521304.0
2534b21e1fcdf7748a07109999952840,abnormal,14,0,14,5,False,False,103827.36,124203.0,5609.0,207142.0
2534b84ffceb627618e684cb037fdf74,abnormal,6,0,6,2,False,False,208064.83,207656.0,68121.0,343285.0
253760c0117371987f0cbc8b20e684de,abnormal,6,0,6,3,False,False,384537.0,345374.0,62194.0,747600.0
2546f825d7846960568c710eab2cbbd3,abnormal,5,0,5,2,False,False,209330.8,242526.0,27244.0,281936.0
2550db13e3e4174fb2980fbc965c4856,normal,0,0,0,0,False,False,,,,
255f4987d211d413e7823dea2ac6642c,abnormal,4,0,4,2,False,False,539919.75,660214.5,65170.0,774080.0
25673b843469af61ad711cdd1d920a8b,abnormal,3,0,3,2,False,False,245298.67,107625.0,83654.0,544617.0
256b0ad89e73b03f15635e647c2bdb02,abnormal,4,0,4,2,False,False,99954.0,78230.5,28348.0,215007.0
2583527ca7c4a6e278fb4506ba8637ab,abnormal,16,0,16,8,False,False,275891.81,184138.0,3696.0,870975.0
25897fa85891d5fcf7c65d520628cf20,abnormal,8,0,8,5,False,False,65986.62,70271.5,36666.0,81648.0
258b0025af766aa2a485e3221da4b46e,abnormal,15,0,15,7,False,False,71970.0,41300.0,2592.0,204848.0
258d918ebb5b4e4d13e381f0df399b5a,abnormal,8,0,8,2,False,False,15320.75,15318.0,7396.0,22860.0
2592036272857648c597c9045a6588d1,abnormal,7,0,7,3,False,False,405165.57,347553.0,58400.0,736826.0
2596fb668f0ec31ac6622ea546e600cf,abnormal,18,0,18,5,False,False,14119.33,9685.0,2574.0,70218.0
25a73bf0f701b9275c74fc23aa30e681,abnormal,8,0,8,5,False,False,30184.38,11554.0,1568.0,96668.0
25b123c53b8d9f39e9e29e4ee34c9906,abnormal,12,0,12,6,False,False,118327.83,99968.5,13786.0,333528.0
25c278c9f3eac8a0f53780aa5e615e23,abnormal,9,0,9,5,False,False,129901.0,85932.0,18048.0,331419.0
25e383a85bad2e00064e7be23d745f50,abnormal,6,0,6,2,False,False,253497.33,217920.0,86736.0,491480.0
25e47d32d64f7f416d6fb1bf497b4b1a,normal,0,0,0,0,False,False,,,,
25e4fa50ffa395dd163a97ca6bef8fe0,abnormal,5,0,5,3,False,False,125891.6,73505.0,2397.0,302351.0
25e99dd3d0a8e45529b0c04f28a31313,abnormal,9,0,9,4,False,False,330262.22,141332.0,6120.0,827433.0
25f0621dae8874aac9985c4034a565ea,abnormal,6,0,6,3,False,False,197825.83,89949.0,4698.0,476440.0
25f2c7b53a6ed09a9aaf73c30357aaf6,abnormal,6,0,6,2,False,False,285005.67,269827.0,51448.0,542010.0
25fca74811355266a2c7a0bc442db4e3,abnormal,14,0,14,6,False,False,145859.64,45262.5,2160.0,659588.0
26045d6e5c9397d08825496593fbc291,normal,0,0,0,0,False,False,,,,
262cd3e70a033d61a7236aa971be339a,normal,0,0,0,0,False,False,,,,
264fdebe57965c3292ce07c7b4be8c39,normal,0,0,0,0,False,False,,,,
26555d1abc4576ef9e235aba96f4429e,abnormal,5,0,5,2,False,False,254087.6,282672.0,90601.0,402910.0
26562944ced2c6e1eea7abaf0e5a6e5d,abnormal,4,0,4,2,False,False,95465.5,115131.5,16849.0,134750.0
26585204e3c296a3b105bd5bd1c537ee,abnormal,14,0,14,9,False,False,88069.64,31540.5,5000.0,573144.0
26603f3c325594b0a07a9fd73d74bbce,abnormal,5,0,5,2,False,False,408413.2,444822.0,89544.0,733713.0
26697f6b3b73c564a0dd92b2fa1a8b0b,abnormal,4,0,4,2,False,False,99367.0,120318.0,4312.0,152520.0
267d32594c86cba886ed0733e946c1df,abnormal,9,0,9,5,False,False,77099.11,99450.0,4242.0,176709.0
267e7d6c78b3bc498461b69668eb44f8,normal,0,0,0,0,False,False,,,,
26814fc54bbb41c62e1fc2c2646f3288,abnormal,7,0,7,3,False,False,333310.86,292648.0,48374.0,685344.0
268521c3c47990c84e7175a31d8c509c,abnormal,7,0,7,4,False,False,328182.43,483000.0,6708.0,621180.0
268ed28c6d57f5d5383cd5cf8e62e457,abnormal,5,0,5,2,False,False,202335.0,263840.0,65142.0,308112.0
269fc38670939729787d740e47145028,abnormal,5,0,5,3,False,False,190016.8,129870.0,101808.0,374707.0
269fe47164da086b729babc8225ea116,abnormal,8,0,8,2,False,False,200565.0,178465.5,103874.0,400890.0
26a2c28022c4eb76848703d3bd669562,abnormal,5,0,5,2,False,False,215822.2,195118.0,83037.0,419920.0
26be9cde1a3d1a38f19c6753cc9ed40d,abnormal,7,0,7,4,False,False,113293.71,30810.0,1862.0,350513.0
26cff5d4eedc6c89172888ea18b09893,abnormal,11,0,11,6,False,False,359051.73,501072.0,44451.0,700854.0
26d1d5a0ef2e692c6340e74859ffdc53,abnormal,15,0,15,6,False,False,48996.07,20375.0,3744.0,342684.0
26d9a51c0e889911fadbfd7219c6540a,abnormal,6,0,6,4,False,False,189891.0,149140.5,11040.0,615072.0
26e6b6009db476d5b90c4a7e279ba50f,abnormal,7,0,7,3,False,False,141613.43,79734.0,13542.0,282528.0
26fcfa2a147cabce7658e1ea656e1efe,abnormal,6,0,6,3,False,False,231583.33,121726.0,3000.0,529170.0
26fd27f25c4c5329c224f75f5f94d96c,abnormal,3,0,3,1,False,False,91597.33,82368.0,79248.0,113176.0
27128ae2af0e160293897cd55c02993b,abnormal,7,0,7,3,False,False,284323.14,171570.0,49136.0,490786.0
27179c32f1a5d2b20d5a289372823554,abnormal,13,0,13,5,False,False,319909.77,506324.0,16740.0,573078.0
271f9008a6ac0c2fbed2ee6d40ff8750,abnormal,7,0,7,6,False,False,733611.86,338580.0,64581.0,2140703.0
2728492d9333328da0ccd73d76d6c00d,abnormal,4,0,4,2,False,False,177060.5,107927.5,88803.0,403584.0
273a53879b3ba9afa3d6d1e3aea0a453,abnormal,6,0,6,1,False,False,972743.17,974608.0,596836.0,1400154.0
2752b250ca52cd0afe8b4b980e82310b,normal,0,0,0,0,False,False,,,,
27689b23167e89e1142f6fa265921a3a,normal,0,0,0,0,False,False,,,,
276eab8db40adc114124d1383afeba5c,abnormal,4,0,4,2,False,False,68290.75,83143.0,1333.0,105544.0
277b457e1e341a9194249937b68cd2c2,abnormal,5,0,5,2,False,False,286885.4,291444.0,121128.0,388032.0
27849a742242ed68910ae7592904db7c,abnormal,5,0,5,2,False,False,454523.8,632384.0,73695.0,749768.0
27ae5a2982f9ef772cccfbd14332f965,abnormal,6,0,6,3,False,False,134396.17,41860.5,22185.0,395676.0
27b61449ef8109cb45c3ba3b7642d746,abnormal,3,0,3,1,False,False,80107.0,77840.0,47499.0,114982.0
27b822c5d3b354f096dfb788fd3fa636,abnormal,33,0,33,7,False,False,92542.94,8096.0,2205.0,1633500.0
27c2bfe6ab94022f4137c7e421af973c,abnormal,6,0,6,1,False,False,143982.17,171346.5,33660.0,240120.0
27c69745b5ba6930e94b9b29bd1965ad,abnormal,5,0,5,2,False,False,393059.6,383748.0,328055.0,462720.0
27c831fee072b232499541b0aca58d9c,abnormal,5,0,5,2,False,False,227309.0,164547.0,141120.0,346720.0
27ca6b9bd9b4c1f284e450201cfc4613,abnormal,5,0,5,2,False,False,150673.4,86160.0,51030.0,308770.0
27e113d3d158dbdd548b534c26164e55,abnormal,13,0,13,6,False,False,27421.69,26358.0,2352.0,132616.0
27e1d29f27cfe7f88225f4660e75615e,normal,0,0,0,0,False,False,,,,
27e6678a92ac10ed461ddc9f04bd3fcf,abnormal,6,0,6,3,False,False,548261.83,566167.5,171288.0,972252.0
27ea40d58f6894394fc2990d739a8c0e,abnormal,14,0,14,5,False,False,57504.0,13098.0,6195.0,272302.0
27eeacb2cf6ea95a95e0c60a914d45a3,normal,0,0,0,0,False,False,,,,
280266b12a3ac75cac7066556997e865,abnormal,7,0,7,3,False,False,260255.14,103887.0,9408.0,602454.0
281070333d103fe4a02065d7f986b062,abnormal,6,0,6,2,False,False,279593.67,272368.0,77841.0,496340.0
281ea309fd2fd61c9955f9d29c88a092,abnormal,15,0,15,6,False,False,188337.13,121286.0,17325.0,610400.0
28439c0a4f24e1319b22dd12b8a56a14,abnormal,11,0,11,5,False,False,109886.18,78118.0,1914.0,382400.0
285c4b227a6c923d674fa58fdfdd2eca,abnormal,7,0,7,5,False,False,132525.0,137685.0,13950.0,288754.0
285cdfec4d725d327266833adf3ba9d5,abnormal,5,0,5,2,False,False,209923.6,138408.0,96170.0,457900.0
2860567dbd5d3f2597072e0b0e45ccd6,abnormal,22,0,22,5,False,False,364831.5,289440.0,124852.0,826866.0
2866813d0d8eeae54af11160adb68731,abnormal,9,0,9,5,False,False,204136.56,103751.0,57921.0,535580.0
286d4f7bc4282b7dd5fae43ee06cfb8d,abnormal,5,0,5,3,False,False,438124.0,396416.0,46280.0,846672.0
28711a5bb20257be65943b9374dfb3c3,abnormal,7,0,7,3,False,False,175249.57,215645.0,56072.0,287390.0
2877640e69c0276243177a341ed74742,normal,0,0,0,0,False,False,,,,
28896771fc2f06e7fe9444b125644731,abnormal,5,0,5,4,False,False,95014.0,43466.0,12350.0,350474.0
28936b1a86428a44f356135a896b8627,abnormal,9,0,9,6,False,False,49215.22,12920.0,814.0,276385.0
2895afe060760a377fea0d6c8fcbf9d1,abnormal,6,0,6,4,False,False,174115.33,195559.0,35112.0,288021.0
28c18bf8fcb6c11c5fbc7c00d9f5bacc,normal,0,0,0,0,False,False,,,,
28c8730ff1714318eeabad15e3ae5c51,abnormal,6,0,6,2,False,False,224050.83,208000.5,53040.0,438480.0
28d769becacfbdeebab6d3fda7322cf7,abnormal,19,0,19,6,False,True,489342.16,570886.0,32430.0,898982.0
28eb28a9feba4a3fd37327417aba1ed7,abnormal,3,0,3,1,False,False,657038.67,590072.0,512022.0,869022.0
28ff3d4ede34ff71de27c9091b25fc44,abnormal,6,0,6,3,False,False,218303.67,216153.0,201318.0,237440.0
292cf1b34afba18402da0662070919cf,abnormal,7,0,7,4,False,False,54330.0,16224.0,8174.0,155540.0
294c1b068fb6ecfd27f5106e744ddb4b,normal,0,0,0,0,False,False,,,,
2954986a6bc846398d3cc9bc2297ed84,abnormal,21,0,21,7,False,False,255933.62,114380.0,15376.0,905464.0
2988c0540fad8e078a609d7672525d5a,normal,0,0,0,0,False,False,,,,
299057220a9508923d271ac70bff843b,abnormal,6,0,6,3,False,False,211596.0,146133.0,44472.0,480424.0
299278f67dc5e40ee4fd003595c6e8d7,abnormal,9,0,9,4,False,False,818908.44,598588.0,111544.0,1473960.0
2998cdc708e79055543eb95842261f57,abnormal,8,0,8,4,False,False,612877.75,461134.0,22082.0,1836568.0
29c96058b2c5a8222b87dcaee1730469,abnormal,7,0,7,3,False,False,193042.0,65208.0,15364.0,428340.0
29cf3341c2f0195c0faddcf2e640045b,normal,0,0,0,0,False,False,,,,
29df463304de180282f55d13d254b409,abnormal,4,0,4,2,False,False,442372.5,489489.0,99029.0,691483.0
29fd996e134b7e6658edb78f41022878,abnormal,5,0,5,2,False,False,56214.8,64541.0,2940.0,117440.0
2a176d08f99af402c877cde732008c46,abnormal,8,0,8,2,False,False,853828.0,832127.0,451852.0,1207360.0
2a180035c17769657f1d89651ff4babd,abnormal,9,0,9,5,False,True,301144.67,145348.0,3575.0,670704.0
2a18e11f1134a84a141b5d2f8284112c,abnormal,6,0,6,2,False,False,166670.17,163540.0,52685.0,293895.0
2a2d24f9e9397ea669cf6ec9f850c367,abnormal,8,0,8,4,False,False,96550.12,57716.0,2646.0,397056.0
2a3308874776a5824f84b6ec3fee10b1,abnormal,8,0,8,3,False,False,177749.25,94163.0,43648.0,361569.0
2a335bf71ad32a097557e379b6113ce9,abnormal,6,0,6,3,False,False,174970.67,93196.0,2795.0,412248.0
2a364dea24600221fb6208567bda008b,abnormal,11,0,11,4,False,False,133109.0,78648.0,1932.0,465044.0
2a3cc19a099f06f80007cceb75d43bf0,normal,0,0,0,0,False,False,,,,
2a3def0aa2b27bea4235348e5d4cf345,abnormal,12,0,12,4,False,False,311220.25,382172.0,17444.0,626496.0
2a5abc6af72d3329b7155f17154132f9,abnormal,6,0,6,3,False,False,419623.33,436491.0,9130.0,818478.0
2a6d1ced2d75a229ea936e5f2dbbbe32,abnormal,8,0,8,4,False,False,101402.75,79764.0,10250.0,278190.0
2a7a75a118e112a3b655617f77a3009a,abnormal,7,0,7,3,False,False,153351.0,71508.0,13797.0,365772.0
2a7e782ce2b8c998858e184637c3e9dd,abnormal,3,0,3,2,False,False,176325.67,101816.0,97378.0,329783.0
2a848e44e179f5e9b7d708835cfa5109,abnormal,8,0,8,4,False,False,88772.5,41327.0,17675.0,264421.0
2a8be2bd51a3851ed0ce9c84e9a62426,abnormal,3,0,3,2,False,False,60124.0,66198.0,23660.0,90514.0
2a96255deafcf2f24bf9f266e1c12633,abnormal,9,0,9,4,False,False,1183354.22,1170267.0,95680.0,1838480.0
2aae4700188dd1842bb1851d714d7f38,abnormal,6,0,6,3,False,False,268391.33,236858.0,46144.0,541404.0
2ab378a7f2524b5b5a7ea85b86f0b4ee,abnormal,8,0,8,3,False,False,312829.62,152330.5,96984.0,738720.0
2ad18a594cbaf3c6d6145a7775829554,abnormal,28,0,28,4,False,False,16413.46,4789.5,840.0,170800.0
2ae73f853f1f9c23c2c9e200046665d1,abnormal,5,0,5,2,False,False,202372.0,84882.0,69696.0,466956.0
2aeb88a0d7394443e815a4b3e15399d4,abnormal,5,0,5,3,False,False,247903.8,259119.0,54280.0,387000.0
2b0d2503cdaa8d34ad9a82cf4fdb546e,abnormal,5,0,5,3,False,False,105901.6,92302.0,52405.0,163308.0
2b0fb0afde2742c14c1c967cdcb20969,abnormal,6,0,6,4,False,False,172913.33,159861.0,19467.0,364608.0
2b24fc9d451749e2edfc5ff60be60192,abnormal,11,0,11,6,False,False,221877.64,176637.0,31164.0,529104.0
2b49559acd55fecfe38a55ca0ed0bf68,abnormal,5,0,5,2,False,False,144467.0,76329.0,47800.0,277932.0
2b4d362bb4e5eb4c37b13b9eaa1ca079,abnormal,6,0,6,2,False,False,376840.0,329339.5,178980.0,631801.0
2b5284b043c6459e1e1e0a4a328cad79,abnormal,22,0,22,6,False,False,210012.59,109707.5,18144.0,584680.0
2b55e75bee255de5460976f84d18b76f,normal,0,0,0,0,False,False,,,,
2b5b141ce31a62f9b997052a3ca73128,abnormal,6,0,6,2,False,False,186087.67,148253.0,69258.0,345408.0
2b658b536fb15c22f623c3d6672b64d0,abnormal,23,0,23,5,False,False,52355.91,7581.0,2790.0,558758.0
2b6b881ebefa187a82a2a51ea677298c,abnormal,6,0,6,2,False,False,520609.33,452666.0,109538.0,1075308.0
2b6ec0aa221b1f430e8f5cb1696844dd,abnormal,9,0,9,7,False,False,196761.0,15070.0,9025.0,694386.0
2b8a0c8760862e0bd6dbac062d421396,abnormal,11,0,11,3,False,False,112625.0,35260.0,15392.0,372044.0
2b8cead1c95f1a83f7ea7f7b92f398e4,normal,0,0,0,0,False,False,,,,
2b8d23b406077cd35596765abe6930c8,abnormal,3,0,3,2,False,False,510500.0,394864.0,160752.0,975884.0
2ba459709d0d25824e0baf9f6d4f94e6,abnormal,7,0,7,4,False,False,233401.86,131408.0,31320.0,574271.0
2ba839f1e3d3c2d8760c11ccb7e3f01c,abnormal,6,0,6,3,False,False,56770.33,20748.0,9434.0,173398.0
2bac12b65fe143e0d0a4b56b320782e8,abnormal,10,0,10,6,False,False,402173.1,331899.5,70409.0,988176.0
2bcbeee6ac875c40fd3adc070a35f46b,abnormal,9,0,9,4,False,False,128943.56,88660.0,5145.0,398184.0
2be0cff9073424bcaf946885d1c1adf5,abnormal,6,0,6,2,False,False,218066.83,180514.0,66548.0,411825.0
2be93a3c2bd9a086a39c3806e1811356,abnormal,8,0,8,5,False,False,1430951.62,1862617.5,91553.0,2501864.0
2beb474652da324c06ca0267cc903c1e,abnormal,6,0,6,2,False,False,400923.0,309803.0,144950.0,794466.0
2bec7ab41bfb8b797483fb5af80ace2e,abnormal,6,0,6,2,False,False,304399.17,266318.5,41128.0,617400.0
2c0ecdf04ffe35c6031fe2ae2b3a36f4,normal,0,0,0,0,False,False,,,,
2c2551cc5f69dc282a7dea8202492a85,normal,0,0,0,0,False,False,,,,
2c3979232fe659fb46d4ca12263e75d0,abnormal,5,0,5,3,False,False,122506.2,95040.0,37639.0,283822.0
2c42c054b21c3a7ff91f13e3b43e5418,abnormal,8,0,8,3,False,False,207544.0,118621.5,7592.0,629253.0
2c475d89c90a50567ba0cf5ddd62f68a,abnormal,13,0,13,8,False,False,67067.38,33562.0,2950.0,302289.0
2c535167a6a1466c54bc62eb6100f577,abnormal,3,0,3,1,False,True,458425.33,453696.0,432000.0,489580.0
2c5d9c4fdfc633cb9a6af8ead0c45f19,abnormal,5,0,5,2,False,False,47188.6,72895.0,1566.0,81787.0
2c6c48665c4d007b795cbcb57da481bd,normal,0,0,0,0,False,False,,,,
2c74f4196862f688266048d27224464d,abnormal,4,0,4,2,False,False,135886.0,124220.0,18408.0,276696.0
2c7fbcdc37fba555a38a39db3d9e41a5,normal,0,0,0,0,False,False,,,,
2c8015354af1a7509937c82f2979ba49,abnormal,8,0,8,2,False,False,48881.75,37492.0,32333.0,81213.0
2c892bb46e4187bddce8fe179d7225dc,abnormal,6,0,6,2,False,False,45261.0,50325.0,32592.0,52866.0
2c8f7823a733497e98add3125db370cf,abnormal,13,0,13,5,False,False,204777.08,96145.0,17280.0,451880.0
2cb170e77545abd5b7992c83865eb690,abnormal,3,0,3,1,False,False,115794.0,101185.0,90360.0,155837.0
2cb21c7b25708742a6eed6ba4a59e6eb,abnormal,8,0,8,6,False,False,123675.88,95786.5,15910.0,365295.0
2cb442312ff65f3255923b38dc6dc2fa,abnormal,8,0,8,4,False,False,194026.0,165511.0,4424.0,471086.0
2cb59fe7e250f3e883c884e726719115,abnormal,5,0,5,2,False,False,348786.4,339612.0,308308.0,378200.0
2cd31f05e3d0a2ebdf33e7a90fdc95ac,abnormal,3,0,3,1,False,False,203108.67,214512.0,173314.0,221500.0
2ce046da31101c578df3349c36f325a1,abnormal,10,0,10,3,False,False,81381.8,81783.5,35264.0,136136.0
2ceaa4c6e93b4496df1831cccc3e433a,abnormal,6,0,6,5,False,False,114466.67,21026.5,7742.0,342280.0
2cf24e4b4380252c4dc94a0e63bed062,abnormal,5,0,5,3,False,False,269062.4,358792.0,52152.0,421590.0
2d063af5457785f5c76ae1e6c06c0037,abnormal,15,0,15,3,False,False,55297.33,48384.0,12462.0,126791.0
2d13fc4ff7c24e1110fa0c5593e7c3e7,abnormal,3,0,3,1,False,False,526073.67,527436.0,387520.0,663265.0
2d377f5b2bd10b8ead268046859d939a,abnormal,8,0,8,4,False,False,243414.12,227304.0,151906.0,327600.0
2d4076277667dd84c623c7877ceeefff,abnormal,4,0,4,2,False,False,66223.0,63211.5,39324.0,99145.0
2d40e0cc7dca11e4b2d8574532096c31,normal,0,0,0,0,False,False,,,,
2d4a3f928bbd1cf6cec20fc617af2fa3,abnormal,10,0,10,5,False,False,22967.4,7906.0,5115.0,160160.0
2d5241a2f2800671da3f56606fe86d60,normal,0,0,0,0,False,False,,,,
2d530b729f6935d54ca504c92ffeaa3c,abnormal,6,0,6,2,False,False,237136.0,219358.5,65720.0,465682.0
2d56555f99586d0c8c6e31ab33297c25,abnormal,6,0,6,2,False,False,198884.83,190100.0,100082.0,327000.0
2d64ca640df9686f4d2f6152b6ca74ab,abnormal,6,0,6,3,False,False,218085.0,144017.0,58506.0,600048.0
2d6c36cb32352b891ef90fb11f3215f7,abnormal,6,0,6,3,False,False,183869.83,101763.0,76995.0,436875.0
2d6d1b01427ec2acbdbc2149559585fa,normal,0,0,0,0,False,False,,,,
2d817e7d481f611ed33a74e5cba97550,abnormal,8,0,8,4,False,False,397533.38,332563.0,71815.0,788075.0
2d914572fd6d5cd4b158067b5a1eda1e,abnormal,3,0,3,1,False,False,144355.0,141168.0,107217.0,184680.0
2d9dbcfad0e6a4bfeae0c6fe1f780d98,abnormal,4,0,4,3,False,False,26477.0,2960.5,2058.0,97929.0
2da795e38db0e7086e2479f7aaf1e631,abnormal,5,0,5,3,False,False,216930.0,174752.0,42525.0,353312.0
2dae0b56a64f3708706e63711d970243,abnormal,10,0,10,4,False,False,519143.1,398022.5,39360.0,1250110.0
2dd5e1ec060f1389e24a4caffa6d534e,abnormal,18,0,18,5,False,False,113225.61,18204.0,1170.0,614080.0
2de0585a5eea24c7e8672fcd70da26b4,abnormal,3,0,3,1,False,False,58126.67,57856.0,42420.0,74104.0
2df96190b0062c04b4dad588079c4caf,abnormal,12,0,12,4,False,False,91395.83,42478.0,15048.0,353115.0
2e02414c9f4b2b23a7761fe8c2b3bc93,abnormal,4,0,4,2,False,False,267703.5,270902.0,118314.0,410696.0
2e14a1d545fe84fb87891640ba990781,abnormal,8,0,8,3,False,False,216821.12,285060.5,63315.0,335054.0
2e1571fc9e41f68fcc84b6094d664416,abnormal,21,0,21,7,False,False,544879.33,431172.0,12840.0,1715857.0
2e285b95faad220e17e6cbfbe514733e,abnormal,28,0,28,9,False,False,110516.57,72506.0,1295.0,356823.0
2e31b4459572dee5881ec70c7b46dcab,abnormal,11,0,11,3,False,False,53342.45,55720.0,9638.0,131943.0
2e37a70ea49570b31cb4b83e5a109a7e,abnormal,9,0,9,6,False,False,101388.22,42074.0,3168.0,602364.0
2e426ab34288f1f7edba1c73feb45a05,abnormal,5,0,5,3,False,False,36581.2,40296.0,8004.0,78650.0
2e4419b8c1f923cff2781be045f4e0d5,normal,0,0,0,0,False,False,,,,
2e4b0a0fb7faf81bc42b46c3247ae8ad,abnormal,6,0,6,2,False,False,201438.83,201540.0,40725.0,380034.0
2e62a91d3bdb8e212af2518125eb9dbc,abnormal,7,0,7,4,False,False,84779.14,25900.0,11760.0,195965.0
2e6afc683a445f6e88ab4a101618f718,abnormal,6,0,6,5,False,False,176883.83,144491.0,71095.0,302464.0
2e7b51cf120ec59d369331d09bba34b8,abnormal,14,0,14,7,False,False,52777.79,42732.5,15408.0,91324.0
2e846b1cde620c95fbb326a4bae3d9df,abnormal,5,0,5,3,False,False,304002.6,438515.0,13363.0,541812.0
2e968b23fc1bc1150bf1943e1b53b031,normal,0,0,0,0,False,False,,,,
2e9caf35e4c86be7006e6588b6e56985,normal,0,0,0,0,False,False,,,,
2e9cb16d1950ad82347cade9cacedc8b,abnormal,5,0,5,2,False,False,103770.2,105561.0,16480.0,211422.0
2ea80a706ffc413d3c8d8c666e869c43,normal,0,0,0,0,False,False,,,,
2ebb05b4c603d590854c621fa4f1fd5c,abnormal,8,0,8,5,False,False,225977.38,110607.5,39715.0,581392.0
2f04c078e7bb7c23addf7464f7c4e925,abnormal,9,0,9,4,False,False,198057.44,88464.0,74664.0,499884.0
2f111f79e145a2062200644c1e77dbd4,abnormal,5,0,5,2,False,False,72861.2,73728.0,71199.0,74090.0
2f1d0d633adb6d339736aa2bb9e2fcb7,abnormal,6,0,6,2,False,False,340016.67,330733.5,106051.0,599148.0
2f3264d3c0a52bb2e280855bcfd35733,abnormal,3,0,3,2,False,False,45095.33,12877.0,8432.0,113977.0
2f35a721ceb1f89cbbd33ade57b32f4e,abnormal,11,0,11,5,False,False,111921.55,78672.0,21948.0,265356.0
2f3bb25eb6ae1a19b982c6ba56f725e2,abnormal,9,0,9,3,False,False,658376.67,646602.0,444425.0,874640.0
2f3f84ed97b4ae346a990e843d929f9d,abnormal,14,0,14,6,False,False,162308.21,80080.5,26832.0,381901.0
2f4573aa154b6ee5f4ba4dc90626f5ec,abnormal,16,0,16,5,False,False,422664.5,441900.0,102080.0,777816.0
2f479f67c2228f246b889508f794b785,abnormal,3,0,3,1,False,False,17239.0,14625.0,12528.0,24564.0
2f4adab67a67f3ee8322175840092fe5,abnormal,14,0,14,4,False,False,382633.14,377856.0,7480.0,905092.0
2f4bc0f22545fa58a89bfa13cc083191,abnormal,4,0,4,2,False,False,488582.0,461803.0,29722.0,1001000.0
2f4f119515e7a3c9b76c704caf75976f,abnormal,6,0,6,2,False,False,203397.33,185177.5,93198.0,348840.0
2f5a3aa315379bb01b8b4c9a1ece8e2e,abnormal,13,0,13,6,False,False,163896.77,190232.0,38776.0,278980.0
2f5a677d35532e18388a9993ca166a80,abnormal,3,0,3,2,False,False,67007.33,73158.0,20164.0,107700.0
2fa41afdcc3955d6ab0bdc5656caa0d1,abnormal,4,0,4,2,False,False,247070.25,255140.5,121000.0,357000.0
2fa7906cc0d122c8ef0a654409b5e1d2,abnormal,7,0,7,4,False,False,179539.29,81469.0,6138.0,547992.0
2fd3d0e3b5de5535994ac58f2bd175da,abnormal,5,0,5,3,False,False,147548.8,184611.0,42174.0,244750.0
2fd65c3d2a4c8d35293784167c7a2348,abnormal,3,0,3,2,False,False,603989.0,607104.0,597088.0,607775.0
2fdd72337c9a875cf679564355b4bef2,abnormal,6,0,6,2,False,False,71318.33,6058.0,2829.0,261300.0
2ffbc003cbd77857cd7ec7a69d8f6ce8,abnormal,3,0,3,1,False,False,469110.33,382912.0,290472.0,733947.0
3005e709b7711027df25c715b6ebff02,abnormal,6,0,6,2,False,False,296640.83,279782.0,104832.0,513928.0
300f0557394e4f85b5704774106a2067,abnormal,3,0,3,1,False,False,373436.33,376704.0,365899.0,377706.0
30174f91133f986dd4f8f95d2b2d92b2,abnormal,8,0,8,4,False,True,484795.38,400478.5,25555.0,1284612.0
3024b7dc8e38999c16ab20ed51c7aa2e,abnormal,13,0,13,7,False,False,197276.85,40920.0,2756.0,860916.0
30303a4b9ba969bea4e676cbd4a2496c,abnormal,10,0,10,4,False,False,7800.5,5151.0,713.0,29204.0
3033cf4aadc4811b5e714fb3fe295a4e,abnormal,7,0,7,4,False,False,154085.0,139035.0,13345.0,434166.0
303e0a9c848a6f2697622543d6de3364,abnormal,8,0,8,3,False,False,163437.38,66328.0,24570.0,428142.0
30466896de60f54644199811cfb542f1,normal,0,0,0,0,False,False,,,,
3052424d097d8b94d387a20248639d47,abnormal,27,0,27,4,False,False,213385.56,51920.0,462.0,581876.0
305c85dddfdddac905f288a8106ca371,abnormal,17,0,17,3,False,False,160001.47,2640.0,1155.0,755820.0
305e4add9c72c91e9984305bf4e85aee,abnormal,14,0,14,8,False,False,153583.36,49012.0,5934.0,435199.0
306d35d649f4fe90bec5b21eb3d8c42f,abnormal,4,0,4,2,False,False,304152.5,348552.0,49396.0,470110.0
306ed332a8e21425894424f73c17b11f,abnormal,9,0,9,4,False,False,75792.44,28054.0,2704.0,210079.0
30732ad387fb4f2429a6c5b965910869,abnormal,3,0,3,1,False,False,130235.33,120150.0,112776.0,157780.0
3095cc822fe5a15e277499c62b74d58e,normal,0,0,0,0,False,False,,,,
309ca3d3a6991e2a001d75f734d88099,abnormal,3,0,3,1,False,False,65119.0,67545.0,40500.0,87312.0
30a08276cab4bd3ba231b2307341b987,abnormal,12,0,12,4,False,False,436181.08,390633.5,15067.0,1055071.0
30c105116d347c2f1107e206362dd949,abnormal,4,0,4,2,False,False,71933.75,69419.0,65008.0,83889.0
30c34393c4ba548104b8a65aa2fd76bb,abnormal,5,0,5,2,False,False,206759.4,117810.0,90816.0,372178.0
30cf440566432d0f579a2a10bb3f3bf3,abnormal,10,0,10,4,False,False,181332.8,117109.0,29315.0,432822.0
30d01b42c2a0495ceea5873455e4c4e4,abnormal,12,0,12,7,False,False,237509.08,226649.5,16910.0,447564.0
30d24189cf005a9baf02929afd518832,abnormal,4,0,4,3,False,False,2201.0,2142.0,1680.0,2840.0
30d70dcb9b7a5d7e9028326954feaa35,abnormal,8,0,8,3,False,False,23657.38,16843.0,5976.0,87255.0
3105bf6d00f6c2164ea9285b20692df5,abnormal,6,0,6,2,False,False,109730.67,95524.0,73450.0,157232.0
310a5c5df24cacd7bfc923cf0ce2f310,abnormal,17,0,17,6,False,False,57704.18,31806.0,8736.0,147335.0
310c786eccfed6cb9c04cf9e2d31a5fa,abnormal,6,0,6,2,False,False,198302.17,150771.5,57912.0,419478.0
3115c1b6368f91b45f691edbd63f1a78,abnormal,11,0,11,5,False,False,264485.64,116850.0,54288.0,589968.0
3116e8acc9b97d7a581ea891ae9bed80,abnormal,4,0,4,2,False,False,43030.75,48075.0,11343.0,64630.0
3122e82023dd28ef2ab4595f948e0e17,abnormal,6,0,6,2,False,False,189471.83,173055.0,81810.0,349170.0
3124a602cb56b2a41271a8b658410457,abnormal,11,0,11,3,False,False,83963.0,22161.0,10922.0,290466.0
3126f384167edfe4650413888feb60f1,abnormal,6,0,6,2,False,False,42310.0,30357.0,23166.0,72354.0
3140eff61d10b2a6f29512a73f9f8022,abnormal,4,0,4,2,False,False,173754.0,120235.5,82134.0,372411.0
3143c4090b404863d57a355e61585d0b,abnormal,6,0,6,3,False,False,62581.17,63778.0,5589.0,136400.0
314517b694426a160b93fcdf447fa355,abnormal,6,0,6,4,False,False,85874.33,73788.5,47064.0,180223.0
3145bee8f1346fa89938289eedd7b05c,abnormal,8,0,8,4,False,False,220784.25,216261.5,11934.0,409504.0
314b28b21a620ea16d0de1103157b37d,abnormal,12,0,12,5,False,False,142076.75,101022.5,12400.0,491820.0
315677bd3e1ac182188b6a16490695d2,abnormal,7,0,7,3,False,False,120016.86,91773.0,14652.0,269500.0
3156a168acb759ef3257ea5a5d788a91,abnormal,3,0,3,1,False,False,88186.0,75810.0,69948.0,118800.0
3156b5feb62ed8cfdafef21f1f82a6c1,abnormal,11,0,11,7,False,False,151942.45,174570.0,41475.0,403865.0
315749c6f7397c42913f97db8388f4c2,abnormal,8,0,8,5,False,False,106503.5,45160.5,6461.0,281424.0
3167f8c1907895bbfcd0effb6b25ce5a,abnormal,8,0,8,4,False,False,353127.12,289509.0,88770.0,764832.0
316b07c8233162f6c57b23d94b823ea8,abnormal,19,0,19,7,False,False,383313.95,68072.0,3476.0,1417780.0
316ce67a6c95d104d5864cf2f30786bc,abnormal,12,0,12,6,False,False,180434.58,76260.0,40320.0,570584.0
316f325969fa2dfb24fb9706c34fa0a8,abnormal,6,0,6,2,False,False,447249.83,440633.5,187866.0,697856.0
317507bb22f6c10f4f08e8666c0f6ff8,abnormal,6,0,6,2,False,False,256487.33,197956.5,67760.0,597639.0
31873abb42a5af56c33d1681971d014b,abnormal,24,0,24,3,False,False,50869.12,893.5,506.0,387585.0
31901b2d1d2eb92c235f47f498b907c0,abnormal,5,0,5,4,False,False,24015.2,21484.0,2460.0,57684.0
319781be30659abddca9230f0bca5311,abnormal,6,0,6,2,False,False,253196.67,217116.0,54416.0,551260.0
31a2b39d2a73f406dbef13c7cd023eb0,abnormal,11,0,11,6,False,False,64905.09,70280.0,21924.0,115395.0
31ab750de5cb0c76b49d45ab1d2186a6,abnormal,5,0,5,3,False,False,166950.8,154791.0,5673.0,314814.0
31b94fc39e55c2494665e6a7ffde03b1,abnormal,3,0,3,2,False,False,62378.0,65278.0,56048.0,65808.0
31bdfdc7f6e09f2df77cefac8e857518,abnormal,13,0,13,7,False,False,28318.54,31787.0,2838.0,49601.0
31ffa866e091965da25a408b4cc7d0db,abnormal,8,0,8,3,False,False,341301.0,345355.0,67456.0,549072.0
320636f4d907fe2a72073b7b5fe33f86,abnormal,4,0,4,2,False,False,251990.5,149818.5,131929.0,576396.0
320ec834b1f64d745ebb19de0cfc184d,abnormal,8,0,8,4,False,False,191540.75,110873.0,15665.0,441490.0
321c111713c3ee5385db0effb54ff568,abnormal,5,0,5,4,False,False,16989.0,10540.0,8190.0,46435.0
321f7e75a35ff3b3cb8a4cfb0ab266c2,normal,0,0,0,0,False,False,,,,
322976528934fc60a595afd9a1bc656d,abnormal,8,0,8,4,False,False,240476.88,169380.0,12705.0,547053.0
322c95c6c1933b38440b167705248747,normal,0,0,0,0,False,False,,,,
323029b8a64431ac83ea6c71804f42c9,abnormal,5,0,5,3,False,False,398578.4,424359.0,89856.0,779996.0
32459f62247d44d5da83192aa03400e4,abnormal,10,0,10,4,False,False,58373.4,55364.5,10320.0,108135.0
324c908cb345ed14be7a468a56f1ceba,abnormal,13,0,13,4,False,False,116203.08,72504.0,4420.0,378075.0
325fece9273ff0bf0ea08a42fe24626d,abnormal,11,0,11,3,False,False,136652.64,48180.0,20016.0,412125.0
326f5799de625f4fddd67b9c7827bfe5,abnormal,4,0,4,2,False,False,81075.25,94470.5,2700.0,132660.0
32712661995a66ff7b5193dd351ce5d3,normal,0,0,0,0,False,False,,,,
3283c0e38a77249f38ca0c949862726a,abnormal,6,0,6,3,False,False,571836.67,587565.0,189504.0,870534.0
328a03f1cf631960207c6f6f3026bdb1,abnormal,15,0,15,7,False,False,175629.6,132784.0,9855.0,404004.0
328c2e4790fad49004a3bf14be3a51c6,abnormal,12,0,12,8,False,False,311537.58,330225.0,21296.0,625800.0
32c05ef69ce090ebbdaa6741c21afc01,abnormal,11,0,11,6,False,False,366287.09,235060.0,140141.0,675170.0
32c5e37a0c5d6cc1eb4b9d23c46dab55,abnormal,3,0,3,1,False,False,330052.33,321980.0,279594.0,388583.0
32d7d0b779485be0f92e8ef0f90cccdf,normal,0,0,0,0,False,False,,,,
32e735ff23d1c5bf5d2d1aa51937ca82,abnormal,5,0,5,2,False,False,285350.0,362850.0,82719.0,497034.0
32ed4f132b9f0077a309b0d91fc944e2,abnormal,11,0,11,4,False,False,155471.09,85800.0,76095.0,496013.0
32f643fbd7e99181193edf3720888743,normal,0,0,0,0,False,False,,,,
330056253f0b74a0808722e9f38ab46b,abnormal,5,0,5,2,False,False,213851.8,294218.0,31262.0,374220.0
330423a5c20c1fab3ba43d966bd6e2e5,abnormal,10,0,10,4,False,False,76087.0,84180.5,5928.0,126727.0
330b3939ea1fe042ad347e8d02abc393,abnormal,11,0,11,6,False,False,212467.55,156880.0,79800.0,430835.0
3312ab0661750f9899b4589eae97731a,abnormal,15,0,15,4,False,False,150310.07,47530.0,12960.0,613672.0
332f505a735ca0961e7128fc0f166a5c,abnormal,6,0,6,2,False,False,249943.33,219501.0,95732.0,447446.0
333a3070db2ef61c7b621e92d370d5c0,abnormal,9,0,9,5,False,False,87017.11,25944.0,10948.0,538534.0
333e2b073ea86a0bd0273a7a60ac0dbe,abnormal,6,0,6,2,False,False,255428.33,266312.5,69460.0,425280.0
33403064ce25caa5fda270e6158c6b03,abnormal,6,0,6,2,False,False,279673.83,268928.0,88060.0,491260.0
3349c0d8861ff59db82c4e6f1d10705a,abnormal,17,0,17,5,False,False,100227.18,27360.0,10710.0,366990.0
335c54cca869510a063780bc0fba7ede,abnormal,5,0,5,2,False,False,333279.4,410508.0,93072.0,568920.0
3362408dd6a238f4bc0660e763f37e94,abnormal,6,0,6,3,False,False,378680.33,353257.0,40000.0,737132.0
3368f56c5e66bc4f6111b5cf5d701f30,abnormal,6,0,6,2,False,False,171890.83,137791.0,41256.0,349084.0
336b63df1d774eb3f819e5405feb4fa5,abnormal,5,0,5,2,False,False,242611.4,302616.0,45276.0,412090.0
3378210c38d195ff5a7e3b612cded052,normal,0,0,0,0,False,False,,,,
3387caf8482024c8887d0a95b4fa0245,abnormal,6,0,6,2,False,False,244269.0,234051.0,55800.0,449604.0
33911feed1282c67d5096d50d9070592,abnormal,12,0,12,6,False,False,152975.0,79016.0,17440.0,428544.0
339bd65420300e35fa74ef9a042cb778,abnormal,11,0,11,4,False,False,239765.91,36075.0,19118.0,1666590.0
33a32faebb8177b05000fd34659f0ed6,abnormal,5,0,5,2,False,False,237415.6,315150.0,42400.0,406980.0
33b032af243d6b7db06155b99964cbd2,abnormal,4,0,4,2,False,False,118933.25,62534.5,48944.0,301720.0
33bcd2002f1d92524e489a70b48aaf38,abnormal,7,0,7,3,False,False,301503.43,139602.0,2079.0,636300.0
33c856f133a5a726ffc26fe36d451518,abnormal,5,0,5,3,False,False,51635.0,51023.0,12936.0,107424.0
33cf3f2f72ca3c8480456091f6ccedfb,abnormal,8,0,8,4,False,False,179662.62,82792.0,3451.0,454755.0
33d11e9c98ade6b3937407364fd07103,abnormal,16,0,16,5,False,False,245935.06,247983.0,3969.0,707945.0
33db2b371f7527ae2cd349abe5a7c062,abnormal,7,0,7,3,False,False,321237.43,303660.0,80928.0,752554.0
343e1bdfaa62eb9f0148e3cd32aab124,abnormal,10,0,10,6,False,False,103886.5,99056.0,16456.0,196474.0
3441c644b35ade894f7a773095219d4f,abnormal,8,0,8,4,False,False,264927.5,175288.0,30414.0,585048.0
34557d39d42d74a3355d509f340cfc8a,abnormal,16,0,16,8,False,False,235143.56,90501.5,24055.0,814572.0
345639c3ba00cacecffade02ebad61ba,abnormal,6,0,6,2,False,False,360157.67,344412.0,120328.0,661056.0
345eb9bedef2fdd0d6d16380ca43005e,normal,0,0,0,0,False,False,,,,
3460c8020f8edd51b37ebc33f350d914,normal,0,0,0,0,False,False,,,,
3469b1b71a43ca0b62f45805f80231b2,abnormal,5,0,5,2,False,False,93336.0,106272.0,2419.0,186760.0
347180362348e522905047dde655b6d7,abnormal,5,0,5,2,False,False,37213.8,43026.0,9823.0,66516.0
3479c81736f275a848b74d952ebfab29,abnormal,8,0,8,5,False,False,81566.88,77337.0,28329.0,131950.0
34b63ee871b59cc84249bc3c3ec8a4bf,abnormal,6,0,6,2,False,False,81838.83,44143.5,18285.0,298368.0
34bc3d49ab74c913ee2517f5e0f4e09e,abnormal,7,0,7,3,False,False,27278.0,20878.0,19019.0,47792.0
34c1f477c3cdd534ef53de3c832f1ac4,abnormal,13,0,13,5,False,False,919668.15,1272828.0,98670.0,1581468.0
34c80ab45be6a7d01ee5ee230967f3e1,abnormal,19,0,19,8,False,False,310245.79,170016.0,21406.0,1008186.0
34c83a38559d01f09ab25ee8ffc79511,abnormal,7,0,7,4,False,False,120930.29,130971.0,928.0,209741.0
34df7bfc75ed0a71f5fea716bdb421f8,normal,0,0,0,0,False,False,,,,
34e22877dc637c756273febcdd660178,abnormal,7,0,7,3,False,False,359515.57,247399.0,44616.0,664656.0
34e635f644f6d4853776e2d74357b239,normal,0,0,0,0,False,False,,,,
34e730b3de639d75296d635521489b39,abnormal,6,0,6,2,False,False,197074.0,184540.0,42075.0,369138.0
34e932d09ab7cbec0edaaf188dc8a407,abnormal,3,0,3,1,False,False,70333.67,78810.0,48357.0,83834.0
34fa4687fe0cb1a46f70f407ef9c134b,abnormal,4,0,4,2,False,False,67752.75,71478.0,14136.0,113919.0
3527884ce43d577c1cc449fc0f17f646,abnormal,9,0,9,4,False,False,175059.44,94335.0,40482.0,351594.0
352ab0683046ce107942e9e477007b72,abnormal,13,0,13,5,False,False,270546.23,164365.0,540.0,696464.0
3531c673ad643e73b007a9e9a0a2aadf,abnormal,4,0,4,2,False,False,284008.5,80470.5,71799.0,903294.0
353564207b9d09b26db607c43d99ce18,abnormal,20,0,20,5,False,False,319331.15,267013.0,9676.0,754850.0
35388720c654dc329d698234c3205892,abnormal,6,0,6,3,False,False,342529.5,458296.0,8112.0,588965.0
354bad318bdc4946fbb261867157901f,abnormal,6,0,6,3,False,False,274743.17,270519.0,29726.0,502660.0
354fc9f443af86eebc10e9b06a22481b,abnormal,14,0,14,4,False,False,404412.14,249560.5,118111.0,980420.0
355d1c27824a343cde65516686c0a425,abnormal,5,0,5,2,False,False,197284.0,181080.0,137250.0,289380.0
35666a43bb8105a07d1020d9a4839f2f,abnormal,8,0,8,4,False,False,115172.25,71146.5,46632.0,324576.0
357b22f02be38869ae859f0add02b898,abnormal,16,0,16,5,False,False,675768.56,620435.0,220770.0,1237651.0
357f8f4587f096c180f701f450fffcfa,abnormal,9,0,9,7,False,False,53817.33,18135.0,1300.0,359632.0
35815525d36333e4253234cc83fd666c,normal,0,0,0,0,False,False,,,,
3583d368951a896ea95b498bb4efaec4,abnormal,11,0,11,6,False,False,301707.27,214800.0,130287.0,702768.0
359d3ca7c71e4d786af7380c78fea10d,abnormal,6,0,6,2,False,False,171668.17,155305.5,76934.0,313140.0
35d86694979dba2c3cade3f87924385a,abnormal,7,0,7,3,False,False,63053.43,62328.0,34384.0,91804.0
35de6aea3a75c405b780f3c1d2db38e0,abnormal,7,0,7,3,False,False,176020.71,128097.0,33066.0,455220.0
35e38672875ff60d5a131d91b4db5a6d,abnormal,7,0,7,3,False,False,544698.0,325438.0,4544.0,1491704.0
3623eea22ab15bd3cc7901e3c00695de,abnormal,10,0,10,5,False,False,192670.0,160351.0,38010.0,405894.0
3633b8a8cffa248a55bab4084f4ff5e9,abnormal,8,0,8,3,False,False,145201.75,105536.0,5100.0,348651.0
363999879bc614085397f192124c23b0,abnormal,14,0,14,5,False,False,250680.86,261520.0,42000.0,471870.0
363dc405e14ed95659d88707f54730de,abnormal,13,0,13,5,False,False,105265.23,34600.0,8174.0,374616.0
36429387a098976713296f2beae8063a,abnormal,3,0,3,1,False,False,426956.0,407550.0,399288.0,474030.0
364a18cd8e445fdcb63e3692393e6854,abnormal,9,0,9,4,False,False,69166.33,4950.0,675.0,313880.0
367134c4e20c2058bc154bfa25e22e98,abnormal,6,0,6,2,False,False,304870.17,251113.5,104313.0,551692.0
367465e5c96651ee8dac93a11fe7c0c0,abnormal,6,0,6,2,False,False,212964.17,190929.0,49115.0,397391.0
368befaff55745e30b3f200b298b2fd6,abnormal,5,0,5,3,False,False,269197.8,323162.0,36208.0,529200.0
369bf7d495f4a800910764a6f9a9a071,abnormal,3,0,3,2,False,False,302529.67,328293.0,183696.0,395600.0
36a0490889068162384a000b02d37ad4,abnormal,11,0,11,6,False,False,430336.45,148000.0,128037.0,1043696.0
36cf5300d146ed2c232acd54b45f317e,abnormal,7,0,7,2,False,False,119505.0,35052.0,24057.0,250733.0
36d12290ed702e358cabe1d85657dafb,abnormal,16,0,16,7,False,False,83982.69,28924.0,3888.0,330597.0
36e495b7888099453ba79ff57a2c4334,abnormal,9,0,9,4,False,False,276165.67,229770.0,62100.0,517307.0
36f9f3166dc757f415e384e69b0a2447,abnormal,7,0,7,3,False,False,268718.86,165792.0,41995.0,727352.0
36fb4eaf5da9525924d1b4ff5bdbd52f,abnormal,8,0,8,3,False,False,202319.0,169307.5,97933.0,309879.0
36fb9803c515de8b2b44028af25662ec,abnormal,9,0,9,4,False,False,144603.0,136188.0,39192.0,399100.0
37029ba2468f77989cae221948b772ae,abnormal,5,0,5,1,False,False,36193.4,31248.0,12408.0,68200.0
37054193bd4e6a2f3ca764088913b0f0,abnormal,10,0,10,3,False,False,178863.1,190383.0,31174.0,294975.0
37111bde86ae8d81aa66f2f46f89c03b,abnormal,3,0,3,3,False,False,38088.67,4514.0,4352.0,105400.0
371b40dcd28695d56f820de513906913,abnormal,7,0,7,3,False,False,129710.86,77402.0,21824.0,313992.0
371d6f540ac601affe81e547b05c551a,abnormal,3,0,3,1,False,False,308541.33,315695.0,273509.0,336420.0
371f686aebbbe6929b4bd3b86ab58873,abnormal,12,0,12,5,False,False,76047.5,71895.0,1276.0,211302.0
37233691ba64ed88b4e05882d7e41d61,abnormal,9,0,9,3,False,False,133046.0,71316.0,45080.0,247954.0
3727a613e597811aee451370fde09c49,abnormal,8,0,8,3,False,False,137464.0,91989.0,29748.0,278000.0
372dfcb677a2d0799d2f6e14d2177f1a,normal,0,0,0,0,False,False,,,,
373c57c281c8b4476ee2603757fde26a,abnormal,5,0,5,3,False,False,76499.6,36580.0,35112.0,233409.0
3759c5c3b6dd31e4f79dad538500928c,abnormal,12,0,12,6,False,False,280525.42,166956.0,6006.0,706593.0
378c7f385c547e5e7dc632510939a551,normal,0,0,0,0,False,False,,,,
37906d71bae225a2f676c84164224140,abnormal,4,0,4,2,False,False,212571.5,108823.0,75027.0,557613.0
37969967243726a9e231291224502076,abnormal,5,0,5,3,False,False,2042978.8,2493066.0,205920.0,2531606.0
379aef556ea6744aa51174e342fabcef,abnormal,13,0,13,6,False,False,37025.92,18460.0,899.0,105705.0
379da637859b61609c15e1f4ed2a5e7f,abnormal,11,0,11,3,False,False,49374.91,48960.0,4225.0,106232.0
379f083410e64a2fb74761b795bd0a41,normal,0,0,0,0,False,False,,,,
37a64f131e20057e6649e0cf60a3efce,abnormal,4,0,4,2,False,False,246223.0,308550.0,21600.0,346192.0
37c54c4ca8994215c1ae389f1f4adfd2,abnormal,3,0,3,1,False,False,92478.0,85902.0,76560.0,114972.0
37c55613c78c7775df0514fb0c804f4a,abnormal,12,0,12,3,False,False,127942.17,57770.0,12958.0,338315.0
37d00f2fdb0521a0f3fd6c7ec458ff61,abnormal,6,0,6,3,False,False,40487.33,43092.0,8924.0,64800.0
37d313251f4a6ca33fc7e428389cb9c1,normal,0,0,0,0,False,False,,,,
37ec1f4e30acc60a1dd892ab9036274a,abnormal,12,0,12,5,False,False,82269.33,67853.5,6726.0,191760.0
37f7e5fce42c1b3d1acc91e9ff43fe02,abnormal,6,0,6,2,False,False,383332.5,340130.0,143440.0,655350.0
380d07a94cc4b012812119370de47192,abnormal,3,0,3,1,False,False,65030.67,73080.0,41420.0,80592.0
381e9c224c892d437f498779e349469e,abnormal,8,0,8,5,False,False,38043.0,49539.0,1950.0,75078.0
3827e2d25e931b294811ad92ae898887,abnormal,3,0,3,2,False,False,15880.0,18450.0,7480.0,21710.0
382d4d167434016c3e049eae87439759,abnormal,5,0,5,2,False,False,195079.2,91800.0,46200.0,441812.0
382fde0b4f36b498850d79b00cf5593d,abnormal,5,0,5,2,False,False,62701.6,83055.0,483.0,133661.0
3845b3f74a2a76ef0b58310d61d03e6a,abnormal,3,0,3,1,False,False,90621.67,98475.0,71750.0,101640.0
3853062c38f4f0888baef9b1ec0a2331,abnormal,9,0,9,5,False,False,220214.89,104076.0,62712.0,595680.0
3875a7e4eb1bdb443470a1abbe93cb58,abnormal,6,0,6,3,False,False,156012.0,71092.0,10416.0,381915.0
38791e51fbea01ae3935f311e8878f1c,abnormal,6,0,6,4,False,False,50632.67,40460.0,38870.0,102678.0
389de59ab4c4dd2b0a4f94d33966b12d,abnormal,9,0,9,5,False,False,286997.56,124930.0,20296.0,828417.0
389f167c16b70e1eb1aa219fedc373b7,abnormal,6,0,6,2,False,False,221645.17,234982.0,54696.0,378508.0
38ab2d3283b496d60dc137e94d16b7c6,abnormal,15,0,15,4,False,False,269048.47,28028.0,12218.0,775200.0
38b3d1f6264e82239b563119ff33df07,abnormal,6,0,6,2,False,False,215891.5,221032.5,60888.0,373520.0
38c145abf52f301575550953e6aaa009,abnormal,6,0,6,2,False,False,196101.83,176893.0,79716.0,337101.0
38d4443729e3b217cb38e78df6694dd7,abnormal,4,0,4,2,False,False,136287.25,139842.5,118192.0,147272.0
38d59aef0ecbc73f365767bc09692283,abnormal,11,0,11,5,False,False,32734.64,21420.0,1813.0,99882.0
38d7d44f0a3b6c7129851d7ec6d9c001,normal,0,0,0,0,False,False,,,,
38dc1745e9aedd829a5c4989ad2f0758,abnormal,6,0,6,3,False,False,441815.0,518486.5,73728.0,868927.0
38e4156d00946746696b72f9bfa791de,abnormal,7,0,7,3,False,False,158749.57,35301.0,7296.0,425984.0
38e8d0a7c6e90bb221619d0d8836b3a8,abnormal,6,0,6,2,False,False,62208.33,69679.5,13420.0,96338.0
38e987ce7d99adc13adeebb0ca3e3182,abnormal,6,0,6,3,False,False,76696.67,63920.0,31924.0,161112.0
38ec375050f7c2bedcb4d1e1e7bb4e12,abnormal,5,0,5,1,False,False,99147.0,91606.0,71595.0,133857.0
39095bfc67751891aebabdeeb8b89f5a,abnormal,11,0,11,4,False,False,97776.09,29925.0,3484.0,350186.0
3911f0e97683eb279550e59ad3213da0,abnormal,14,0,14,6,False,False,63671.14,25125.0,13068.0,397437.0
392910e2001c7d9710d1e11f1bf4bd73,abnormal,4,0,4,2,False,False,112038.25,114492.0,83332.0,135837.0
3929f29e01d98f3666da7114c4e554ed,abnormal,3,0,3,1,False,False,189270.0,188332.0,182978.0,196500.0
393407def518a76fc2b7e8dbaeafa0ce,abnormal,9,0,9,6,False,False,163390.0,81696.0,735.0,425850.0
393909c0d12d67fd08703d36970014e8,abnormal,20,0,20,5,False,False,497807.85,465534.0,72864.0,927469.0
39394c845e092472bfff78c26ce9feb4,abnormal,5,0,5,2,False,False,239197.8,204768.0,86508.0,458745.0
393cb25dab7a972a55af7269c046ab4e,abnormal,4,0,4,2,False,False,160135.25,100645.0,59286.0,379965.0
394138b182cad5c9af7cac9bd1649a24,abnormal,5,0,5,2,False,False,68255.6,59241.0,45030.0,109263.0
394ea2732452334954cf83c6e5b41951,abnormal,6,0,6,2,False,True,279885.83,252799.5,131698.0,448517.0
395a89a6041167d0254dc826ddfe7110,abnormal,7,0,7,4,False,False,90986.86,116886.0,16799.0,141367.0
397b7968bbdf2db72e34625ad8e874c2,abnormal,7,0,7,3,False,False,658562.57,368060.0,120080.0,1457601.0
397feff0fc86964d91046470e50273e0,abnormal,4,0,4,2,False,False,332688.0,326971.5,125367.0,551442.0
398ca3c2cf798b9483dde58ef6887a31,abnormal,3,0,3,1,False,False,75453.0,76570.0,64232.0,85557.0
39a043040baac31c12db628415939f3e,abnormal,8,0,8,2,False,False,47683.0,44593.0,28220.0,79180.0
39c0cec7df2082421f852bc79cb333a1,abnormal,9,0,9,4,False,False,31007.56,12095.0,2596.0,89680.0
39e1084eccfc3b7961eb19ea7ecaa8b7,abnormal,5,0,5,3,False,False,60574.4,70889.0,8832.0,102557.0
39eaf0dbdf50b88ac6b3f02b918ac86a,abnormal,6,0,6,3,False,False,67773.17,58303.0,5358.0,158775.0
39fba09b48f252efaa54f0d093a8294d,abnormal,7,0,7,3,False,False,440310.57,426550.0,11227.0,972397.0
3a302fbbbf3364aa1a7731b59e6b98ec,abnormal,46,0,46,5,False,False,152887.26,90655.5,11663.0,431970.0
3a328d66387d59be8793ee8b4f4bdc1b,abnormal,3,0,3,1,False,False,161028.33,160268.0,140369.0,182448.0
3a334de1df19d35fd8d303df42a90468,abnormal,3,0,3,1,False,False,102214.33,108238.0,83230.0,115175.0
3a377dcc1d8747ccd388578f46c0d405,abnormal,4,0,4,2,False,False,28706.5,36213.0,5336.0,37064.0
3a57be55d3cf1302f582fb95c86e9446,abnormal,7,0,7,4,False,False,94572.29,78302.0,23352.0,195640.0
3a59363995006fd88ee83584b1e3f6e7,abnormal,9,0,9,5,False,False,300694.11,90652.0,11220.0,842843.0
3a6264c66e1ccad3f67960d50a152708,abnormal,14,0,14,5,False,False,92862.14,73601.5,25718.0,262023.0
3a813bd68c097cb009e6ef9d5f884489,abnormal,5,0,5,2,False,False,32888.0,30636.0,20618.0,53760.0
3a813d584b7e746b4baeb1e9a2002cfa,abnormal,9,0,9,3,False,False,33539.78,26166.0,10137.0,85095.0
3a9cdb601e0845a3e6b45c808fb75bc4,abnormal,10,0,10,5,False,False,101507.2,60894.5,10335.0,321498.0
3abc9bc2967d1891119ae82511e479b3,abnormal,8,0,8,4,False,False,53707.12,52752.5,9135.0,80454.0
3aefb8dc3f0615131c0dc1477b4e3133,abnormal,9,0,9,5,False,False,35329.0,37485.0,9202.0,91258.0
3af25684534b7791434f7dfff22f9550,abnormal,10,0,10,3,False,False,394043.0,469158.0,67854.0,578151.0
3b100a95644ac8ab01f261f2edd6f5e2,normal,0,0,0,0,False,False,,,,
3b2087f26637d64244ec11da41770aad,abnormal,9,0,9,5,False,False,149769.33,55596.0,4047.0,390328.0
3b37f8d28d0153cedc41acb8020a0a6f,abnormal,5,0,5,3,False,False,278513.6,390951.0,38553.0,504189.0
3b4323fc59f8c80fd69a6748d4d92eaa,abnormal,7,0,7,3,False,False,158746.14,87040.0,7950.0,346785.0
3b464abb85ca7ca83a105e6057afab52,abnormal,5,0,5,2,False,False,827284.8,867420.0,692652.0,941850.0
3b520a6957e4c70f34da759e82784125,abnormal,15,0,15,6,False,False,273929.2,266532.0,36774.0,718640.0
3b684bf9b1beb9744ac598bb19b6dd6f,abnormal,8,0,8,3,False,False,250378.75,116685.5,9328.0,683474.0
3b7b733541b21f511d7d5be899070488,abnormal,7,0,7,2,False,False,44963.29,5590.0,728.0,116603.0
3b7f1edb2129713f1ddd570c48d6ace1,normal,0,0,0,0,False,False,,,,
3b84fad11366b42cf32c96c2d0fa84d4,abnormal,5,0,5,3,False,False,123091.4,153720.0,1330.0,168912.0
3b887c0550e9722c9b86b7c22ad09e11,abnormal,16,0,16,5,False,False,62722.62,12621.0,806.0,325637.0
3b8e32e6bb1f8849af9fde0925b2761a,abnormal,11,0,11,4,False,False,115358.27,64893.0,32760.0,323843.0
3bb06e20b2595be65d7a95e948b2169c,abnormal,12,0,12,4,False,False,289415.33,273205.0,121598.0,428184.0
3bc2e1cb9a227c162900a57fb5acd0cf,abnormal,9,0,9,4,False,False,132819.22,98778.0,15925.0,350946.0
3bd262a356f149e12cab2c957d79fbde,abnormal,4,0,4,2,False,False,263142.25,234641.0,96099.0,487188.0
3bf462b3f48c0a1c35912a77a84f318d,abnormal,5,0,5,4,False,False,160162.4,30160.0,3068.0,590461.0
3bf8346b7d5b0743713624143004772f,abnormal,16,0,16,7,False,False,189750.19,204368.0,14980.0,382720.0
3c022a8f6192af3d7ca567e509d44801,abnormal,6,0,6,3,False,False,225979.83,151469.5,74550.0,505568.0
3c0343764fd0e6b3edb40b15740a597e,abnormal,12,0,12,6,False,False,166376.75,89872.5,17854.0,500642.0
3c2064ec0c7fbd9873601524016c9d97,abnormal,4,0,4,2,False,False,119518.5,81513.0,63384.0,251664.0
3c3050b54b5ffefafd7d144497cf04d4,abnormal,3,0,3,1,False,False,445832.67,410276.0,398610.0,528612.0
3c314b1dd87505c653cd66939582a0aa,abnormal,8,0,8,3,False,False,465134.25,505371.0,3036.0,648538.0
3c3977477c6ca3ea8a3d18ba0e4afed4,abnormal,19,0,19,7,False,False,297841.26,145992.0,8094.0,695640.0
3c4863368b0bf5c811a52e24fa2cd2d8,abnormal,13,0,13,5,False,False,134410.15,82992.0,23569.0,406812.0
3c4b09bd2eab548d9f86223ccb905deb,abnormal,9,0,9,2,False,False,146727.11,102800.0,16218.0,550516.0
3c58145fc5651bd028aaee3d5f3d6c40,abnormal,21,0,21,6,False,False,192223.33,127032.0,40872.0,613025.0
3c5e999bcc6ac19f375f201c27546de1,abnormal,5,0,5,3,False,False,115296.0,135324.0,28680.0,144008.0
3c63e58fcda26e02fdd6619515399985,abnormal,11,0,11,6,False,False,291973.27,365190.0,26240.0,714588.0
3c72da81a8c464b9a804b757363291c7,abnormal,7,0,7,3,False,False,65462.57,58905.0,6624.0,139384.0
3c7949b75bb527c91a6518e4f40fc87a,abnormal,4,0,4,2,False,False,325070.75,369496.5,97902.0,463388.0
3c7f79f9a904282f9dbe9b625216cffc,abnormal,9,0,9,4,False,False,117059.33,122584.0,10706.0,315209.0
3c98c90840a9290511ae8192107f8250,abnormal,5,0,5,2,False,False,189006.6,103350.0,90280.0,335360.0
3ca77fab496427204152c5bd079ea9ce,abnormal,9,0,9,4,False,False,131212.11,57376.0,5112.0,454020.0
3cac0eba7aff674db58e5e7d5cebe985,abnormal,17,0,17,6,False,False,865495.18,216892.0,89376.0,4369853.0
3cd58e860993b9e6a8c79bfa71ec66c3,abnormal,5,0,5,2,False,False,187788.0,122146.0,117208.0,291650.0
3cd8187f824b95bd1d21945cbce7a15a,abnormal,7,0,7,4,False,False,66991.43,55924.0,7695.0,122718.0
3cdcd43f230d185be9a3ea2463f348dc,abnormal,4,0,4,3,False,False,658354.5,582846.0,188856.0,1278870.0
3cdce1131cdbbbc959330bb08be55a3d,abnormal,15,0,15,4,False,False,133906.8,131781.0,12936.0,252010.0
3ce8e5fe27fc9db53129cdbdd8de89de,abnormal,6,0,6,3,False,False,86546.67,33904.0,31785.0,348002.0
3cf29ab62dd4b9866c7e055c59098d3e,abnormal,21,0,21,7,False,False,45992.38,30305.0,2064.0,242816.0
3cf65c76b376cba244af23e119d705b9,abnormal,6,0,6,3,False,True,329115.5,324139.0,79305.0,584200.0
3d100048eee5507768634d2733c59b6a,abnormal,3,0,3,2,False,False,69114.67,45746.0,37185.0,124413.0
3d10382c3359b2e799d0bc45306e146c,abnormal,14,0,14,4,False,False,881096.43,818001.0,314500.0,1782264.0
3d3781571117f65ceac27dfbf2979b21,normal,0,0,0,0,False,False,,,,
3d4cff7ec8b3e2fe5b3f606880b45e7c,abnormal,7,0,7,3,False,False,193012.43,124914.0,11433.0,400603.0
3d51d381e84870cd453748be166fb7ce,abnormal,10,0,10,3,False,False,41935.9,35361.5,12330.0,79365.0
3d592a653c8fefc7c85a43cf64c3c0f0,abnormal,5,0,5,3,False,False,85187.2,74592.0,6300.0,153860.0
3d6be0fd234f4be9a57ea0ec00d1e6b6,abnormal,7,0,7,4,False,False,258144.43,114048.0,19805.0,581112.0
3daa0e551477dbb5c10280fd744c4087,abnormal,5,0,5,3,False,False,445583.6,501160.0,70642.0,864640.0
3dae58e1cf69a2284f2a44ded5c7405a,abnormal,17,0,17,6,False,False,191736.94,155295.0,27789.0,455712.0
3db920cfa1955efefa82e2f46d2c7519,abnormal,10,0,10,7,False,False,390358.3,311972.5,37664.0,1045950.0
3dc3da07371be408d6313bd5d04bceec,normal,0,0,0,0,False,False,,,,
3dd04efbb7f8f0e2757e8e588350f8e0,normal,0,0,0,0,False,False,,,,
3ddadcb081c3779b4b569d9ec57f5208,abnormal,8,0,8,4,False,False,15327.25,6128.5,2597.0,75076.0
3ddd8b00908543e9d8a60f528452e59d,abnormal,8,0,8,3,False,False,172366.75,88044.0,15984.0,394580.0
3dead8495b3fdcdde5912953e520b303,abnormal,9,0,9,3,False,False,88801.56,87312.0,12152.0,184041.0
3df005a70ab162381374fd43655aa145,abnormal,8,0,8,2,False,False,585473.88,562221.0,471045.0,749938.0
3dfb420f4634c36fde566f04e6d69651,abnormal,7,0,7,4,False,False,139168.0,102046.0,3834.0,372123.0
3e02670c9c691dbbd7f9aaa851bb70ae,abnormal,5,0,5,2,False,False,336196.8,346524.0,102595.0,612669.0
3e2c52e066e6bc9e28a58d7f13c64296,normal,0,0,0,0,False,False,,,,
3e2dac4065ec2fa64f4650a95e3edfa2,abnormal,4,0,4,2,False,True,398995.75,457880.5,104690.0,575532.0
3e300793e970e7916c36a57fe350f688,normal,0,0,0,0,False,False,,,,
3e5c0424caa46a69a36024deb828d5de,abnormal,4,0,4,2,False,False,76177.25,92987.0,8648.0,110087.0
3e6dc1696e378ed55ea60091c620af4d,abnormal,3,0,3,1,False,False,250303.33,98098.0,78936.0,573876.0
3e79b43f7eacf45268bef2a513f7759a,abnormal,13,0,13,3,False,False,127660.85,73396.0,5092.0,508248.0
3e802de7dd2a052ff980de1ff50262ee,abnormal,6,0,6,2,False,False,318137.33,304636.0,99216.0,545538.0
3e81b168a5ed4f4419d9ef7aa61fab04,abnormal,6,0,6,2,False,False,224468.83,200032.5,94581.0,384290.0
3e81b83d1b4cd8333b3c5986419baff7,abnormal,6,0,6,2,False,False,395216.5,399155.5,166343.0,563655.0
3e8719d1ba69b36c24ad3e39a8dd83ed,abnormal,4,0,4,2,False,False,212656.75,231440.5,51408.0,336338.0
3ea334ae927f1feeaf80e59b5d937c31,abnormal,4,0,4,2,False,False,29884.0,4106.5,3243.0,108080.0
3eaab50f6e8eb3229e752d546e41979b,abnormal,9,0,9,3,False,False,391178.56,377986.0,73437.0,782874.0
3eafbfc0db1b4bfa5bfa963b6fe465a8,abnormal,7,0,7,3,False,False,230264.0,137685.0,17010.0,469362.0
3eb4d8c855c884225e771d77c18e6215,abnormal,7,0,7,5,False,False,400400.43,478440.0,7175.0,727590.0
3ed4693bf10d9e6067d6f1ef88485bb7,abnormal,6,0,6,2,False,False,297209.33,300256.5,84064.0,537600.0
3ee425093210d7bb252a277e4788f18f,abnormal,7,0,7,3,False,False,411308.86,185341.0,95425.0,870320.0
3ee674202cc0887b7b43db270ca54555,abnormal,10,0,10,3,False,False,150345.4,131300.0,10608.0,293889.0
3ee8d416f1b67797ce0495b4393b2aaf,abnormal,5,0,5,3,False,False,38197.8,37740.0,37740.0,39104.0
3ee9f520c0a31c20b9851fb79dccec09,normal,0,0,0,0,False,False,,,,
3ef799c210c419c0319cd2555eaa3abe,normal,0,0,0,0,False,False,,,,
3f0621a867476fca9f51e5eaec666aca,abnormal,4,0,4,2,False,False,293462.25,374508.0,8835.0,415998.0
3f0efef8e4a56b73d2b82e83e50c0b90,abnormal,4,0,4,2,False,False,51148.0,51216.5,5499.0,96660.0
3f1c30152e33358e5830f3b59bd0c41d,normal,0,0,0,0,False,False,,,,
3f2468ef0b5526f0e33834fa4e0fd85d,abnormal,3,0,3,1,False,False,66897.67,64005.0,57824.0,78864.0
3f2673ee39dc21448dcf80ed2a6f128f,abnormal,8,0,8,4,False,False,57286.38,36150.0,12555.0,160190.0
3f3acd7f9f383c01b4392b8dd8bb8f10,abnormal,9,0,9,6,False,False,260120.67,152516.0,28272.0,647570.0
3f3e0555c409d655b5c28669b2f8cf5d,abnormal,3,0,3,1,False,False,114968.0,117208.0,101840.0,125856.0
3f444025d87aeacdc84c8cc7d0bf50f6,abnormal,6,0,6,1,False,False,157876.67,130565.0,54967.0,260019.0
3f59f95dab9548ad6cbbd7eec034bd57,abnormal,10,0,10,4,False,False,273116.4,99606.5,35046.0,1076934.0
3f7f3d2e14e41602ac1f5909ce5e4be0,abnormal,9,0,9,4,False,False,170389.56,74465.0,43888.0,550785.0
3fad3a7c3d91d5d5eca2c522ac7df822,abnormal,3,0,3,1,False,False,319751.33,316382.0,283392.0,359480.0
3fb03f39fb2232e19b6de537731aa5ad,normal,0,0,0,0,False,False,,,,
3fbf5ad0dc91fdb688ec53aceaa2bcac,normal,0,0,0,0,False,False,,,,
3fcd92fe8e56a1867bb6c72d87a3025d,abnormal,6,0,6,2,False,False,218660.0,204998.0,139446.0,316496.0
3fcf06bf3f3395ba65a8b648b68e98d4,abnormal,9,0,9,4,False,False,145119.44,128142.0,10455.0,371644.0
3fd0af8df0d247cb4d3c4a89fad6936d,abnormal,5,0,5,2,False,False,205775.0,200928.0,71284.0,346125.0
3fd3aa2d64f365c666ce7de3d5352226,abnormal,6,0,6,2,False,False,319688.5,310451.0,106836.0,588777.0
3fd5a48543be08bc92fbcaa0971cf50e,abnormal,6,0,6,5,False,False,52450.67,59814.0,19520.0,81984.0
3fd9727ab2ea76dac5770130661a738d,abnormal,4,0,4,1,False,False,34860.5,33806.5,6831.0,64998.0
3fe37d132711f84805405defb3673681,abnormal,6,0,6,2,False,False,190369.33,192411.0,69888.0,320210.0
3fea0b91a09533ea4c546cb1e49b8234,normal,0,0,0,0,False,False,,,,
3ff22a602b26d804863daaf6b7230d47,abnormal,6,0,6,4,False,False,41028.67,38442.0,6241.0,76693.0
3ffaeb3a9eb495e0a59bd62b09bdf319,abnormal,7,0,7,3,False,False,1162032.29,368538.0,94900.0,2575600.0
3ffb156c2d5e299fb0b69c542862f832,abnormal,3,0,3,1,False,False,240966.67,329400.0,57120.0,336380.0
4004f114ab2ecb224ac7484957b79ea4,abnormal,17,0,17,6,False,False,69525.35,51450.0,2320.0,261385.0
4010817f919544f7c1c7eef1858ce071,abnormal,23,0,23,5,False,False,51382.39,15748.0,3654.0,337329.0
4016b176eaf40d514b0559a0aeb48f21,abnormal,10,0,10,5,False,False,230896.7,149679.5,10230.0,628667.0
401aee86de220c3e1fd9baae09f6f7e4,abnormal,11,0,11,5,False,False,169353.73,97650.0,12305.0,452304.0
402499b5db5c7e4d68f3024f6a43d819,abnormal,5,0,5,3,False,False,464101.8,626416.0,15660.0,927423.0
402e634d189693e887ccd6e488a4b29d,abnormal,15,0,15,4,False,False,518105.8,55444.0,8036.0,2587310.0
4032f3f1ead75a0d12137f73c6a653d8,abnormal,6,0,6,2,False,False,298106.67,284701.0,123402.0,517280.0
40365f729045dde403d39546afc573a2,abnormal,6,0,6,2,False,False,264596.5,240310.0,72345.0,497250.0
403867d85b6e84c2ffe7ada4ec656b5c,abnormal,4,0,4,2,False,False,216963.5,127238.5,103041.0,510336.0
4068af795c7cb80fec0883dab82f4fbf,abnormal,19,0,19,6,False,False,315509.79,169824.0,52624.0,649904.0
407530901f066b6b5b5d486495617fc8,abnormal,13,0,13,6,False,False,403935.85,468027.0,34028.0,1055250.0
4085e7c5e44d4bc75213131a8a6aee47,abnormal,5,0,5,3,False,False,244963.6,177126.0,80088.0,508070.0
40946078a25a73b1cf8ad53d4497b4ca,abnormal,6,0,6,2,False,False,212481.33,214653.5,46366.0,376992.0
40956f021a2759da665c4497ca71ea5c,abnormal,5,0,5,2,False,False,367120.2,545725.0,72884.0,591408.0
40b51daeb48afacaaa3efca42bcaaf9c,abnormal,9,0,9,5,False,False,180859.56,173610.0,9409.0,360180.0
40b734f156870865282a367fb8e3621f,abnormal,5,0,5,2,False,False,164400.8,89355.0,69940.0,316597.0
40b9a833fd7bc494e9803286d9349ca6,normal,0,0,0,0,False,False,,,,
40c5bb0fb2daacf73f49b8cdfc278a27,normal,0,0,0,0,False,False,,,,
40e4e25dffe7079e7523117ca5579aa4,abnormal,5,0,5,2,False,False,144751.8,85050.0,49729.0,323818.0
40e919b188ff9c41cf2e3f9c37a4b808,abnormal,3,0,3,1,False,False,39020.0,46830.0,16680.0,53550.0
4113bf958daeb1b468c147801007dfc3,abnormal,6,0,6,4,False,False,57870.83,46853.5,24205.0,110152.0
4117133a86ed741c387d404a8ffe5581,abnormal,11,0,11,4,False,False,364977.36,288868.0,46762.0,1382754.0
411720e11033999fe479d1c1a66819e9,abnormal,8,0,8,4,False,False,130027.0,14976.0,1232.0,628480.0
4127fa1e8bcb9931cc8b49367eecef78,abnormal,20,0,20,6,False,False,62377.1,32569.0,4420.0,180864.0
412c4d81ec9510492343169ea6fc6a68,abnormal,13,0,13,6,False,False,54211.08,18632.0,7276.0,167314.0
412fc134e3193cefce521a751c3b254f,normal,0,0,0,0,False,False,,,,
413010bcfa8857cbd34a99f115926686,abnormal,4,0,4,3,False,False,210978.25,215129.0,19701.0,393954.0
4134e5340d245866991f98a73310358f,abnormal,8,0,8,3,False,True,204569.5,103392.0,38376.0,456198.0
413a167473cba4db44ee7be8359d1546,normal,0,0,0,0,False,False,,,,
4142e0645234ffd87a9fa0b8aaa6bbb5,abnormal,5,0,5,3,False,False,119942.8,129471.0,55493.0,145621.0
414615baf78e32f3405cbcf5b742895d,abnormal,9,0,9,4,False,False,132831.0,96612.0,35424.0,278432.0
414ae85a6ec97db19ed913bde0062b11,abnormal,15,0,15,5,False,False,194747.93,34374.0,12397.0,728664.0
415f0f58066bad3d69bd5fac2c80574b,abnormal,10,0,10,2,False,False,86338.7,73496.5,32175.0,193995.0
4170940c52599e7c3bb9b4088bb3d884,abnormal,6,0,6,3,False,False,198851.67,32505.0,27690.0,587486.0
417de085be6029490ca2690608d65e57,abnormal,10,0,10,6,False,False,178677.8,94905.0,1450.0,546039.0
418f63372f9d6d1e2e37dcfb466d6740,normal,0,0,0,0,False,False,,,,
41981decf2f67490e917ab06a55a677c,abnormal,5,0,5,3,False,False,344715.0,110475.0,89745.0,719216.0
41a3987fef185ed06ea962df3493f57a,abnormal,6,0,6,4,False,False,38016.67,25456.0,16046.0,97344.0
41a85f4b0d6836e24334e29b3d952e76,abnormal,3,0,3,2,False,False,87610.33,83738.0,22008.0,157085.0
41bce02542a90273d79a8cc6d214170d,abnormal,9,0,9,4,False,False,246375.11,215696.0,31980.0,463085.0
41c40fd3bd0719e48290cd6f3485ca77,abnormal,8,0,8,3,False,True,195835.25,79246.5,15000.0,455800.0
41cee81dbe9886a56b6c3ee56fb23448,abnormal,30,0,30,9,False,False,490148.0,305798.5,14388.0,1316014.0
41d514ff20e011d114c57e8a5058fe61,abnormal,9,0,9,3,False,False,60027.22,45756.0,22750.0,120432.0
41d642577ada2969ece3637f6c800139,abnormal,4,0,4,2,False,True,181557.0,211450.0,10880.0,292448.0
41ebb4e4b4434bb495434e6a4026c9d7,abnormal,13,0,13,3,False,False,216378.69,191820.0,26820.0,512082.0
41fb428a3813d4efe0f1031d9bff16df,abnormal,6,0,6,2,False,False,235872.33,220146.5,92510.0,426756.0
4203ea234a2b4f10be4bd90cddc64347,normal,0,0,0,0,False,False,,,,
420e72f8ebc531f2eaed5ee48a3203b4,abnormal,4,0,4,3,False,False,313713.75,318243.0,244449.0,373920.0
421a769663792125e8d7d05459a01efb,abnormal,4,0,4,2,False,False,155028.0,133769.5,11742.0,340831.0
42288fde1946f3c9261a97405741979c,abnormal,4,0,4,2,False,False,294958.0,363839.0,36360.0,415794.0
4230309aa0f542050321fe2be02554d7,abnormal,7,0,7,3,False,False,157117.43,106880.0,52441.0,298305.0
4248a80a016d3bb7c12544e32d97330f,normal,0,0,0,0,False,False,,,,
424c14b6f0a526ca2e8b4e9be9f70e03,abnormal,4,0,4,1,False,False,13929.25,13801.5,12994.0,15120.0
425a34be84f439353a9d4a2f54212e8c,abnormal,4,0,4,2,False,False,148879.5,103596.0,81012.0,307314.0
4268985caaa0bb4145dd056d5aa84b27,abnormal,14,0,14,7,False,False,69684.29,16615.5,2156.0,424908.0
427693347c93b01e186e65ddabcc01b0,abnormal,9,0,9,6,False,False,86653.0,24332.0,3074.0,346720.0
427db646765e399ae43ccd98c50effdc,abnormal,6,0,6,5,False,False,143854.17,85273.5,29760.0,423150.0
427f538105c4b3e67683731e4cb6eacf,normal,0,0,0,0,False,False,,,,
429ce8e289547fe54bb229c3091cedbf,abnormal,4,0,4,3,False,False,177905.5,96757.5,3575.0,514532.0
429f8dfd3cd4748c67b8395f9e8d678e,abnormal,8,0,8,3,False,False,188637.25,150751.0,4522.0,417094.0
42a0e01edabc44f812173bb07fa5bb09,abnormal,6,0,6,2,False,False,183041.17,145584.0,58280.0,358124.0
42aa1ebd4dbf93efaeb7442f6484ed00,abnormal,10,0,10,3,False,False,45757.8,20330.0,14008.0,170799.0
42c049fd05428f7d606e9da4a95a8c3b,abnormal,12,0,12,5,False,False,225124.92,97986.0,54649.0,720324.0
42d2ad470aec5b121fb71822abcecd69,abnormal,4,0,4,2,False,False,160610.75,139007.5,83232.0,281196.0
42e45c17b9e92a9108ef6f2f47804d8a,abnormal,8,0,8,4,False,False,818862.62,805186.5,46872.0,1678752.0
42fba4329860d5995fea57553104907a,abnormal,10,0,10,5,False,False,474424.0,204838.5,15500.0,1786536.0
43042c8224a4438b1ce2bb0695976182,abnormal,6,0,6,2,False,False,177527.17,178026.0,73575.0,289912.0
4308b795084095f21117491e3b07f2a7,abnormal,27,0,27,6,False,False,87215.59,59033.0,1849.0,328000.0
430e3d75b2b3924e82d5fcf9bec84e8b,abnormal,15,0,15,7,False,False,134300.0,83980.0,8928.0,422280.0
4334f287e7a843348a24c4dfa9718d6f,abnormal,11,0,11,4,False,False,168671.82,78000.0,33930.0,421200.0
4350258eb4d7ec91137c01233fe0a51c,abnormal,7,0,7,3,False,False,172814.14,157150.0,100142.0,248244.0
4361c97e29d8614a2b2a539beaf8aef0,abnormal,7,0,7,4,False,False,169690.14,75480.0,71760.0,456225.0
4376c4766028d6873001b6653c5b6a13,abnormal,6,0,6,3,False,False,134903.0,67057.0,8554.0,366660.0
43947f72e5d1a4998606a193af8b7a69,abnormal,11,0,11,5,False,False,361396.64,433780.0,29414.0,891132.0
43a9edf6cea5fec0b63f8a6d9e2a50d7,abnormal,12,0,12,5,False,False,74710.58,38125.5,17296.0,446208.0
43b12f96beff0400ddc04da244e69983,abnormal,4,0,4,2,False,False,389553.25,437724.5,47880.0,634884.0
43c1e275bc208f31cc3b1a6c8fda1ea7,abnormal,7,0,7,3,False,False,239904.43,71708.0,41884.0,486873.0
43cbc92d48a9318036e947277c3981fd,abnormal,15,0,15,5,False,False,257544.93,70720.0,7701.0,1984743.0
43d3137e74ebd344636228e786cb91b0,abnormal,7,0,7,3,False,False,758247.43,1133910.0,143902.0,1294272.0
43d5a4a18c3228cf1060d24a9407036c,abnormal,4,0,4,2,False,False,240045.75,278520.5,47138.0,356004.0
43d6a61fac5fb77bbf83e0070b914c82,abnormal,11,0,11,7,False,False,339109.73,289884.0,12180.0,999448.0
43e11813c6d7bcef779a1a287edc02c4,abnormal,6,0,6,2,False,True,951661.33,942152.5,9919.0,1925060.0
43e96bafa84091eec856901f949efa05,abnormal,3,0,3,2,False,False,147965.33,146211.0,140976.0,156709.0
440d5de43270006800efa1caecede2f1,abnormal,5,0,5,3,False,False,93026.0,59616.0,54990.0,148844.0
44227b3ea199ef4a06524f5c843e2608,abnormal,11,0,11,5,False,False,199077.73,113100.0,16510.0,620032.0
442c07cd30e5e5acb538377be3dd4051,abnormal,3,0,3,1,False,False,421185.67,332576.0,258750.0,672231.0
4462595f31d1a2c5aac2b3a8a49536d4,abnormal,7,0,7,1,False,False,67217.86,62720.0,39820.0,115810.0
4479ab54ba10a7609e2baaf28f04a5cb,normal,0,0,0,0,False,False,,,,
4492c069f7ada2a19b95a740e9af64e4,abnormal,7,0,7,4,False,False,438452.14,145145.0,29400.0,1280448.0
44999de3c6dd3312011578cdbfc7116e,abnormal,13,0,13,3,False,False,54699.46,37036.0,24495.0,121920.0
44bee0141a26e62f08e6da00b0dbf165,abnormal,6,0,6,2,False,False,282631.33,280761.0,74646.0,527160.0
44ca3d27effe04ec7ac6e46ef63099b5,abnormal,11,0,11,5,False,False,181520.18,131334.0,9751.0,680578.0
44e0f233a3ade73cab164079b182bf41,abnormal,4,0,4,3,False,False,157591.75,82547.5,8880.0,456392.0
44e4be82a8acb16906b5398bc464b472,abnormal,6,0,6,2,False,False,306836.0,309633.5,121730.0,475397.0
44ff83f86f81c54ed2540ccddcc68263,abnormal,10,0,10,6,False,False,301557.8,288369.0,2538.0,699426.0
4500dc880a0978a7a1f91a0be2756806,abnormal,6,0,6,2,False,False,256121.17,199861.0,67097.0,502381.0
4524f9b0da0eb546173210ef937b583c,abnormal,9,0,9,3,False,False,179976.89,133350.0,31098.0,363573.0
4529b87e145b07c60ef3c4e3c914dc78,abnormal,10,0,10,3,False,False,70564.3,56800.0,14040.0,132995.0
45398cfbf0d0f364c24b5d4458df4c8e,abnormal,5,0,5,3,False,False,95780.4,23814.0,11336.0,371036.0
454d4b20bb55eb38f90fd51706531b9e,abnormal,7,0,7,3,False,False,59953.57,58500.0,17875.0,105194.0
4552f5fcf83d643416d9da169bfbba67,abnormal,7,0,7,3,False,False,224626.57,117292.0,8800.0,512358.0
457e53f750c2f152033022e7918cc296,abnormal,9,0,9,5,False,False,357135.56,210870.0,20550.0,836400.0
458a8766b1f96850e9f893e382058988,abnormal,6,0,6,2,False,False,723072.83,742338.0,244800.0,1168650.0
458c16f2648bd04054649d10a11b9fdf,abnormal,10,0,10,4,False,False,83057.2,38500.0,1740.0,325032.0
458dac26200d54d8be49a43e001dc7da,abnormal,4,0,4,2,False,False,300211.75,363685.5,14508.0,458968.0
45be6be8ef7817787b00be04c6fd5286,normal,0,0,0,0,False,False,,,,
45d77bbb17ed1131a96b6fa31327a9de,abnormal,14,0,14,8,False,False,188766.0,104842.0,46956.0,571590.0
45f8fd11d471cfb910172d26f8157ee5,abnormal,17,0,17,8,False,False,156312.53,67156.0,21560.0,520884.0
45fad4fe08460cf9aec10986ba13c582,abnormal,6,0,6,3,False,False,195941.33,194404.0,151600.0,241820.0
45fe7f662e03438dcf15144ae9d74ce5,abnormal,6,0,6,3,False,False,162766.33,112856.0,33072.0,534186.0
46355182cba3399f341d1cd6474f45ac,abnormal,5,0,5,2,False,False,44750.4,45784.0,14850.0,77816.0
464c4f4d94d999777e09aca18e381926,abnormal,5,0,5,2,False,False,98577.8,53126.0,36816.0,181260.0
4652edceea12613caef68322a7fddec0,abnormal,11,0,11,2,False,False,200331.0,205932.0,1551.0,755160.0
466b5b5f21f766aecb22148002ff865a,abnormal,3,0,3,1,False,False,125802.0,123342.0,119784.0,134280.0
46b92bf299d677ff131e33dc85a5b8f2,normal,0,0,0,0,False,False,,,,
46ddca654164928e6c422e3e2eb24f9e,abnormal,9,0,9,4,False,False,138394.22,63481.0,26520.0,459633.0
46e487b18e0988c53bf9056bd3689a6d,abnormal,9,0,9,2,False,False,147099.22,117174.0,60264.0,316736.0
46f3ff375571079569284a232627d27c,abnormal,4,0,4,3,False,False,70883.0,66740.5,58968.0,91083.0
47062412df3d5cbfe56f5753cfc45035,abnormal,8,0,8,3,False,False,48060.25,28068.0,15834.0,106140.0
47110277377a779131d0e08d4389a503,abnormal,11,0,11,4,False,False,89506.64,60918.0,9010.0,441956.0
47188d0c91088558e62b52f1c9f06b0d,abnormal,13,0,13,3,False,False,104959.08,27459.0,2173.0,510816.0
4719de7513996807940aa3b1bbbb9610,abnormal,3,0,3,1,False,False,131948.0,140277.0,108171.0,147396.0
4726c4907566b5876c5c1fc7c5e876f1,abnormal,10,0,10,4,False,False,84783.5,53387.0,29045.0,329515.0
472b196c9371aa9d6e9d23ccf82936c2,abnormal,5,0,5,2,False,False,126122.6,137268.0,16617.0,291336.0
47322c3b3510df3e395773eca7e06dc8,abnormal,3,0,3,2,False,False,321504.67,280809.0,259160.0,424545.0
473e37c62215eca1498bf0584e59b69a,normal,0,0,0,0,False,False,,,,
47413ec6c79b4795ea7849cea26ece84,abnormal,9,0,9,5,False,False,351684.78,398880.0,14420.0,575181.0
474bbe6ff1f8b29f0e274dc459d95f70,normal,0,0,0,0,False,False,,,,
474f5063494b22e24a8a4855b080a640,abnormal,7,0,7,5,False,False,189236.57,154044.0,7980.0,299370.0
475705a8adf676e4f6d9db5296ed2b71,abnormal,6,0,6,2,False,False,241526.83,227346.0,95456.0,412729.0
4758f12fa97db882fa8b7142014cefb4,abnormal,6,0,6,2,False,False,223205.83,206712.5,69861.0,397570.0
476d64deaa4b32e9de9a508d3541f5a9,abnormal,3,0,3,1,False,False,322001.67,309290.0,301950.0,354765.0
477085017102d1d52b49984eb8b65a0c,abnormal,4,0,4,2,False,False,149479.25,75516.0,68021.0,378864.0
479f688143635e866da68da5dcd88efc,normal,0,0,0,0,False,False,,,,
47a50643e0ffee2204984ca1ac6bccf0,abnormal,15,0,15,6,False,False,265790.27,264575.0,127836.0,405616.0
47b5f7251d5c95b57e1fd1263587c2bb,abnormal,5,0,5,2,False,False,219957.8,327281.0,35571.0,346753.0
47c3488b2b2c3cc1fe426ba89c5ea057,abnormal,9,0,9,3,False,False,923783.22,980574.0,156128.0,1220424.0
47d1e25eede8a23cc44fda5c031127d6,abnormal,5,0,5,3,False,False,90950.2,89056.0,5994.0,148964.0
47d5d77dd3faf937362a6a8c44c3df6d,abnormal,15,0,15,6,False,False,137819.0,110484.0,29250.0,507507.0
47ed17dcb2cbeec15182ed335a8b5a9e,abnormal,8,0,8,3,False,False,502710.25,76537.5,11514.0,2033874.0
480fba9f814cae86968210673cab2c61,abnormal,4,0,4,2,False,False,238997.0,278428.0,39780.0,359352.0
481d58f636bb1d5b6d568e190b172a57,abnormal,6,0,6,2,False,False,187345.83,186614.5,39375.0,323391.0
4849b3d33dee7a3644c2e5d8b69ebf47,abnormal,6,0,6,2,False,False,161758.83,162300.0,80868.0,243936.0
484ac8b02e7fdf5807e95774da5f625f,abnormal,7,0,7,3,False,False,101374.29,71060.0,25612.0,356970.0
485c87f489b33281e4a49e4ac0ceded3,abnormal,5,0,5,3,False,False,424870.8,412996.0,242544.0,727285.0
485d22df0c99d17579ec2b44799ffb50,abnormal,3,0,3,1,False,False,141495.33,130221.0,116936.0,177329.0
4869a847a5271f2eeffe65ff1db8a9b1,abnormal,5,0,5,3,False,False,114963.8,146697.0,11914.0,226032.0
48774729b8921e024731f773e541d248,abnormal,9,0,9,4,False,False,505306.56,398049.0,36894.0,1133675.0
4899401111bd09c261554c3b55009e08,abnormal,6,0,6,2,False,False,27520.5,6930.0,5840.0,127466.0
48a92383d627a10126b46b6bfae2bdb5,abnormal,3,0,3,1,False,False,111907.0,105672.0,96480.0,133569.0
48bb4ad46a1a86fd959ddb23e5bf3618,abnormal,6,0,6,2,False,False,562871.33,473091.5,186705.0,1114160.0
48c44319fb3ad32555821ee0c74e6719,abnormal,17,0,17,5,False,False,286956.47,216450.0,57096.0,892320.0
48e1b4c86146132c1e3b514ab99050d9,abnormal,7,0,7,5,False,False,157460.0,32154.0,8964.0,517000.0
48e258ce61a71b27f93233e021024be8,abnormal,7,0,7,3,False,False,229341.86,161336.0,51240.0,430165.0
48e62136c5671259ad62877dfb5339d6,abnormal,4,0,4,2,False,False,102308.0,101357.0,19454.0,187064.0
48f3a35fcd6c76d5d0ee2d475b3f1f51,abnormal,5,0,5,2,False,False,479929.0,203510.0,129238.0,1063464.0
49067626b247a6e8b9bd7e5b1d776c38,abnormal,6,0,6,3,False,False,199015.67,121840.0,13452.0,461538.0
49124d28f1789656d1da791c8f60b17a,abnormal,5,0,5,3,False,False,615650.2,807690.0,162274.0,1084005.0
491c13b1c12bb702181d4795d3dd5083,normal,0,0,0,0,False,False,,,,
492c436c00725c4c909ec6fbc9223b92,abnormal,28,0,28,6,False,False,68902.5,39239.0,726.0,312828.0
494ff71dc671dfe9fa10126064b9ce15,abnormal,4,0,4,2,False,False,649838.5,455442.5,336762.0,1351707.0
495111db9d791a4667f35da65361aec5,abnormal,6,0,6,4,False,False,189292.5,115310.0,23744.0,712125.0
495fcdab0b3ae4e0856700741d4ff17b,abnormal,6,0,6,3,False,False,247539.67,174140.0,25092.0,505827.0
4972b3b12340e6f5b302c45ac60a1f75,abnormal,6,0,6,1,False,False,40743.5,44839.5,12320.0,63180.0
497a208d6060186f0bf3d7ebcf57fc02,abnormal,5,0,5,3,False,False,96251.8,11026.0,7367.0,394370.0
4987937425ec6478ba2f1c7549cb5369,abnormal,8,0,8,2,False,False,23344.0,16665.0,5300.0,51520.0
498ac0c4815a890629cf509446a47238,abnormal,39,0,39,5,False,False,11325.51,2989.0,216.0,107702.0
499bf22f9d6aba3f7da0609d935c9e1d,abnormal,17,0,17,6,False,False,175534.06,37800.0,18144.0,1130272.0
49c28afe8b399952b27ba05c8dd9cc04,abnormal,6,0,6,2,False,False,232966.67,220304.0,82812.0,447930.0
49c6238789bcdf8f37303fb8f70b7a9d,abnormal,5,0,5,2,False,False,203785.6,101536.0,78010.0,374248.0
49c82483ac000168b60056b1153c1afd,abnormal,6,0,6,2,False,False,138174.83,129037.5,45136.0,240298.0
49d5b90070caab91081e5e3b26b1a0f5,abnormal,8,0,8,3,False,False,193460.0,124459.5,24497.0,693001.0
49ded6fae1ab18e9200f9d9cbf26e884,abnormal,12,0,12,5,False,False,472958.0,352397.5,14448.0,1488800.0
49eebefcfec20d1e94df3fe97f3464fa,abnormal,6,0,6,3,False,False,311593.83,274531.0,87615.0,630230.0
49ffdc3f7a8d0fc1f91335975ac6b44f,abnormal,9,0,9,5,False,False,484031.11,348920.0,3828.0,1153359.0
4a24da485b9550c8df8b19caff945cdc,abnormal,9,0,9,4,False,False,251152.89,324192.0,48178.0,435984.0
4a2dec8f7163be64ef67f0d09056c921,abnormal,8,0,8,4,False,False,518440.38,452379.0,96096.0,896616.0
4a300e435a3290c70193efd5d89c033e,abnormal,5,0,5,2,False,False,274358.4,155568.0,94666.0,607544.0
4a46cdf01cee2a200f00daedf11576a9,abnormal,10,0,10,3,False,False,210378.0,141372.0,39037.0,509971.0
4a5732c7b9983cc84c987f27de556a9a,abnormal,7,0,7,5,False,False,29002.43,17005.0,10974.0,84665.0
4a67efd541f3149e52fc543a33abd332,normal,0,0,0,0,False,False,,,,
4ac56d1d9d015150191e49197b8ed15e,abnormal,5,0,5,3,False,False,504300.4,200583.0,54240.0,1266803.0
4ac9c86c8538aadbcd05f36516562692,abnormal,3,0,3,1,False,False,78619.0,76212.0,69861.0,89784.0
4adeb5e5837fa7187535346c27d1afa6,abnormal,3,0,3,1,False,False,13639.0,11844.0,11118.0,17955.0
4b001bab36d94f73c1ead3ab74690dbc,abnormal,32,0,32,6,False,False,194439.72,62973.5,180.0,1146360.0
4b33db392748079f75a5250a15840b74,abnormal,8,0,8,3,False,True,368625.0,419154.5,68085.0,730815.0
4b4502be77b11e64bf31e62dc098da41,abnormal,6,0,6,3,False,False,310633.5,375020.0,32750.0,623360.0
4b56bc6d22b192f075f13231419dfcc8,abnormal,12,0,12,5,False,False,83424.75,40745.0,17622.0,301788.0
4b6420b930df7a0b2b4d64fb1be5a796,abnormal,8,0,8,4,False,False,153668.38,59356.5,32800.0,430128.0
4b6ca2a1a046bd045ea254e6550c8b5c,abnormal,9,0,9,4,False,False,184084.33,130896.0,5376.0,388500.0
4b8c24a1eaeabd898c28a92d25cc3632,abnormal,5,0,5,3,False,False,208412.2,192448.0,129115.0,370866.0
4b91d54f3170a9c8a757e6acd6c25588,abnormal,17,0,17,8,False,False,527366.94,561500.0,135000.0,934298.0
4b9ee23b2f17c3621158a9bef81cf86b,abnormal,8,0,8,5,False,False,352038.0,360249.5,4606.0,650796.0
4ba255d801f2e52fd54a67d79bd3da8a,abnormal,6,0,6,2,False,False,91076.5,69079.0,6174.0,235531.0
4ba445edf32750faf59f06cb09f1ed93,abnormal,4,0,4,2,False,False,115947.5,58942.0,7722.0,338184.0
4bb91fbeec0e58edace928f8b991cdbb,abnormal,3,0,3,1,False,False,397815.67,375921.0,339918.0,477608.0
4bbfa8505b7fbc0685c14d1003763f9e,abnormal,6,0,6,3,False,False,204634.17,173859.0,55413.0,543808.0
4bbfc3389565fc0e2617678317127940,abnormal,3,0,3,1,False,False,64574.67,60444.0,52416.0,80864.0
4bbfe3f248e318444c6628c28c2dbfae,abnormal,5,0,5,2,False,False,196193.4,266067.0,54270.0,287210.0
4bd2c3d9e7b1e62d3b55d858b5dca1a0,abnormal,14,0,14,7,False,False,276556.21,168096.0,24843.0,868400.0
4bd71829299b65b9ba7a01ce24387427,abnormal,17,0,17,6,False,False,202613.29,59631.0,20437.0,672826.0
4bdaa2947c7003aff2cd158ae9e186dc,abnormal,6,0,6,2,False,False,554159.5,534698.0,101959.0,1020840.0
4bdb9e0eb858b60bb9cf97656c5d6130,abnormal,26,0,26,6,False,False,107111.04,59054.5,24153.0,288402.0
4befb68953c8c713258a3e676d3df30d,normal,0,0,0,0,False,False,,,,
4bfa2fa5fbcaf56ac690ad40fd74b260,normal,0,0,0,0,False,False,,,,
4c029c4f3deed9414b157053867709b0,abnormal,5,0,5,2,False,False,177867.6,172125.0,99752.0,287658.0
4c02da7cd2dc7415b226103114e5aaf0,abnormal,14,0,14,3,False,False,80494.86,42452.0,6966.0,332310.0
4c08ca0e2bce2f1fc972f5b0b10312c7,abnormal,4,0,4,2,False,False,278097.0,315369.0,84019.0,397631.0
4c127b111ebdba8c59de22a06ca00a7f,normal,0,0,0,0,False,False,,,,
4c136dc24756a39edd30f610a01029df,abnormal,7,0,7,4,False,False,119838.86,73395.0,2773.0,317745.0
4c27e9e5e1f0eccd8fbda6137e6d29d3,normal,0,0,0,0,False,False,,,,
4c343392ba20dd751dab3f9178bf01af,abnormal,6,0,6,4,False,False,89831.33,54799.0,3234.0,328536.0
4c4a83fb016a133dcc7a868e7eb229e7,abnormal,7,0,7,3,False,False,217783.43,105342.0,66203.0,461396.0
4c4cf43e7c8529c430c1d1295fee1784,abnormal,14,0,14,6,False,False,364736.0,350532.0,144210.0,524348.0
4c5bf28c7cdb9d7c5ac93c78bbd7bdef,abnormal,6,0,6,4,False,False,525453.33,522549.0,369369.0,693155.0
4c68b98043a1d2f7215d0db1a761bab3,abnormal,6,0,6,4,False,False,571634.67,529464.0,65310.0,1224476.0
4c6b4bdeeca13b091e52dd6d674b90f8,abnormal,4,0,4,2,False,False,262467.5,321325.5,68769.0,338450.0
4c7d33b4c5bf485af4df30bb8500a002,abnormal,5,0,5,4,False,False,272186.6,121272.0,27405.0,604488.0
4c8b34b2b49560459f55016cc28a9b4e,abnormal,6,0,6,4,False,False,413670.83,376778.0,69252.0,757656.0
4ccc63ecf9efef91deef0f5849e3ad34,abnormal,13,0,13,6,False,False,312467.46,173460.0,18126.0,999518.0
4cccd244506af875fc9d2a32ad2b4b96,abnormal,10,0,10,5,False,False,255771.9,185846.0,92394.0,672435.0
4cd6ce29c3b6bab1f3f23509644cd626,normal,0,0,0,0,False,False,,,,
4cdc062257b3f9570bef2afe986605a8,normal,0,0,0,0,False,False,,,,
4ce311cd58824cdd3b6ca3e0878bb9c1,abnormal,3,0,3,1,False,False,569577.33,549598.0,529500.0,629634.0
4cf1b1d76ab89d36c71bb2c1cbd4335b,abnormal,9,0,9,2,False,False,54915.67,39386.0,8925.0,121512.0
4cfcd0c0e7dcd3236b98e3361af8b324,normal,0,0,0,0,False,False,,,,
4d01d09027d1d1e0513de4c8b4fc20e1,abnormal,5,0,5,2,False,False,240183.2,150080.0,90885.0,465582.0
4d0acfb4200c0153173d5d9997e6fe43,abnormal,4,0,4,2,False,False,146262.25,89668.5,81592.0,324120.0
4d314293037f079e4916231d262212d3,abnormal,5,0,5,3,False,False,23676.2,3886.0,2024.0,92274.0
4d382aae3f8589c113589533ffdb3545,normal,0,0,0,0,False,False,,,,
4d3a1fe62d0df7015482f6c8429ed5a8,abnormal,6,0,6,2,False,False,216482.5,216831.5,84790.0,364762.0
4d8a51ab3ebdb9b9f91c373b56b5d7f3,abnormal,6,0,6,2,False,False,52375.67,54636.0,26712.0,78144.0
4d8fb15d5bf045d6fb3809b305ce9d42,abnormal,6,0,6,3,False,False,58003.83,74086.0,4347.0,103108.0
4d911f55a3576833aa411f5718c8021e,abnormal,9,0,9,4,False,False,81658.56,92382.0,36135.0,114576.0
4da6d92e1eeeed4658aaa52ce11fe8f4,abnormal,13,0,13,5,False,False,154128.38,55760.0,17098.0,552690.0
4db4ecf3e2d32c92cf3f10c7b1643a5b,abnormal,15,0,15,7,False,False,247342.07,124264.0,9514.0,768859.0
4db77a5ffb5fa45be829a1cb9f6bc281,abnormal,6,0,6,2,False,False,211258.17,193205.5,70612.0,430032.0
4db7b12c1770b0aef3a1ea88bb95d97a,abnormal,8,0,8,4,False,False,103350.88,45030.0,5781.0,475596.0
4dba0415612e40d5f6351068afec5188,abnormal,8,0,8,4,False,False,372183.5,308659.0,77400.0,793360.0
4dc920678507b8b1f441b541c5f7d8a6,abnormal,3,0,3,2,False,False,53735.0,45828.0,42903.0,72474.0
4dd2565b70e524eeabe9a1c6ce75a3a3,abnormal,3,0,3,1,False,False,462095.67,456615.0,448204.0,481468.0
4ddc546539907c6884564c6711e6e8f6,abnormal,4,0,4,2,False,False,165069.25,151594.0,73143.0,283946.0
4de0046df0947c59999ff9fc24c8f1f8,abnormal,9,0,9,4,False,False,536825.22,670862.0,12210.0,1002400.0
4de285a2425fae1e19bb809500afb721,abnormal,8,0,8,4,False,False,377188.38,375945.0,48199.0,701568.0
4df989ed5a8e07614c7121e0f57ab881,abnormal,6,0,6,2,False,False,316166.0,260343.0,86432.0,606048.0
4e05e0eb20d51d18764289ce2c240942,abnormal,3,0,3,2,False,False,806598.67,574804.0,351288.0,1493704.0
4e0856fe29f4d2eecc45dcac43c39c1e,abnormal,8,0,8,2,False,False,230449.12,256648.5,20604.0,456076.0
4e1c7c8139ca923967f318edb0fec0e6,abnormal,7,0,7,3,False,False,250122.0,168519.0,14410.0,446182.0
4e29508a919faf1d425a6a8c14d7a08d,abnormal,3,0,3,1,False,False,113010.67,109892.0,89060.0,140080.0
4e39db9ee3a3fa04e219e4649581708a,abnormal,11,0,11,5,False,False,41822.73,18172.0,2350.0,113130.0
4e3a3b03cf00a9060ac139f57843a241,abnormal,10,0,10,5,False,False,295799.4,296615.0,108284.0,518130.0
4e64cec5f0f214dd6ab9eb488fe6ddb9,abnormal,3,0,3,1,False,False,92350.33,106560.0,56200.0,114291.0
4e67e6bf89bc680a13cdf9f72cf99423,abnormal,9,0,9,4,False,False,197981.78,115326.0,4071.0,479631.0
4e768f77541065c7e5465fc8e049e2d0,abnormal,8,0,8,4,False,False,404236.25,180749.0,77220.0,1221480.0
4e7a534c72ee26ef1610dd6e5c94d246,abnormal,10,0,10,6,False,False,176464.6,165678.0,56540.0,368402.0
4e7fe9cc13468517b324743c8c8b7b40,abnormal,12,0,12,7,False,False,234744.25,209095.5,58312.0,544011.0
4e8ff7aae833d90a392038e0469a580b,abnormal,6,0,6,2,False,False,271975.0,263171.0,120328.0,477194.0
4ea43f30fdd925340ad598bb10028c97,abnormal,18,0,18,5,False,False,475978.33,368029.0,25864.0,1965315.0
4eba4a7398dcb610dfc7bd794e52b9e4,abnormal,5,0,5,2,False,False,463776.2,346890.0,127749.0,877548.0
4ec0857964d6c66165927a14b9b7f26f,abnormal,9,0,9,4,False,False,144608.11,150274.0,62745.0,218435.0
4ec2fcd26cb91d4d33596c69c46e0816,abnormal,8,0,8,3,False,False,167910.25,67966.0,19350.0,425955.0
4ed68446e699393eee15c57b87ab6f14,normal,0,0,0,0,False,False,,,,
4eed7a6bb03888eade13343f141dd5c8,abnormal,9,0,9,5,False,False,206429.44,171840.0,31753.0,446686.0
4ef1312ec852f7b0da904d5c023dd763,abnormal,4,0,4,2,False,False,39687.25,47009.0,9312.0,55419.0
4ef589fee1b30a47d9955e4613cf901c,abnormal,13,0,13,7,False,False,571078.38,170970.0,41140.0,2279439.0
4f15e82336d2e7505d4c9d757d6b1e68,abnormal,7,0,7,3,False,False,219263.57,277672.0,86328.0,378609.0
4f1aea7b3a7d3d3af2a5367565bc4f37,abnormal,7,0,7,4,False,False,192196.43,99882.0,46168.0,343040.0
4f3f489a6b0257782ee57deaba29b0d8,abnormal,7,0,7,4,False,False,786126.43,767462.0,56550.0,2066280.0
4f3f5460ae80ab6ec1bf00b33087a828,abnormal,20,0,20,8,False,False,263689.1,207277.5,41808.0,503247.0
4f55eff35e0c162fcde67c36b159e6c2,abnormal,13,0,13,7,False,False,97667.46,75624.0,8450.0,368225.0
4f6ce4d52f883da96b68389f0c86a3f5,abnormal,5,0,5,2,False,False,178738.6,125769.0,60480.0,333720.0
4f85a3489a50abf87136c4544ce8b2ba,normal,0,0,0,0,False,False,,,,
4f88ef0610cf30530d9492bf9980ffdd,normal,0,0,0,0,False,False,,,,
4fa30afdf5d4bbfcfd9071e2a56e7a4b,abnormal,10,0,10,6,False,False,418228.6,179577.0,106140.0,1133004.0
4fb8b42ce575d32e3bc864ac4b72b46f,normal,0,0,0,0,False,False,,,,
4fc9e9141f0c5a009cc703c2390a1206,abnormal,7,0,7,3,False,False,273935.86,253988.0,37779.0,473760.0
4fd945bbe2d065ec9f58c2e86de2e1f9,abnormal,3,0,3,1,False,False,446525.67,469623.0,374444.0,495510.0
4fea09c4066a754deae204145651ba66,abnormal,10,0,10,3,False,False,156063.0,76905.0,23868.0,413030.0
4ffd7c077cbf6ac90d95669b7cb314cc,abnormal,12,0,12,5,False,False,83352.67,35452.0,10494.0,435978.0
5020b0b92309c84c4db2b6efb0c16e98,abnormal,5,0,5,2,False,False,281232.8,359040.0,47025.0,497315.0
50297e864bd40ca2a8102013e0a899cd,abnormal,5,0,5,4,False,False,268518.6,355428.0,39440.0,436611.0
503b8d4fecc9a637a1bb1f088d66b496,normal,0,0,0,0,False,False,,,,
50625148e666a338a8588bd1b1e0b7f3,abnormal,7,0,7,5,False,False,28819.29,35685.0,17000.0,37620.0
50708867ca7d310f7a521c99e8404366,abnormal,15,0,15,6,False,False,389083.67,175086.0,21830.0,1228177.0
50723f9ca4e3cc4b33cac5970f8c442f,abnormal,4,0,4,2,False,False,464469.25,571557.0,79513.0,635250.0
5076848df8fa698b517a34f6a8246d43,abnormal,5,0,5,4,False,False,197050.8,71383.0,48312.0,693554.0
508083b00dfef2ea10fe2aebee580990,abnormal,20,0,20,8,False,False,264087.25,175602.5,22140.0,1178748.0
508c4c30d17b6c425cecaaa7121c578a,abnormal,5,0,5,3,False,False,26293.8,8004.0,5589.0,103122.0
50937a47ccac712f2dd7e750207c16ba,abnormal,8,0,8,2,False,False,82806.38,82935.0,28674.0,147777.0
50b13defc76ed84a3b775856bfda2dfb,abnormal,8,0,8,2,False,False,185774.88,147390.0,29055.0,397044.0
50d427f8dcf1ce69704b69db12d52192,abnormal,6,0,6,2,False,False,241648.0,242794.5,61325.0,433314.0
50e578a1af0cba03c513965993b9e5fa,abnormal,4,0,4,2,False,False,405443.25,504472.5,83628.0,529200.0
50f315c754b3530ac3c9bac3e96b22ac,abnormal,10,0,10,5,False,False,115994.3,13754.5,7056.0,381429.0
510de55463812cc7e80f16d523892408,abnormal,4,0,4,4,False,False,115228.75,95391.5,87354.0,182778.0
5110151fc236f15afffe7a5f8b9d7173,abnormal,5,0,5,3,False,False,94107.4,81073.0,72593.0,122139.0
511b2a7296990326bdc26ed3ca30a329,abnormal,5,0,5,2,False,False,39351.4,32472.0,16728.0,75815.0
511e8b50c9a7ecee4e1a8621f262e9ad,abnormal,6,0,6,4,False,False,154131.67,43309.5,7056.0,417226.0
51252d90beb12e47b0684e8673080ee0,abnormal,8,0,8,3,False,False,194225.12,120421.5,46512.0,425700.0
512e7a3cb8427dccc274f5425a3121dd,normal,0,0,0,0,False,False,,,,
513203e29fe43941076e37a945e58c36,abnormal,3,0,3,1,False,False,514589.0,472188.0,418122.0,653457.0
51422a086cffde581d437b25a71f2b20,abnormal,7,0,7,3,False,False,116475.14,111180.0,8272.0,378225.0
5156d69e540648eb952371ec5c80bc81,abnormal,13,0,13,7,False,False,164192.31,46216.0,12814.0,687784.0
515fa6a2f756494eb4b19d7248989268,abnormal,6,0,6,2,False,False,380380.17,342415.5,76342.0,731337.0
5161ae032f0552603b6de965b2bb3e09,abnormal,11,0,11,5,False,False,154142.64,111331.0,55924.0,286104.0
5164a68ca025b37b2ee9525b66c01071,abnormal,18,0,18,8,False,False,155695.72,109868.5,36051.0,366956.0
5170326726acc5b2f50c4426417f3b23,abnormal,14,0,14,5,False,False,89742.21,39271.0,20732.0,439264.0
517f3939a9628db4475c2c0ae39b2d1b,abnormal,12,0,12,6,False,False,94531.5,49596.0,14094.0,274725.0
5184bc9a54adf7c8cb707c45f21fd741,abnormal,8,0,8,2,False,False,80617.88,70491.5,37840.0,195789.0
5186303faebc722fd30549bffab17d28,normal,0,0,0,0,False,False,,,,
51866523926ef3d4f2e969f0c6efb13c,abnormal,5,0,5,2,False,False,143832.8,72522.0,53124.0,311054.0
51a8a2d913f12d2b39d9fe43fe27aa2d,abnormal,4,0,4,2,False,False,655359.5,752203.5,164820.0,952211.0
51a8d7259a0a6deac20b7c4979a7e847,abnormal,6,0,6,4,False,False,480649.0,537996.0,16800.0,971940.0
51b168d29879c8972aa29d9f31f4b00c,abnormal,9,0,9,5,False,False,10949.56,5456.0,4320.0,20701.0
51b32791c77b71fca56fc28f10ce770c,abnormal,15,0,15,6,False,False,552933.33,501004.0,10626.0,1070910.0
51cc7892a363b3d3479c7b801f7ca53e,abnormal,6,0,6,2,False,False,234528.17,231958.5,49164.0,437831.0
51cce256c4d5b81a6b65a24cfe7b3ba2,abnormal,11,0,11,6,False,False,359185.09,403260.0,79032.0,704121.0
51d1cf3040cca32ccbfdb70b95168fbb,abnormal,6,0,6,2,False,False,307479.83,315808.0,64347.0,533372.0
51df5eca07ab2ddb3be2eeee9a52c605,abnormal,6,0,6,3,False,False,31776.67,23128.0,2240.0,69960.0
51eb9c41906d5d46d35740f53d37ab49,abnormal,17,0,17,7,False,False,662323.94,417632.0,40656.0,1418848.0
520d974129f659b2ac9588b4f19bc58a,abnormal,4,0,4,2,False,False,196397.75,113344.0,85215.0,473688.0
5227d616111561c6fa23dbc07cf46929,abnormal,6,0,6,2,False,False,345789.33,301705.5,150592.0,635612.0
522dea0833b59836405679f464299eac,abnormal,26,0,26,7,False,False,456561.19,129336.0,18414.0,3175335.0
52448f4ee36620bad15bf4c097c6f17e,abnormal,11,0,11,4,False,False,62824.64,67872.0,15648.0,112992.0
5260bd9fff6293f51f50232b2f0ebdcb,abnormal,9,0,9,5,False,False,178017.89,238119.0,7476.0,291536.0
52637c1cd09bb2655f4c08aaa698a270,abnormal,11,0,11,2,False,False,50698.82,51205.0,17408.0,103279.0
5268b1ff61505e50ac05fd430cc45276,abnormal,23,0,23,8,False,False,206759.52,75481.0,16800.0,732816.0
528b0f9791c96c9cb1b2e4f510223f8e,abnormal,10,0,10,6,False,False,188144.3,153423.5,8272.0,572448.0
52951d7de2485aba8ed62629eee4d254,abnormal,3,0,3,2,False,False,180688.33,254305.0,5280.0,282480.0
52979eadb9adb0c1dc9a64fa0d3c4d26,abnormal,3,0,3,1,False,False,296870.0,293174.0,96815.0,500621.0
529d855ec524ddf484434d90da0e3f4a,abnormal,15,0,15,6,False,False,155155.13,52635.0,2350.0,1092960.0
52a4ee5944586edccdb0e1f25b7a9ef8,abnormal,19,0,19,4,False,False,64163.89,66990.0,2491.0,150156.0
52ad48bb3bd43f207c56972dbc29ce4e,abnormal,8,0,8,4,False,False,128597.38,54263.0,6440.0,523250.0
52c85584532b1c23d447ab91ac1787ef,abnormal,9,0,9,3,False,False,182151.78,142029.0,41760.0,454212.0
52d44d46feb0f3aa85e55476860b3ba7,abnormal,9,0,9,3,False,False,111834.11,53652.0,18564.0,292164.0
52e2c09b396b3591287d7040a9df8177,abnormal,13,0,13,7,False,False,150236.54,94856.0,15678.0,438999.0
52fe2f01573413223b1f7edee17de341,abnormal,3,0,3,1,False,False,41989.0,29280.0,25012.0,71675.0
53023065af5f5dbdc581ae1d01c707ba,abnormal,4,0,4,2,False,False,66832.5,51298.0,12958.0,151776.0
5308d2b6f06e98bd8e7c16ed6124aff1,abnormal,19,0,19,5,False,False,110232.21,51660.0,29016.0,463980.0
5318f62ea80235a9cc82ad475d79ee96,abnormal,4,0,4,3,False,False,67763.0,60116.5,22704.0,128115.0
5325bdc682cf5b460a489405dc2369f0,abnormal,5,0,5,3,False,False,83656.8,118502.0,1458.0,138348.0
53385a96b1681676153e5e8900eaac66,abnormal,9,0,9,4,False,False,121402.33,58050.0,8316.0,431802.0
534b124253b5513add03cd3c64d9b5cc,abnormal,7,0,7,3,False,False,273420.57,161734.0,55430.0,520768.0
5386660b78d301f69d170f83885aafe6,abnormal,3,0,3,1,False,False,104967.67,113880.0,68816.0,132207.0
53b1a490cd7e3a30e94014bdfd314d14,abnormal,21,0,21,3,False,False,18463.1,6936.0,2072.0,100344.0
53b894bd3ec511ae4bec7b5b47ce260a,abnormal,10,0,10,5,False,False,213891.5,138890.0,54736.0,574740.0
53be245b32ccb6e9cfd1bee68969fcd5,abnormal,20,0,20,5,False,False,117832.6,12375.0,1998.0,532440.0
53c5f82af2582e61a0d2c47c851cc246,normal,0,0,0,0,False,False,,,,
53ccff63f08af78b59278f65fa89ab77,abnormal,5,0,5,2,False,False,60729.6,56280.0,17496.0,118560.0
53d0c95f346e365f81fb95c5c6a6d027,abnormal,9,0,9,5,False,False,66324.0,57340.0,6944.0,214632.0
53d4fbf11ca8be107a343df37ca9eddc,abnormal,5,0,5,2,False,False,114246.4,96040.0,8820.0,342504.0
53e2a10eb9969b0e336a51d11dda17f9,abnormal,12,0,12,5,False,False,284567.17,281358.0,68450.0,446120.0
53e93d9f8cf885a55e00079256595a86,abnormal,28,0,28,4,False,False,201254.79,167124.0,7224.0,581400.0
53f24abf8ff03943c9a413462606cb39,normal,0,0,0,0,False,False,,,,
53f8a8327590a490890d3d2acfb08dea,abnormal,7,0,7,3,False,False,65481.57,63503.0,5032.0,150100.0
53fd81f25545667511f292625f390087,normal,0,0,0,0,False,False,,,,
54122627c6aeed581fde506562a73b2e,abnormal,21,0,21,6,False,False,379969.62,268521.0,30070.0,1439424.0
54220e92c21a62705bf7a124f88f952b,abnormal,4,0,4,2,False,False,355891.25,408035.0,133350.0,474145.0
542f4583f097667ad5f691085f1da789,normal,0,0,0,0,False,False,,,,
543278633eea00a31aa950d65ad504c3,abnormal,5,0,5,2,False,False,144755.4,79386.0,39951.0,316350.0
543c0591a8706112a0e71620509a398f,abnormal,9,0,9,4,False,False,58126.44,30528.0,5846.0,161406.0
54402d9750c85f0e06e3d9464f6c2363,abnormal,6,0,6,2,False,False,46682.83,36559.0,15265.0,124080.0
5448e1c9dcfbf590e62b7e862754fbac,abnormal,5,0,5,4,False,False,224483.2,228352.0,840.0,463841.0
5450f21b06e8ee3fcdc1375711bc28ee,abnormal,4,0,4,2,False,False,331676.0,279294.0,125300.0,642816.0
54513c2ba05c261ea2b2a87455634b1c,abnormal,19,0,19,6,False,False,36344.84,7884.0,1600.0,156138.0
54573b0df6208b2a4b53c2c9c079e1b3,normal,0,0,0,0,False,False,,,,
545c9dbeb94829f48598298810c03c22,abnormal,6,0,6,2,False,False,22174.83,21156.0,4554.0,49445.0
5467a3e2ca866b4295b2e73089fec5fe,abnormal,4,0,4,2,False,False,231716.25,259495.5,59713.0,348161.0
547c05d144ba6fc07c0c4bb052a3baad,abnormal,9,0,9,3,False,False,302686.67,351519.0,46816.0,524799.0
5480af204701170956ce3d98f363a3c2,abnormal,4,0,4,2,False,False,102873.25,62561.0,35956.0,250415.0
548bf08ac3fb4268aec314b42911af13,normal,0,0,0,0,False,False,,,,
548bf1d835906c257ca4557ca44b3e81,abnormal,4,0,4,2,False,True,406106.25,507757.0,86271.0,522640.0
54c0150631b47cb729930541e54f3deb,abnormal,6,0,6,2,False,False,295490.0,294964.0,116181.0,482346.0
54c29330c2acd1a534ee949951b7f649,normal,0,0,0,0,False,False,,,,
54d7976f3b2da92eafd691971f78ea2b,abnormal,10,0,10,5,False,False,109835.1,60063.5,9620.0,399960.0
54d9b89fd235a6141bc3512482e988a9,abnormal,4,0,4,2,False,False,38305.5,43419.0,19698.0,46686.0
54e6184c63c75a9695d7effc17969ad0,abnormal,20,0,20,9,False,False,126579.9,60478.0,6750.0,567892.0
54f9194379210945be0ed72fac357456,abnormal,13,0,13,9,False,False,368899.0,296184.0,117907.0,632367.0
54fa20d07ac42e467ab67a87cf8563a3,abnormal,7,0,7,4,False,False,479407.29,406809.0,247104.0,708288.0
54faa310d699dd7d3318ed5e786638ce,normal,0,0,0,0,False,False,,,,
550b3741c40e9beaddd7aaf69274da50,abnormal,6,0,6,2,False,False,224221.67,215532.5,67275.0,410184.0
550d073e57548eab1948b707b7a96132,abnormal,6,0,6,2,False,False,310447.5,282716.0,69734.0,609600.0
551456e08a1327bdba41297c8ebb8c6f,abnormal,10,0,10,5,False,False,189173.4,171259.0,24748.0,416637.0
55231bc4cc095392e090a72f11ef79c8,abnormal,4,0,4,2,False,False,119963.5,55249.0,45200.0,324156.0
5539e48e8091eabd708e85ae1a71a22a,abnormal,6,0,6,2,False,False,215644.33,192015.0,73038.0,397290.0
55502b1d1bf95606ecfb0abb4f1fdd98,normal,0,0,0,0,False,False,,,,
5562ea946b0ed8574dd20d05a001d6c4,abnormal,10,0,10,5,False,False,98326.2,38985.0,3015.0,336882.0
5578d9ba48381064e92e7c9198e1f1b4,abnormal,9,0,9,4,False,False,169657.56,88704.0,32164.0,416214.0
557e3236337cc0a98613a715ab9cde44,normal,0,0,0,0,False,False,,,,
55a6f35d1fc71adbb833ae726a42e46e,abnormal,5,0,5,3,False,False,248777.0,318373.0,2501.0,480782.0
55bb2808e74d4d4bfda40275268603a4,abnormal,5,0,5,4,False,False,366629.2,208372.0,198302.0,897384.0
55e39b1282cde6796b82c6b5019a1fb8,abnormal,18,0,18,8,False,False,536689.11,210500.0,48951.0,1839962.0
55e45c8cf9f997e9970596503683521a,abnormal,5,0,5,3,False,False,109032.6,102942.0,3752.0,235366.0
55e6279aac033f9a68822a4f84d765fc,normal,0,0,0,0,False,False,,,,
55e7a17c7a91bf95becd6366d7b93640,abnormal,6,0,6,2,False,False,281135.0,272385.5,84197.0,527352.0
55f85ec5fcb63977aa18ff153842c150,abnormal,6,0,6,2,False,False,240604.17,226457.0,70560.0,451341.0
55fb526d34d6a1397c64f537883fefec,abnormal,10,0,10,5,False,False,62349.4,50344.0,11128.0,177630.0
560284e43ee691bdc27fa34135d9a743,abnormal,7,0,7,3,False,False,207890.86,100256.0,36400.0,551226.0
56148601578eca84683ee253d6f8833b,abnormal,7,0,7,4,False,False,105124.29,42222.0,2352.0,328986.0
566150c4fe08a31a5a17d9d9f6c5f21f,abnormal,9,0,9,3,False,False,452961.11,401004.0,12600.0,747097.0
566706c785a16e57c297029ba11efc2c,abnormal,3,0,3,1,False,False,111860.0,109500.0,102480.0,123600.0
5673fae597c1b5218f79eead1f413da6,abnormal,18,0,18,9,False,False,325700.06,295038.5,34903.0,805015.0
56923ac65e4a3bf6e8ec0af530c4a205,abnormal,8,0,8,5,False,False,287356.0,353754.0,17160.0,524573.0
569f16cfa1a0c9536565c78b092d098b,abnormal,4,0,4,2,False,False,29708.5,30929.5,17490.0,39485.0
56aac20ce11355082ffffb3d77bd6824,normal,0,0,0,0,False,False,,,,
56c3324444472cec9277a83158192c63,abnormal,6,0,6,2,False,False,354721.67,311778.0,132741.0,611653.0
56c3bbef093e2a2601cf4373aac9ff92,abnormal,6,0,6,3,False,False,273788.17,118288.5,19646.0,1052952.0
56dac092c516acffda2ffac85f90e9cc,abnormal,9,0,9,4,False,False,173603.33,160524.0,62916.0,320347.0
56dd85ec693c65d811902a9054610f8b,abnormal,16,0,16,6,False,False,134569.94,140003.0,19350.0,284867.0
56e12dd250d23cb2199f1f90eb5a337f,abnormal,21,0,21,7,False,False,137045.95,46537.0,3780.0,562770.0
56fc900d3d2f8bfec66a7b5577cf2b59,abnormal,8,0,8,5,False,False,127898.25,110936.0,21228.0,409836.0
56ff7fcebb05ad791d43e5b043f7d405,abnormal,6,0,6,2,False,False,244999.33,229008.0,73975.0,434300.0
57036d99900dabe66e5294251e3f56de,abnormal,11,0,11,4,False,False,67260.45,62094.0,16750.0,144974.0
570b01357f936d484c60c80de7c74b86,normal,0,0,0,0,False,False,,,,
570f86fa3c8923ee5476ac1b1e7485e0,abnormal,6,0,6,3,False,False,45928.17,41026.5,34398.0,71416.0
5714aea8b5a2d9b030196646842a6d47,abnormal,22,0,22,7,False,False,93901.45,39782.0,7482.0,452970.0
5719bc77c9b616aab2202280f293699a,abnormal,5,0,5,2,False,False,309321.2,406980.0,69695.0,548512.0
571ffeb5344b749ef4e99c75b8449a86,abnormal,11,0,11,4,False,False,10293.36,8170.0,4312.0,28120.0
573b1453639e5e3e842956bbc7048547,abnormal,16,0,16,7,False,False,175817.69,73923.5,23010.0,515070.0
573ff866dcd6b3a8805c5b87c4df8ff8,abnormal,6,0,6,3,False,False,569451.83,453273.5,70812.0,1108065.0
57415c4992802274b5a54930019c30f1,abnormal,11,0,11,6,False,False,155474.18,74284.0,35640.0,443260.0
575b98a9f9824d519937a776bd819cc4,abnormal,4,0,4,2,False,False,416446.25,505480.0,111264.0,543561.0
575c1973c2d617658508d18d94bc2ffa,normal,0,0,0,0,False,False,,,,
5766dfc49e91557e8cd4a06a406b8890,abnormal,14,0,14,4,False,False,54402.43,48047.0,1365.0,113646.0
577807f1ee94692b516b0b184b89ab35,normal,0,0,0,0,False,False,,,,
57850a5fb4ff1a1e8597a8bdea74759a,abnormal,4,0,4,3,False,False,50162.25,44581.5,10846.0,100640.0
5789e4266faeb45b6a483cff6b83c5d1,abnormal,5,0,5,3,False,False,203232.6,92625.0,61542.0,409340.0
578ccc9ae139b55ba1aad1a0b657b8d5,abnormal,7,0,7,3,False,False,219363.43,109022.0,11920.0,462210.0
579ceeec7e5374a80d88551c81db441a,abnormal,9,0,9,6,False,False,270253.22,384549.0,12540.0,556990.0
57a083a3936273d9308af1bb7c83791b,abnormal,12,0,12,5,False,False,49070.75,44518.5,17940.0,108307.0
57a11dff1b33a1e011eb9ccd9a2f24cc,abnormal,7,0,7,2,False,False,919993.14,1048905.0,53128.0,1147870.0
57b939b0fd7d156a6113a48caad65f0d,abnormal,6,0,6,2,False,False,212551.17,185674.5,73170.0,392040.0
57c9ecc9749eb1860f37a308d0b284ec,normal,0,0,0,0,False,False,,,,
57d537d956b0881fda614facacdd4408,abnormal,8,0,8,4,False,False,265891.25,267014.0,128140.0,457488.0
57d5e49e640aef3fae44cdac47be5ba9,abnormal,6,0,6,3,False,False,165723.83,97392.0,5335.0,375552.0
57e0f7ded402e2fac6be1f00fd7c0b19,abnormal,8,0,8,3,False,False,203891.38,113474.0,12654.0,453417.0
57e37e82484254e6826397247ac940d1,abnormal,7,0,7,3,False,True,214227.71,110916.0,47793.0,406430.0
57ea8252280fae29b410732f1f84bbae,normal,0,0,0,0,False,False,,,,
582b7c53ef97d1107d527bf23879353f,abnormal,11,0,11,4,False,False,55479.27,46112.0,20701.0,103569.0
5879d22d9f6aec0ba5d682bcc6131e22,abnormal,26,0,26,6,False,False,294995.12,67403.5,7742.0,1637840.0
587be2890ac536488d3c32debc1c215f,normal,0,0,0,0,False,False,,,,
587e0e770264b37149a0c033ee33820c,abnormal,6,0,6,2,False,False,195399.0,157537.0,58650.0,413220.0
5895fa847d7ce6fbc0c1ad1ca998b613,abnormal,12,0,12,6,False,False,227746.5,127455.0,70176.0,588112.0
589b16dad117199798d05ca550dfcd5e,normal,0,0,0,0,False,False,,,,
58ab031cf2346b3a7b8fb32fb9ccd1c1,abnormal,6,0,6,3,False,False,221040.33,232464.5,30793.0,371472.0
58ac0fe8d8c2cf736216f42a31e89e85,abnormal,4,0,4,3,False,False,234898.5,207970.0,36844.0,486810.0
58bfe68d45f17aae1f4ffb9b5db6d6f8,normal,0,0,0,0,False,False,,,,
58c124b011089a70e144fcb9d8d1c178,abnormal,4,0,4,2,False,False,214374.25,169797.0,155914.0,361989.0
58c96358e94c768b0eeb723bf985d575,abnormal,24,0,24,7,False,False,49781.71,21700.0,3648.0,180810.0
58ce2d9435ef94fcf6fe4eeda8387890,abnormal,9,0,9,3,False,False,124351.11,140194.0,63180.0,168004.0
58e1820f96aa84a141c9e217c46dfe71,abnormal,14,0,14,6,False,False,71103.93,41063.5,17108.0,260277.0
58f0f69ce610c51dbecd42b9e83677c5,abnormal,7,0,7,3,False,False,205531.71,168320.0,27456.0,457876.0
58f1092e67574175f2f17b06b1f66911,abnormal,4,0,4,2,False,False,2514.5,2236.0,1938.0,3648.0
5933a74d7c042ba8801e604b79c64933,abnormal,3,0,3,1,False,False,560835.67,584784.0,499163.0,598560.0
5935605beb0f08caeb9ff4481157c520,normal,0,0,0,0,False,False,,,,
5936f6e1e88d80cfc8b42dd82996b7e7,abnormal,7,0,7,3,False,False,237639.71,81180.0,25245.0,544466.0
5938d1edca572c6168c83190a35b4504,abnormal,10,0,10,5,False,False,684319.1,582729.0,274800.0,1391376.0
59463dec11bd9627f875e0372d9ce1e2,abnormal,8,0,8,4,False,False,193255.25,102202.0,44322.0,462840.0
5955a4d3f94e8125db08141bd25a6824,abnormal,14,0,14,5,False,False,51671.93,38718.0,1540.0,188549.0
59615049fbc2df4b0aaeb3aca6648421,abnormal,8,0,8,3,False,False,363691.75,175062.5,153300.0,962410.0
59782bef0d73440e75ec2f92b4d4e38d,abnormal,7,0,7,3,False,False,298678.0,130985.0,41446.0,576665.0
598047ea4f0c2a65a298a50f60f4c7d7,abnormal,9,0,9,5,False,False,139328.78,90015.0,10050.0,415206.0
5999e9610932a293d57fa921d4a4905c,abnormal,6,0,6,3,False,False,151354.0,110309.0,74782.0,340000.0
5999f46a39109c9af7dc63e3b580a1ba,abnormal,7,0,7,4,False,False,144763.86,67788.0,24024.0,389092.0
59a3b8e835e1468ba834b05256198d4b,abnormal,3,0,3,1,False,False,314512.67,314706.0,298320.0,330512.0
59a7447696c775e5330241645060ad1c,abnormal,5,0,5,2,False,False,63452.2,78568.0,8415.0,115115.0
59b1dc77610f1c18cf6524b476128321,abnormal,17,0,17,7,False,False,122149.24,83834.0,18860.0,265468.0
59b55e41fd67eb9e8e3811efba3c032c,abnormal,3,0,3,1,False,False,79392.0,74124.0,72002.0,92050.0
59d215990b0e15b66e129d47f1b34943,abnormal,4,0,4,4,False,False,116087.25,151200.0,8439.0,153510.0
59e13a6fecb4e883dee11ec8cbefe478,abnormal,3,0,3,1,False,False,384526.0,389772.0,373746.0,390060.0
59e1f024cb9e119964b57d942fd72e36,abnormal,7,0,7,3,False,False,36015.29,17745.0,10912.0,81585.0
5a0fbc7c40ea94bef4c8342d47c05b26,abnormal,9,0,9,5,False,False,138897.67,131929.0,3538.0,215600.0
5a41618b987898b085e2411532f7b9f7,abnormal,8,0,8,6,False,False,103747.5,54132.0,4653.0,388550.0
5a43f10c267152bdbf23851b50c1c52d,abnormal,16,0,16,3,False,False,243842.06,278989.0,10934.0,377058.0
5a58e4e711cccb78407ae86820d643d0,abnormal,15,0,15,6,False,False,69293.07,63680.0,16215.0,128331.0
5a80ba9453fa7f5833b04190e6f7dbf5,abnormal,8,0,8,4,False,False,109149.88,62871.5,6174.0,339614.0
5a8231c748478ef6be5055800a2fce17,abnormal,7,0,7,4,False,False,280356.14,193284.0,27380.0,785840.0
5a8b04bbb49b5883741d4b183182c661,normal,0,0,0,0,False,False,,,,
5a906d95202259b2e2ac0a2aee8f2f65,abnormal,6,0,6,3,False,False,274660.67,293180.0,27976.0,511700.0
5a9e67c8d1782a1a1068ba62dc2e34f6,normal,0,0,0,0,False,False,,,,
5aa1078fe0601b8d13d779ecf83badac,abnormal,13,0,13,4,False,False,36368.92,18100.0,12093.0,128139.0
5ab46f617dc0db05f4eee6def96c5d6e,abnormal,5,0,5,2,False,False,162631.8,194142.0,29718.0,285124.0
5af7ba3901d0937dea00f84257c5c8c2,normal,0,0,0,0,False,False,,,,
5af9cf3407df191a1c8fb59d76593d22,abnormal,5,0,5,2,False,False,269037.0,185238.0,108480.0,516558.0
5afdc4e7edfdefd26c0c8381ac79b358,normal,0,0,0,0,False,False,,,,
5b04f2ac084b14227afc7a8a321de6e5,abnormal,3,0,3,1,False,False,300338.67,278616.0,274400.0,348000.0
5b05df19287bc68ead3011b06492d5e9,abnormal,14,0,14,2,False,False,134765.07,118239.0,28380.0,267584.0
5b117af61738a1b97e73039969841851,abnormal,5,0,5,3,False,False,107299.8,127008.0,15209.0,233640.0
5b1670d49882cd6d4718a5bb8616b34f,abnormal,3,0,3,2,False,False,124415.33,132317.0,35045.0,205884.0
5b1ca661c257f3ab27cb8d43b7770fab,abnormal,6,0,6,3,False,False,28602.5,37087.5,1638.0,51528.0
5b21cf5288e23f7abc39fc7fecae09cd,abnormal,7,0,7,3,False,False,380330.29,357346.0,85728.0,727694.0
5b295b1def2ae7beedc752eb0fd668aa,abnormal,10,0,10,5,False,False,650177.8,435717.0,24708.0,1343628.0
5b2e28bd44d10e3e10605d0d95ffba22,abnormal,21,0,21,6,False,False,473858.81,518880.0,8722.0,1019905.0
5b34fd56bddef0fba0a3d88286604cbe,abnormal,8,0,8,3,False,False,329764.12,288017.0,49833.0,739017.0
5b50aaeb4070f03384ce3173afe0bdcd,abnormal,10,0,10,3,False,False,107399.9,68476.0,6084.0,314080.0
5b6ac2868f30a56ee492348f8da40211,normal,0,0,0,0,False,False,,,,
5b6f8c860f1ced753af1ba0f047a99ef,abnormal,6,0,6,2,False,False,190376.33,189625.0,44000.0,337824.0
5b76b8bc5004e1b673e03e1a5b335034,abnormal,6,0,6,3,False,False,200403.0,122402.5,59727.0,407025.0
5b914f255801a14edc598bbe7f480f20,abnormal,5,0,5,2,False,False,501755.0,662055.0,64770.0,885720.0
5ba3c5d4c87aeca558d9f2d452854085,abnormal,12,0,12,6,False,False,315627.33,204240.0,51500.0,904162.0
5bac140ce817cf691563067d70952e95,abnormal,7,0,7,3,False,False,180927.29,80487.0,10396.0,415262.0
5bb68aea19f6eb00d28d0e6386afecfc,abnormal,10,0,10,4,False,False,440142.0,344124.0,82823.0,960840.0
5bbac8d8d5d451761634493ddc1b7f38,abnormal,10,0,10,7,False,False,191341.7,126690.0,86210.0,437366.0
5bc0153d83e1514ca428123b264a3aa8,abnormal,7,0,7,3,False,False,31806.29,31590.0,9680.0,51170.0
5bec9b12b354f2d865db06ae323259b8,abnormal,4,0,4,2,False,False,74528.75,62856.0,51296.0,121107.0
5bf3368744630f459a499ccdccc9cdf1,abnormal,8,0,8,4,False,False,299062.0,202959.0,39324.0,775503.0
5c0e5d5565e95746f3760193c38a48bf,abnormal,7,0,7,3,False,False,98613.86,88476.0,28888.0,269178.0
5c10838d84f0c6a1bf21c375100a1e7d,abnormal,6,0,6,5,False,False,99694.33,38804.0,17280.0,401638.0
5c236bd87dff8c15d259c70b842620aa,abnormal,11,0,11,4,False,False,323923.73,301474.0,16554.0,720920.0
5c31e0c3f7beb95833196c55509dc127,abnormal,3,0,3,1,False,False,88660.0,92140.0,70808.0,103032.0
5c42e55309fada027b5bc8dc772ac88a,abnormal,5,0,5,2,False,False,185996.4,70460.0,62060.0,406747.0
5c5692c89519d119928a04d16613b55b,abnormal,6,0,6,2,False,False,176750.5,153361.0,42849.0,398191.0
5c6a7334ef6de11f55adff603734e4ea,normal,0,0,0,0,False,False,,,,
5c6e3e0700cff1f8d88bad0ba40076aa,abnormal,8,0,8,5,False,False,161682.25,95913.0,63180.0,384384.0
5c76b614df36384b545ed038550794c5,abnormal,3,0,3,1,False,False,98590.33,109512.0,62980.0,123279.0
5c796eb672128aa15473051998334a09,abnormal,4,0,4,3,False,False,17553.0,6606.0,5244.0,51756.0
5c87991b2ad944d1a17e2e5b6a09f156,normal,0,0,0,0,False,False,,,,
5ca166e3c183eed19a435a0db42d9939,abnormal,10,0,10,5,False,False,70064.1,56083.0,4144.0,315400.0
5cac2353795d14b7b45dc7f755ab4d79,abnormal,5,0,5,2,False,False,193983.2,90288.0,73168.0,387730.0
5cb875c0e27e2af51deea598506dd926,abnormal,8,0,8,3,False,False,47503.0,14643.0,11644.0,163930.0
5ccbe9cf1b033cccdd76fd99cc6ccd01,abnormal,7,0,7,4,False,False,225911.43,116196.0,3854.0,508200.0
5cefd144909538b07270bd3283d567cc,abnormal,4,0,4,2,False,True,284773.25,354801.0,58491.0,371000.0
5cf657759ffe1c8ad29c2b6938197dfc,abnormal,6,0,6,3,False,False,20089.83,22162.0,6554.0,27857.0
5d2a481a562112395f28010b079a9cf1,abnormal,20,0,20,6,False,False,245496.95,209415.5,1330.0,818986.0
5d37206ee0084505c5509d92029ee95e,abnormal,4,0,4,2,False,False,222893.0,267622.0,33616.0,322712.0
5d3d38eae35191d06fd2a0261fa74934,abnormal,8,0,8,3,False,False,156662.62,81996.5,13332.0,382602.0
5d4a7daa7e70085f6e5489fff404c1e9,normal,0,0,0,0,False,False,,,,
5d552285af8132602f23a7951eec8efe,abnormal,6,0,6,4,False,False,157842.33,169047.0,30622.0,312420.0
5d5a37ba110538a40cbc037126af47d3,abnormal,11,0,11,7,False,False,517477.0,264008.0,10602.0,1203317.0
5d6c0df203f0e3f04467e27507029026,abnormal,15,0,15,4,False,False,215399.07,176352.0,2021.0,460980.0
5d839d09ab9417b4ea3e6e92961e0747,abnormal,3,0,3,1,False,False,153070.67,198352.0,46926.0,213934.0
5d8aad3fbe2a422089ebf41678bda3ce,abnormal,5,0,5,3,False,True,1572100.2,2394688.0,61180.0,2635920.0
5d8c27abe7add51ed3ede20c7d091f16,abnormal,18,0,18,6,False,False,119725.78,72358.0,11385.0,478192.0
5d911ff93f3820e66d76ffe822300426,abnormal,9,0,9,4,False,False,137334.33,54496.0,14278.0,365856.0
5d915a93afa7a4d47aeb206eefba2465,abnormal,12,0,12,3,False,False,125803.42,96486.5,14027.0,410300.0
5da264775732004f1b724b660138854a,abnormal,6,0,6,2,False,False,374230.5,355015.5,79500.0,658410.0
5da459bb842baf8b844d998f5b6c996c,abnormal,10,0,10,4,False,False,258198.8,144530.0,20790.0,842796.0
5dcc50d9eb1c4959a2a0dbdf2845ffc3,normal,0,0,0,0,False,False,,,,
5dd28adf45035593337e0af14785f7ae,abnormal,5,0,5,2,False,False,204100.8,114304.0,97352.0,388212.0
5de91fab780d937e6cba46c4e807bb12,abnormal,18,0,18,8,False,False,119656.89,22861.5,4368.0,494832.0
5df359e160b87cd0d9f496a1e6648b1f,normal,0,0,0,0,False,False,,,,
5dfb216441a8b99cf5e617ba76cf164a,abnormal,10,0,10,5,False,False,24725.8,27522.0,3312.0,44946.0
5e02cde47ed2fd338141e3dcff3139b9,abnormal,6,0,6,4,False,False,97556.5,81658.5,1935.0,308632.0
5e06a5e29082d7c841672d9d5ee5173d,abnormal,5,0,5,3,False,False,46858.0,58464.0,11664.0,93758.0
5e3b89e075787f07cfccd64d9182f149,abnormal,6,0,6,2,False,False,193973.5,172338.0,61455.0,344262.0
5e3fbd3cf75a49590a141e5aa5572137,normal,0,0,0,0,False,False,,,,
5e679b95d1ce29e2bb0938b6b305a265,abnormal,15,0,15,6,False,False,121922.0,101152.0,28908.0,331246.0
5e7edf8a5f636b67a2a854b284360cfa,abnormal,4,0,4,4,False,False,88208.5,71005.5,15892.0,194931.0
5e808e9cbcb8cb66f3c798e9e5ea4e03,normal,0,0,0,0,False,False,,,,
5e81bf594edfd5481fc4a2fe942bb0a6,abnormal,5,0,5,2,False,False,402538.6,516780.0,105616.0,625248.0
5e90e76ac63c847409ad08821c7d5937,abnormal,6,0,6,3,False,False,155990.0,78007.0,14520.0,378972.0
5ea84b103e1046041d21c48a61e3fcd2,abnormal,4,0,4,2,False,False,287773.0,344050.0,78960.0,384032.0
5eaf3a8e7bc9dd931af72662081f009b,abnormal,4,0,4,2,False,False,85074.5,79085.0,60652.0,121476.0
5eb3f5cb8e18778cad831a75d0e74d95,normal,0,0,0,0,False,False,,,,
5ed9dc88e3fc76c9cb834ed274994ebf,abnormal,5,0,5,2,False,False,191661.2,144771.0,49504.0,418953.0
5ee7d7e6df4cda91b44134754044751c,abnormal,11,0,11,5,False,False,393494.0,474984.0,53119.0,974652.0
5f09150b3d82a8e7103c7777278389dd,abnormal,6,0,6,3,False,False,144310.83,98707.5,11151.0,322725.0
5f21557d7c24e3f023db5c6e866b5119,abnormal,6,0,6,3,False,False,237747.67,205086.0,4806.0,498789.0
5f39b234c96c89da0f9db28c873b75b1,abnormal,11,0,11,5,False,False,121513.27,98040.0,1088.0,269100.0
5f4eff3b76151906fe87be784d191a1f,abnormal,5,0,5,3,False,False,118858.4,64113.0,20592.0,256725.0
5f565b018973e7c70aad47a92a5c14ea,abnormal,10,0,10,5,False,False,14451.2,10509.0,5394.0,46366.0
5f6d317d6ef78eb1f66b9cf0f0bd8555,abnormal,12,0,12,3,False,False,32521.33,28689.5,20160.0,61710.0
5f7b80742cd833dcb52b3f2de3de412f,normal,0,0,0,0,False,False,,,,
5fac617f1ce097354f1a28e8fa5036e5,abnormal,9,0,9,5,False,False,326978.67,155394.0,18612.0,1038248.0
5fb44599ac9e8866dc107e366467cafc,abnormal,9,0,9,7,False,False,65538.0,26969.0,5687.0,146289.0
5fbe80c51a1b3fb43bb5143803482282,abnormal,3,0,3,1,False,False,161881.33,159580.0,137460.0,188604.0
5fd4c67e23e05c603525dae871ee1077,abnormal,3,0,3,1,False,False,688153.0,746592.0,532512.0,785355.0
5fd698415fe157a7bc7fa75a52ecabc6,abnormal,6,0,6,2,False,False,203855.17,209513.5,39894.0,362112.0
5fec3c0902c51a7a230544f540e2244d,abnormal,3,0,3,1,False,False,70083.67,52200.0,47502.0,110549.0
5ff1e6bd7cb14179a70db035d3aa6ba6,abnormal,13,0,13,4,False,False,254680.23,186219.0,18354.0,878922.0
5ff1fca7e25f078c81b1e22a057dcd69,abnormal,6,0,6,1,False,False,92986.83,87772.0,79616.0,110873.0
5ff9bf9ce4a5732215ab6da888a4a510,abnormal,5,0,5,2,False,False,185176.6,91729.0,52716.0,418528.0
5ffa2d8c4717aa06a6cdec9f74e775c9,abnormal,3,0,3,1,False,False,520229.0,518719.0,513608.0,528360.0
600f30b4b9e4eab1d027065d4b0140fc,abnormal,6,0,6,2,False,False,253866.33,257672.0,93026.0,397440.0
60398630bcbf4f2fa6f5730fd9a9f4dc,abnormal,7,0,7,4,False,False,208343.29,245487.0,4712.0,353220.0
603b1ac8a6e947e4cb0992dbed44f0d9,abnormal,5,0,5,4,False,False,150101.4,63720.0,50662.0,510027.0
604340ab6423f81a91ac72182163e9a4,abnormal,14,0,14,3,False,False,129054.29,20551.5,9480.0,437871.0
604ce8a56fd0539880b17f999ad10468,normal,0,0,0,0,False,False,,,,
6056fe4eed40998cc745482220bd33a6,abnormal,7,0,7,3,False,False,27425.14,19872.0,16686.0,69360.0
606147f7461d5d7642f887d6b1b9d16b,abnormal,12,0,12,5,False,True,440916.25,473644.0,49920.0,675792.0
606765fe716741ebafc722890c81aaf8,abnormal,8,0,8,5,False,False,120299.88,46472.0,23625.0,603415.0
60679b51d403a3a1fc020a0a86fedd8d,abnormal,3,0,3,1,False,False,881802.0,840180.0,733761.0,1071465.0
6067e2a8536a187d543ebd4fab4af731,abnormal,5,0,5,2,False,False,189060.8,112470.0,87156.0,327184.0
6072a9325dcf5318517a0696040a9dcc,abnormal,8,0,8,6,False,False,146019.88,62807.0,3198.0,339747.0
607867449f9bc95be2e163509e254752,abnormal,3,0,3,1,False,False,298311.0,275730.0,239292.0,379911.0
6081e75c58a050442a9ff3a5a2a51ffc,abnormal,3,0,3,2,False,False,64545.67,67275.0,44390.0,81972.0
609aa57eca1fce9afb86a341b7b560fc,abnormal,5,0,5,3,False,False,177256.4,122744.0,10335.0,459292.0
609eb619fc23177db779067b5cc816a7,abnormal,8,0,8,4,False,False,527204.75,526685.5,127008.0,1070720.0
60ba71ee189d4892f99bdbe3fa08f98a,abnormal,8,0,8,4,False,False,315759.88,361942.0,167200.0,368774.0
60d769f30bc9d356998abeeba51fa6ff,abnormal,5,0,5,3,False,False,92530.8,52877.0,13137.0,275114.0
60e641e62376dc3cfa71299033535b40,normal,0,0,0,0,False,False,,,,
60ef7a89da46636e62b8351d15bff6c6,abnormal,12,0,12,4,False,False,87344.92,35965.5,6786.0,217328.0
60f2171aff3d6e13a8987e59d7a87739,abnormal,7,0,7,3,False,False,160527.0,80316.0,36295.0,312062.0
60fe9e6fc41b0e1f8be7b7b6b13db5cc,abnormal,6,0,6,2,False,False,74210.0,69652.0,44460.0,117739.0
610d69d7787f995a196a5d8ea8ed1be5,abnormal,12,0,12,6,False,False,180975.0,207951.0,22946.0,376188.0
611077472d2fc78135ad2ad32059888e,abnormal,6,0,6,2,False,False,195873.17,187771.5,76432.0,329921.0
611310e3e1ec37e73e74f1a756b3bb69,abnormal,14,0,14,5,False,False,54930.0,23115.0,7742.0,156894.0
61306376f68f499c2d6e52b56225012b,abnormal,7,0,7,3,False,False,168749.29,167334.0,5694.0,250929.0
6137da0107d18f2bc35b6814c0f00ac8,abnormal,6,0,6,4,False,False,176030.33,175534.0,16644.0,345720.0
613fd7f3a8b48248d4027c90a414ff9a,abnormal,12,0,12,5,False,False,716644.25,500012.5,28644.0,2320998.0
6145c49011a33ec5d61866a3a7085f33,normal,0,0,0,0,False,False,,,,
614b0af08224c7163278ff78abc8bad7,abnormal,7,0,7,5,False,False,124211.57,96560.0,16066.0,447752.0
614e79f6a2879432b2af4287d954f98f,normal,0,0,0,0,False,False,,,,
616f7784ae537b00b14617a57b53de73,abnormal,8,0,8,5,False,False,97267.0,64909.0,1221.0,284214.0
61a02fd2f3c838c3e5daf2786bb6e54a,abnormal,6,0,6,2,False,False,230755.5,214587.5,50388.0,469339.0
61b870f53ee51305fca5b584ffaf4a8d,abnormal,4,0,4,2,False,False,195693.25,108011.0,73983.0,492768.0
61d21c0ea3c0e8904647974163dcbefe,abnormal,5,0,5,2,False,False,165503.8,196355.0,49042.0,295212.0
61d584d7b486245f3e861371fcf7da9b,abnormal,18,0,18,4,False,False,82735.89,43609.5,6724.0,339328.0
61d9e4505c1f8391ce055d3ce793a899,abnormal,5,0,5,3,False,False,186304.8,274365.0,10044.0,302583.0
61dd944679b8bfd6d5f5a84c9e7738e3,abnormal,5,0,5,2,False,False,126318.2,102843.0,58764.0,190240.0
61e0b38cea96d57adb044ac496e556ff,normal,0,0,0,0,False,False,,,,
61eda4cf19454682248154196d27cf07,abnormal,7,0,7,5,False,False,114817.14,158594.0,9021.0,179676.0
61f8bb57e67b95c4555d4427998c0498,abnormal,4,0,4,2,False,False,449936.0,524737.5,74594.0,675675.0
61fee17f99b29fc46130613d0e7ba7c2,normal,0,0,0,0,False,False,,,,
6206fcafbe92f484f03def2b5074a8a8,abnormal,4,0,4,3,False,False,103917.0,50908.0,17928.0,295924.0
62071e073320c21515baab6e5c55ddf8,abnormal,18,0,18,6,False,False,230874.44,60821.5,37278.0,693864.0
623a14228a9ea0c33a9012c02ef70487,abnormal,14,0,14,7,False,False,49155.93,10764.0,4845.0,138663.0
624fadcfe3f204dd43ce49bdce00c0f4,abnormal,13,0,13,6,False,False,66814.08,62424.0,2904.0,205933.0
6253c422540c84bc747b4426ed507452,abnormal,5,0,5,4,False,False,105924.2,18459.0,3300.0,302400.0
6257b0277b6dc697985febc707d83011,abnormal,6,0,6,4,False,False,204331.33,91812.0,18358.0,513156.0
62643c38a525c1223f3a836af96f220d,abnormal,3,0,3,1,False,False,76301.33,88920.0,49400.0,90584.0
62727c1647992609be0ff403bc2362ac,abnormal,7,0,7,3,False,False,257379.86,144316.0,27972.0,527810.0
6284e06225c1bba8f413896721002e1f,normal,0,0,0,0,False,False,,,,
62863bee894cbb15f96074e8da760b40,abnormal,11,0,11,5,False,False,789514.18,853111.0,148959.0,1363667.0
628ab07625d7ac80f9c909b4380e75b3,abnormal,5,0,5,2,False,False,113684.4,97512.0,15035.0,282861.0
628ba9788c00a8fa5fd77992fa9f63ed,abnormal,10,0,10,6,False,False,122886.9,62413.5,5160.0,391552.0
6290796d31e7984c5bd7dac745d16bc1,normal,0,0,0,0,False,False,,,,
62b135c34d01b4af10c39d65939d9d43,abnormal,7,0,7,3,False,False,176297.57,185232.0,83230.0,237783.0
62b2efa946bc993544fe42785b40fcdb,abnormal,7,0,7,3,False,False,174959.57,193920.0,62976.0,326228.0
62c14fe41339b118b7fa4a0bb569f3f9,normal,0,0,0,0,False,False,,,,
62fad4135a04319bc5e499828b05ac70,abnormal,5,0,5,2,False,False,76960.8,109956.0,1400.0,136594.0
630bd57c91d01444795cb63e9efe8741,normal,0,0,0,0,False,False,,,,
6312578be73812b1634727a012980bc6,abnormal,12,0,12,3,False,False,32248.33,36832.5,3744.0,67496.0
6314692e3a4f5fc017e052dbd1cd683e,abnormal,14,0,14,5,False,False,23063.86,9546.0,2232.0,55640.0
63236a382e8f97864ea5af5d1c7a5d5a,abnormal,3,0,3,2,False,False,207905.67,203422.0,177815.0,242480.0
6324583b0c0d0428991e94d43a9d5d09,normal,0,0,0,0,False,False,,,,
633440744a1f7413483909dc0af84de1,abnormal,20,0,20,7,False,False,691088.0,824587.5,7638.0,1577680.0
63382fd6688255077d3e61f946fa8c35,abnormal,4,0,4,2,False,False,179986.0,99267.5,44460.0,476949.0
633a915d9f92edf4edc1c4a85548201f,abnormal,14,0,14,5,False,False,78005.36,81026.5,4230.0,262080.0
63415dfe4d7eb0c122a6818e84195475,abnormal,15,0,15,7,False,False,376157.8,195444.0,19662.0,1024058.0
6359437f875d6b26535d627e1c2cf31f,abnormal,5,0,5,2,False,False,165435.6,99465.0,83517.0,325833.0
6371c2201020a3f7e4c5a56f8f7a4fea,abnormal,18,0,18,8,False,False,213501.44,53395.0,14490.0,1014390.0
63803ddfb3ea3bb435ff62c45ba78fde,abnormal,6,0,6,2,False,False,153972.5,149935.5,40128.0,273003.0
6398a304dcec08b7e3f31d0bdd6358a5,abnormal,7,0,7,3,False,False,12339.71,15912.0,1368.0,20020.0
639a44bdf6f3cfe5d05f96683604e758,abnormal,11,0,11,6,False,False,133121.82,79134.0,7518.0,380212.0
639e8235c7931fa2efb4f74bca333e00,normal,0,0,0,0,False,False,,,,
63a853b45510dfc485c9dbc998539cd1,abnormal,5,0,5,2,False,False,134903.4,69075.0,49044.0,256542.0
63ae0334ee9804a3bb06d66432fefa26,abnormal,9,0,9,5,False,False,168846.22,130398.0,49800.0,336896.0
63af905bd663fe539c2b6c3190dd222d,abnormal,12,0,12,4,False,False,59913.67,53934.0,15600.0,158175.0
63ce5324b5bcb2e4c556a6112dead354,normal,0,0,0,0,False,False,,,,
63cf713d392ce347a329b20e8bd4782b,abnormal,14,0,14,6,False,False,142819.79,101274.5,19845.0,458890.0
63f24af3bd9f735911958c1190306af1,abnormal,7,0,7,6,False,False,73991.14,83300.0,6794.0,117300.0
642617909307cc0ba39930495ed65a41,abnormal,18,0,18,7,False,False,332790.33,282370.0,4816.0,940134.0
6452a9e9489dadc789cb44af7d3dadab,abnormal,6,0,6,3,False,False,24246.0,14196.0,10508.0,52640.0
646728c609148567b18df0b37a9f8ec5,abnormal,8,0,8,3,False,False,190646.62,100717.5,11433.0,475392.0
648e0c26a323b1050a5d4ad9c57d6257,abnormal,9,0,9,3,False,False,207590.22,100293.0,25134.0,613888.0
649ec80ede7722141ecea3c810107176,abnormal,5,0,5,4,False,False,48996.2,44888.0,16008.0,87472.0
64a46917dfbd81f3747a1635f47f622d,abnormal,11,0,11,4,False,False,179015.73,75756.0,2106.0,406326.0
64b17a1d9119aa0a4df55d164eae856b,abnormal,16,0,16,8,False,False,453306.56,401568.0,36162.0,1736526.0
64bb0c2fe03598b5b9c90ddc2f68eaeb,abnormal,5,0,5,2,False,False,442090.0,641250.0,65682.0,726250.0
64c4cafb533cc198f91e6ddbddee9a0e,abnormal,8,0,8,2,False,False,114903.88,102749.0,17940.0,220935.0
64e323f8638652f7bf813a933ebcbf07,abnormal,3,0,3,1,False,False,107098.0,109525.0,98448.0,113321.0
64f09bf84016428dd43f8984b2c303f7,normal,0,0,0,0,False,False,,,,
64f4fa78d723ad71e2422bc74bcd38f4,abnormal,11,0,11,4,False,False,94830.73,47730.0,7161.0,309111.0
64fbc7536c3e0b4609b471e2b8a1f54f,abnormal,5,0,5,2,False,False,169803.6,66597.0,36477.0,389232.0
64fd03319a30c50cfa302fc5457baf3f,abnormal,6,0,6,2,False,False,230096.5,161456.5,74022.0,626704.0
6503bb06d6f9dc44244a562742a16c97,abnormal,5,0,5,3,False,False,266171.4,357273.0,31886.0,434560.0
6544852e523b70450c51b767f71eb275,abnormal,9,0,9,4,False,False,60043.56,35020.0,10455.0,163212.0
654957991bdf2ede340cc5335285be5f,abnormal,10,0,10,5,False,False,26411.1,13675.0,5183.0,89562.0
65591c33ed8729b0ed1eebf4f59e418b,abnormal,7,0,7,3,False,False,75849.43,74124.0,43420.0,116802.0
65624a2cdd11858b1ebadc900859214d,abnormal,4,0,4,3,False,False,130422.75,120016.0,107072.0,174587.0
65629f1b90ec2b7ccc093f8ddfd6a992,abnormal,3,0,3,1,False,False,87777.33,95776.0,62370.0,105186.0
656744b811b1f0e3c65dd457b3cd8cd9,abnormal,5,0,5,2,False,False,344222.6,486365.0,73502.0,550188.0
6567f32646a35e8a0841790870de5c7a,abnormal,6,0,6,2,False,False,346409.67,318046.0,131040.0,601374.0
657d78347d17af866338af4f1dab0c71,abnormal,5,0,5,2,False,False,212557.2,238349.0,48375.0,400608.0
659c6031ed4b7d875e5e14662eb50bf2,abnormal,12,0,12,6,False,False,219727.08,82236.0,29946.0,733488.0
659da0929f184579263a7a070729008e,abnormal,6,0,6,2,False,False,326935.83,311283.0,77777.0,629230.0
659e8fa4b3d038c98fbfc0ab4cfcd411,abnormal,22,0,22,6,False,False,189807.09,224898.5,4368.0,404802.0
65ad4fb69f36c807fce87e66a1c6533d,abnormal,3,0,3,1,False,False,282724.33,267500.0,266247.0,314426.0
65bf4d6bc6fcf6a912ef3ec74bf9e35c,abnormal,8,0,8,4,False,False,146110.5,137737.0,4087.0,378266.0
65c9045820f5c8bb44b60cbbf5402d29,abnormal,7,0,7,4,False,False,178769.14,76368.0,702.0,428122.0
65dfd8ef3a4201185c6fd6e9135cb20d,abnormal,6,0,6,4,False,False,280188.33,234597.0,24510.0,671660.0
65ea8c1976e3b9d6da2bd3f377a89519,abnormal,3,0,3,1,False,False,807363.33,792228.0,786226.0,843636.0
65f02d75dda093dfaf39ffaec74c5f56,abnormal,3,0,3,2,False,False,140366.0,114954.0,108528.0,197616.0
6605faf598579d666064f0a09cee2557,abnormal,4,0,4,2,False,False,485371.5,431873.0,146700.0,931040.0
660d934ad8ecf6701af7eb703e1cb4c8,abnormal,5,0,5,4,False,False,60135.4,36465.0,7076.0,198380.0
6612d7f6119514cbeda6de56571d9f84,abnormal,6,0,6,2,False,False,219445.67,204674.0,102570.0,376805.0
662fe30af3399b56c1579e95b0c6c87e,abnormal,17,0,17,6,False,False,666366.29,592592.0,112746.0,1239140.0
66332eb5425bcdc6854aae970cc656b9,abnormal,16,0,16,5,False,False,24425.44,20929.0,2640.0,60099.0
66396f621903b00a1b7e1f54c8e5e8b3,abnormal,5,0,5,2,False,False,1091301.6,1321984.0,21609.0,1694487.0
665ba9b5664d7055c1d0ac1a44ea1ea9,abnormal,8,0,8,4,False,False,95781.25,97406.5,6120.0,195547.0
6669f6481deca63ed9c421d5ac012c76,abnormal,6,0,6,4,False,False,116792.67,52996.0,11872.0,449528.0
66728ec6afc52c3ebc77242449757162,abnormal,5,0,5,3,False,False,108913.4,93390.0,3660.0,266020.0
667a27b0998f298db945ff935be9dd29,abnormal,8,0,8,3,False,False,198221.5,156892.0,43368.0,373037.0
66856d8ef0cf387346c195d4e4adcf1a,abnormal,11,0,11,5,False,False,171572.18,64896.0,11234.0,534378.0
6692df8a8c5f641eff181a2f589bfe80,abnormal,12,0,12,5,False,False,140204.75,98730.0,6468.0,482040.0
66a1a5d0239bd22d299a1e1333ed5d0b,abnormal,13,0,13,4,False,False,611371.46,206325.0,15776.0,1768310.0
66a42146929520fe337cad37816f4384,abnormal,7,0,7,4,False,False,96377.86,138375.0,7695.0,177073.0
66bbea98f2c63f90d2c6e0d6792cca54,abnormal,5,0,5,3,False,False,115720.2,60672.0,23712.0,244053.0
66c03db83615b5c925b5bbdcd4a3c326,abnormal,6,0,6,4,False,False,230312.5,221619.0,200694.0,294705.0
66c570971c7df4782e3dfb9e74f0dd1e,abnormal,6,0,6,3,False,False,763859.67,701472.0,408320.0,1282518.0
66ca165889a2837cc8534141b6441976,abnormal,4,0,4,2,False,False,114329.0,72292.0,49056.0,263676.0
66cc79784846f7ec74c4ced47c244b24,abnormal,9,0,9,4,False,False,123093.78,94335.0,4136.0,338352.0
66cd940a7bbf8b37c6abecc0a4004661,abnormal,6,0,6,2,False,False,471673.0,439704.0,356400.0,618915.0
66d058ae8aa6b41111cab2259989eddb,abnormal,6,0,6,2,False,False,208424.33,204400.0,105456.0,327584.0
66d28ab317b915eb7a400ad4a005ebc0,abnormal,11,0,11,4,False,False,554827.91,671251.0,45880.0,731724.0
66e2d822ac451ea21fcfa3182c56a651,abnormal,6,0,6,3,False,False,325860.17,325580.5,306916.0,345084.0
66e47c15c146fd0f6fb29adf167532ee,abnormal,8,0,8,3,False,False,142406.12,108399.0,32336.0,324276.0
66fc91228ec5c614305dd54706f73f80,abnormal,20,0,20,8,False,False,171978.35,101905.0,11036.0,516150.0
670c2ddd42c86d8502924bd453b969e4,normal,0,0,0,0,False,False,,,,
672ece5866dfa259ad2cede3afd0d41f,abnormal,8,0,8,3,False,True,207472.0,161947.5,11676.0,393460.0
673f5442a2c3f1b012fcb0efa77527af,abnormal,10,0,10,7,False,False,94890.3,81378.0,28656.0,357112.0
6747991aa8970e35ec44fe90b309d627,abnormal,9,0,9,5,False,False,126744.22,111300.0,9272.0,488394.0
6747f99ef0ff341a8b25787e3436db5c,normal,0,0,0,0,False,False,,,,
67533fa705019e473c1609ec6ed294d8,abnormal,9,0,9,5,False,False,183813.11,92416.0,13122.0,483021.0
675d4dfbc02d948b3be479815f560c2e,abnormal,15,0,15,4,False,False,23283.8,9900.0,4959.0,113619.0
675ffaef18559ad337d8abb65ee44624,abnormal,6,0,6,4,False,False,264377.17,246119.5,60420.0,496736.0
67635e3e25dcca671541a531ca2b4d0e,abnormal,5,0,5,2,False,False,348954.4,470752.0,96640.0,528528.0
678219cc34c08e4b184dbe73ef52a680,abnormal,8,0,8,5,False,False,440738.38,450042.0,16133.0,851056.0
67923e1fdac310042f5feb9f788839bf,abnormal,11,0,11,4,False,False,17555.27,20828.0,3828.0,44775.0
679bff232ad7e9f8623bcd61e7812bab,normal,0,0,0,0,False,False,,,,
67c83db34f74fb6203fc52f789ec3a31,abnormal,13,0,13,8,False,False,247077.62,348843.0,8375.0,571584.0
67cbbbc94027667fe9fe8fe6ea07f9a2,abnormal,6,0,6,3,False,False,283878.83,285758.5,4752.0,523750.0
67cfebc952a1751733ad336895f0d73c,abnormal,5,0,5,3,False,False,16347.0,10191.0,6545.0,48256.0
67d4cf6415b37f5a0950ac53897f3d3a,abnormal,4,0,4,2,False,False,127500.75,110863.5,73444.0,214832.0
67d6d106da8aa96f4368d7cc11624f7a,abnormal,7,0,7,3,False,False,224315.0,122464.0,40788.0,580504.0
67d78accb5656a6e435a912ca941c27e,abnormal,12,0,12,6,False,False,283829.58,297606.0,35100.0,615160.0
67e142bee76b89f0ca09bab8d7adaa2e,abnormal,4,0,4,2,False,False,103869.75,114938.5,54522.0,131080.0
67fbc13add44ab3cafafb5be3ce3cafc,normal,0,0,0,0,False,False,,,,
6807503ed8ab156abd8b43ee6bc4be75,abnormal,6,0,6,2,False,False,118279.67,94056.5,35476.0,228960.0
680991cadaa23df90e27c5c89941b917,abnormal,3,0,3,1,False,False,180446.33,182350.0,149184.0,209805.0
68122971781f688cce53b8700e0da080,abnormal,3,0,3,1,False,False,460323.67,477420.0,391254.0,512297.0
6818b9a73dbaf129b63a2848ac1e576f,abnormal,12,0,12,5,False,False,90703.75,39203.0,8463.0,332200.0
68194ba7f002feafff03a21625a07305,abnormal,10,0,10,4,False,False,261984.3,300852.5,9243.0,516663.0
682008cffca1751980b4010f4e82520d,abnormal,12,0,12,4,False,False,132162.08,97727.0,27768.0,388800.0
68291bf070ea8be26049e41d95b1bd25,abnormal,6,0,6,3,False,False,308702.17,339552.0,13330.0,431071.0
682b61023d547b7b92f47dfdea263775,abnormal,13,0,13,4,False,False,276997.54,154440.0,36672.0,705200.0
6833c509c10b569d6167db70b83ee5d5,abnormal,22,0,22,8,False,False,348158.91,176808.0,5700.0,821520.0
68389e585575ff6e536f3fbff8101474,abnormal,13,0,13,6,False,False,103525.31,32804.0,11325.0,353940.0
683ec9af11ca7fe33686ddce989d3768,abnormal,3,0,3,2,False,False,292311.67,50040.0,32000.0,794895.0
684626e9ab3384984e4af5ede3a0e6aa,abnormal,3,0,3,1,False,False,138297.67,138729.0,124124.0,152040.0
68626e0f21d8b844329c9cba44ff28eb,normal,0,0,0,0,False,False,,,,
686af368e33eea31228b8634c5947f6c,abnormal,6,0,6,2,False,False,143677.67,127408.5,74880.0,234025.0
6899d63a9d60ee219291ba61f964dbcc,normal,0,0,0,0,False,False,,,,
68ab5b60e34d374002405dfe7f14b7ff,abnormal,10,0,10,4,False,False,800953.0,657723.0,54864.0,1880772.0
68ad460a32591dc2d5d522e9c913cad8,abnormal,6,0,6,2,False,False,282182.83,259330.0,92340.0,521658.0
68bf44155e1e9cd26c7ac566d5a02289,abnormal,5,0,5,3,False,False,105313.6,57599.0,20440.0,284886.0
68c396ded603aae07cb3027b1d2e8a90,normal,0,0,0,0,False,False,,,,
68d2d4cacb8e7d2b125fe18516356777,abnormal,7,0,7,4,False,False,262664.43,171720.0,82368.0,489645.0
68eb45dbf790f2f829d8c6a8690b0d25,abnormal,12,0,12,6,False,False,144103.5,134063.0,22400.0,265848.0
68f7ee667e33c638abc21bcd543ad9d5,abnormal,15,0,15,7,False,False,106775.67,16348.0,697.0,310168.0
68fb6b382475cacea88d364da1730d34,normal,0,0,0,0,False,False,,,,
68fcd04c343c408db5acce03b38c2e1e,abnormal,8,0,8,4,False,False,275429.12,282507.5,44250.0,550123.0
6900482a91a538ead56b483f77bcf289,abnormal,4,0,4,2,False,False,405688.25,373799.0,361130.0,514025.0
690a74b4ebf969fbadc5ad0a1187968d,abnormal,12,0,12,5,False,False,347797.25,152760.5,48314.0,1011048.0
690becc033b4b41fc20572d5f7f13359,normal,0,0,0,0,False,False,,,,
69264b8eef78c43726b78a6fba59d962,normal,0,0,0,0,False,False,,,,
693008c77b426c4afc45e990f5f07287,abnormal,10,0,10,6,False,False,126795.0,185679.0,4410.0,246228.0
6935c5330b07eb6492d228b1e1a740a5,normal,0,0,0,0,False,False,,,,
693a01d0401e233e4f6bd441542dc424,normal,0,0,0,0,False,False,,,,
696214f9b38c455d2b867484da3570d8,abnormal,7,0,7,2,False,False,274807.57,401302.0,30500.0,483735.0
6974b05fb97620ec153a9eb3200db4eb,abnormal,9,0,9,4,False,False,196437.67,92868.0,2379.0,618772.0
697c98dcc1457ad774db7b42a4e1e8b4,abnormal,9,0,9,5,False,False,974164.11,1105725.0,38308.0,1450449.0
698f2c03335010d2ff0a30798f8c2e08,normal,0,0,0,0,False,False,,,,
6993fe34fd90adcbbfe75229f5e22306,abnormal,4,0,4,2,False,False,422181.0,488697.0,104178.0,607152.0
69972b49aac9f4aea137e51984cf8691,abnormal,12,0,12,8,False,False,359642.67,423474.0,3410.0,753320.0
69a2762d9ad4e34d46a08a58596a71e9,normal,0,0,0,0,False,False,,,,
69a3e19744062d97e679adf184b667c2,abnormal,3,0,3,1,False,False,1291669.67,1279998.0,1215915.0,1379096.0
69a4c5a42437d7d7f8cf80a8e0402e15,abnormal,5,0,5,2,False,False,324773.8,215028.0,186406.0,517867.0
69afc1cd6a3209dfc08651a43e7628fd,abnormal,5,0,5,2,False,False,53317.4,70752.0,13104.0,91120.0
69cb46ac057f1c04cb0a582fcf2f8b96,abnormal,6,0,6,2,False,False,76376.0,44418.5,16874.0,269955.0
69e693c4c5f1f8ad419b1d2ed43c7375,abnormal,5,0,5,3,False,False,132894.2,118769.0,42672.0,233948.0
69e956035a447c4d4f4d28e13ed92dc4,abnormal,11,0,11,7,False,False,689661.09,942879.0,115200.0,1015058.0
69ea3cb5de2b638097e68aa955ad1087,normal,0,0,0,0,False,False,,,,
6a0cf3914af765ef60fb7682f4c53cf8,abnormal,3,0,3,1,False,False,47903.33,51291.0,39889.0,52530.0
6a0da094696816e8ccc92c81602173d1,abnormal,10,0,10,4,False,False,231101.0,181675.0,43700.0,699138.0
6a2119f5509f4f9b7811ff4e7d786a62,abnormal,7,0,7,2,False,False,944056.71,953262.0,85020.0,1589232.0
6a21c27cbd42e68576a134fca3c0266e,abnormal,3,0,3,1,False,False,70753.33,51700.0,39528.0,121032.0
6a226af290752e9d60405e5a5a18e90f,abnormal,4,0,4,2,False,False,69334.5,84104.0,4970.0,104160.0
6a245106cf0448251656a6a0bd6aebd5,abnormal,6,0,6,3,False,False,131077.5,100489.5,50544.0,279378.0
6a29cfd596229d4ac24ad8cbaa103c11,abnormal,8,0,8,3,False,False,76047.5,34539.0,13279.0,191296.0
6a4b3bf66d8876480d5ea698d3f9304a,abnormal,9,0,9,5,False,False,175260.22,116130.0,13692.0,387760.0
6a4f9965e83bfad45d66d4afa5d28cc5,abnormal,9,0,9,5,False,False,85834.44,35860.0,2484.0,414963.0
6a53a62b736fb59c4e2c35f99778656f,abnormal,12,0,12,4,False,False,116675.75,34387.5,14872.0,450323.0
6a5a92798a840e7b12533ada2e2816cb,abnormal,5,0,5,2,False,False,833103.0,525585.0,150898.0,1545594.0
6a69a393d7beccc1043d5ee8cf0517d4,abnormal,8,0,8,2,False,False,18799.25,16258.5,12232.0,30448.0
6a6d716b650b15a1babbcd82ca95d76e,abnormal,5,0,5,3,False,False,168727.4,151498.0,13623.0,338496.0
6a731afa074fdf826107fa38023459a5,abnormal,10,0,10,3,False,False,40111.3,30216.5,9321.0,100804.0
6a770deeb23778c30bbf5dc7d00f75c4,abnormal,10,0,10,4,False,False,327745.3,400002.0,111671.0,435070.0
6a956ce4e56235dd8de081a965a36c2a,abnormal,17,0,17,7,False,False,233429.71,97412.0,3102.0,842058.0
6ab69f995bbbc0522d8819fec2cf1d3b,abnormal,8,0,8,4,False,False,339848.88,276832.0,27216.0,815930.0
6ab95c0f04cb1c61e635ba82b76df6b9,abnormal,5,0,5,3,False,False,54224.6,54036.0,31878.0,86920.0
6acc13406eda521dedfca734ddbe3e25,abnormal,11,0,11,7,False,False,163322.0,53911.0,19152.0,978420.0
6ada6149fec45a9046dbfe15e3459ec8,abnormal,25,0,25,7,False,False,233046.36,79134.0,6825.0,1547220.0
6ada8f68e2f901b30feb74aaa0c32ba4,normal,0,0,0,0,False,False,,,,
6ae2757005410f45933298a2bd5d7f50,abnormal,9,0,9,5,False,False,124458.11,45684.0,3481.0,356643.0
6aee48100cc84e8ce9fa362fbac6113b,abnormal,5,0,5,3,False,False,143866.6,72072.0,5254.0,534983.0
6b2b72d289bf26b3aaf41548df0ab160,abnormal,3,0,3,1,False,False,160375.33,146196.0,141900.0,193030.0
6b3c9e72ced5b7a5f40029e034ab6cba,abnormal,3,0,3,1,False,False,34534.0,33930.0,30240.0,39432.0
6b49f9a611fb606933242b3409569497,abnormal,9,0,9,4,False,False,387971.56,216932.0,37948.0,1076032.0
6b6f79dad019a4dee92fa35456f75a48,abnormal,23,0,23,7,False,False,162991.0,95788.0,16492.0,817860.0
6b7630266dc2abd86de6c994308a4986,abnormal,6,0,6,2,False,False,182025.0,188494.0,79316.0,274021.0
6b86fa23bbe9974e31308a8e4543b1b6,abnormal,6,0,6,3,False,False,275096.83,299485.0,7849.0,539982.0
6b8bb3a6cc110df0f2e182c1db0b4b21,abnormal,10,0,10,5,False,False,255385.3,171593.5,78914.0,604485.0
6ba7995f98e1c9c494868133536edf13,abnormal,3,0,3,1,False,False,332125.0,325458.0,304677.0,366240.0
6bb053f269fb54485e70eb65424578f3,abnormal,5,0,5,3,False,False,56005.0,32039.0,14208.0,124656.0
6bb0f4c7693b63f01ca906e712abd4e3,normal,0,0,0,0,False,False,,,,
6bb7769006f10cb8681b95246a90902c,abnormal,7,0,7,3,False,False,225170.14,96368.0,3905.0,474565.0
6bd56b4aa9ff512573b799ddb4c7deac,abnormal,3,0,3,1,False,False,73258.0,67284.0,61226.0,91264.0
6bfb85750420c5ee853ad5372dcfbd76,abnormal,14,0,14,3,False,False,39367.64,34253.5,12002.0,68359.0
6c07e9a9fc06aa20e54a83cded97aa7a,abnormal,6,0,6,4,False,False,122564.17,131644.0,20150.0,214671.0
6c08a98e48ba72aee1b7b62e1f28e6da,abnormal,16,0,16,5,False,False,272293.75,119777.0,13104.0,974544.0
6c28ed764e181113c90d167b3a2db3fa,abnormal,3,0,3,1,False,False,63235.67,64938.0,50625.0,74144.0
6c35a010256b29d6db4956f5bffff4a2,abnormal,22,0,22,8,False,False,155036.23,75019.5,23564.0,650160.0
6c36bf0795da73a547d0a6269c33daf6,abnormal,3,0,3,1,False,False,132894.67,133770.0,105938.0,158976.0
6c45f970e82a55ffca6f7259d82197e7,abnormal,8,0,8,4,False,False,245469.75,90586.5,51183.0,578124.0
6c4b3875e507999d883e7bda6428fa30,abnormal,7,0,7,5,False,False,213195.71,196175.0,47600.0,368382.0
6c4b78e706f33af6d0561c990df490b0,abnormal,8,0,8,3,False,False,225632.25,169232.0,15400.0,488323.0
6c52edbfaea1be8334fd862161a8f4e4,abnormal,9,0,9,5,False,False,101159.56,75348.0,21131.0,275621.0
6c6266968277d8d98717a106dfb716c3,abnormal,9,0,9,6,False,False,1140717.33,1455180.0,34776.0,1468636.0
6c62972a4eeaf465e0461d4d74394366,abnormal,13,0,13,5,False,False,149823.15,120522.0,15190.0,336966.0
6c63a1225abbaf4be97d520df64d9125,abnormal,9,0,9,4,False,False,275675.0,131026.0,22021.0,722106.0
6c6443feb73c8113601be5a01242447d,abnormal,6,0,6,2,False,False,277374.67,239307.5,92868.0,524610.0
6c7168280c801ce96908597527695ab5,abnormal,9,0,9,4,False,False,187292.56,112378.0,18928.0,506483.0
6c7235e58f45b35fa517bb1a855f7504,abnormal,11,0,11,5,False,False,386667.36,266000.0,90354.0,665916.0
6c79f2551808438721052023e043ab4d,abnormal,10,0,10,8,False,False,287705.3,265246.0,2832.0,689832.0
6c825d5c6349fcc2a6d6af5b13e470b6,abnormal,3,0,3,1,False,False,411411.0,438340.0,293930.0,501963.0
6c8d15e1aadce8cc5dc0a4b719818a4c,abnormal,4,0,4,2,False,False,1109432.5,1169219.0,253368.0,1845924.0
6cacb05336c1725300d12e762cca0fc8,abnormal,7,0,7,3,False,False,221732.43,106656.0,14300.0,525162.0
6cb28973ba5bf897b5c1ef88c79c47c2,normal,0,0,0,0,False,False,,,,
6cb76e80cd8312a6cb453b11d5ea44f8,abnormal,6,0,6,2,False,False,322595.83,243439.5,10816.0,794464.0
6cbdc71410309c03dd894fa3470f7b8d,abnormal,6,0,6,2,False,False,258940.67,241304.0,59584.0,498182.0
6cde3166d972c7b9ceff0e6099d4e374,abnormal,10,0,10,2,False,False,119819.3,69849.0,4455.0,495447.0
6ce61a39f1e1bff629566de047ab8775,abnormal,7,0,7,5,False,False,373663.43,328614.0,302152.0,521380.0
6cf076d01340d69f77857cd4708692d1,abnormal,5,0,5,2,False,False,229822.8,235818.0,17214.0,334536.0
6cf0ce690ad8348d8c44c689aed97836,abnormal,6,0,6,2,False,False,164590.67,158551.0,37352.0,294295.0
6cf0ea4eb8810156bfb48f5a7dbeffd3,abnormal,23,0,23,7,False,False,85933.09,13160.0,5733.0,703027.0
6d08a56a5d1e0918469413c81abc33bc,abnormal,6,0,6,3,False,False,112222.83,87077.5,19200.0,230256.0
6d1ae9283e8be51b5057a189f53bef03,abnormal,5,0,5,2,False,False,174806.8,113321.0,90636.0,347800.0
6d2ea40c6bdeaf8c3c7be4ae9125834e,abnormal,9,0,9,4,False,False,170107.22,122928.0,18468.0,365424.0
6d3451478ca527968706d5075d5bf0ce,abnormal,8,0,8,3,False,False,467610.62,361431.0,213155.0,1016250.0
6d3cd7503968e1d95d46dccb35e6b617,abnormal,3,0,3,1,False,False,563163.67,545238.0,534429.0,609824.0
6d55788f759da917cf8b89f300764dee,abnormal,10,0,10,4,False,False,30489.8,26153.0,3402.0,96096.0
6d58e4bb28efa358fbce1c94e6b15efe,normal,0,0,0,0,False,False,,,,
6d5acf3f8a973a26844d617fffe72998,abnormal,46,0,46,7,False,False,195966.2,10939.5,1968.0,4179378.0
6d6746496137a10dbfbb4019c47174c0,abnormal,10,0,10,4,False,False,310259.6,304515.0,87472.0,569989.0
6d80520d7518642b92a089b028407104,abnormal,7,0,7,3,False,False,121133.43,58292.0,10656.0,250600.0
6db40e2b46792eab40dfdfff3b29a760,abnormal,3,0,3,1,False,False,63262.0,67782.0,35904.0,86100.0
6db6e5b15b7497f9179ec06fb3723d5c,abnormal,8,0,8,4,False,False,241680.0,88326.0,1240.0,621255.0
6db88a54762f5e34ce31d2f43deb812d,abnormal,6,0,6,3,False,False,40534.5,37933.5,10500.0,73200.0
6dc197d0503400617170a11ab7812d73,abnormal,11,0,11,5,False,False,65842.64,63210.0,26741.0,138012.0
6dc207746578921c58e86d97b78534bd,abnormal,8,0,8,2,False,False,279455.38,283035.0,188032.0,350674.0
6dc54c273e24de333f3fdd060f74faa1,abnormal,5,0,5,3,False,False,292027.6,388716.0,11418.0,496400.0
6dd1a29dcafeb9545da50d85324bb781,abnormal,5,0,5,3,False,False,81051.4,93107.0,28548.0,129654.0
6de2efbed6b23441ab46cbcfa980e4bd,abnormal,7,0,7,3,False,False,315387.14,236500.0,165505.0,481558.0
6e004d77616aa8546ed689d9360e1080,normal,0,0,0,0,False,False,,,,
6e0dd61ae870e3b4f5701af4d7cb5b8b,normal,0,0,0,0,False,False,,,,
6e10d8c0ed42868404c04889240d3693,abnormal,6,0,6,2,False,False,280209.17,264016.0,56619.0,530528.0
6e11ca52ad7ea9add47da7eded8efe03,abnormal,8,0,8,4,False,False,117366.62,96662.0,12780.0,422250.0
6e1a6f52b179c14edd1af37ead978cb2,abnormal,5,0,5,3,False,False,405484.6,450722.0,63720.0,569856.0
6e224b4caf02b51618bda425011636f2,abnormal,17,0,17,8,False,False,622181.24,650882.0,24426.0,1478194.0
6e26e1092a0297a1cbf0a867e3b90326,normal,0,0,0,0,False,False,,,,
6e2a38e4cc5b4cd14dba22285a5cd210,abnormal,3,0,3,1,False,False,124457.33,126750.0,104496.0,142126.0
6e2c5ac0b017ee374840d5ad3aba3629,abnormal,8,0,8,3,False,False,200249.25,88208.0,55620.0,602514.0
6e395f737d2b004443f033eb9ad7ba17,normal,0,0,0,0,False,False,,,,
6e3dce43de58cedd6cca477f98b6c94f,abnormal,7,0,7,4,False,False,184331.0,11564.0,8652.0,443000.0
6e4391555899c8474c4d32f42b2ba21b,abnormal,24,0,24,6,False,False,235740.29,172019.0,15982.0,572792.0
6e45dcf215f6474234248ad70fb897d1,normal,0,0,0,0,False,False,,,,
6e469682b53c4c558e23632c4c7e4fe5,abnormal,13,0,13,3,False,False,95711.38,80605.0,1520.0,281935.0
6e47a3c35eecd25bf915998f192b32d1,abnormal,8,0,8,6,False,False,70574.38,53695.0,10642.0,201630.0
6e48149a34ba1700f265b5e7d9fe0cd1,normal,0,0,0,0,False,False,,,,
6e4915e84e38de5d90efe0ecfd8f2cf6,abnormal,29,0,29,9,False,False,69605.1,49662.0,840.0,363384.0
6e5776831430f043f18d70c93239457a,abnormal,3,0,3,2,False,False,54554.33,47304.0,40984.0,75375.0
6eae1d4353b0a57087ca071556aef1ec,normal,0,0,0,0,False,False,,,,
6ebee97d53199fb6126b8eeb2acc7f44,abnormal,10,0,10,3,False,False,63355.2,23472.0,11118.0,296296.0
6ece94f09d405a17472ba1cf4471e548,abnormal,6,0,6,2,False,False,267472.67,220099.5,109174.0,489573.0
6ed2ab0e4ba47734a7b2a47deff243c1,abnormal,4,0,4,1,False,False,293355.0,367612.5,45269.0,392926.0
6ed469a35361b49e04971347281bc312,abnormal,7,0,7,3,False,False,222579.14,89490.0,25996.0,527745.0
6eeead238ec804ca607534249350bcf8,abnormal,11,0,11,5,False,False,111188.73,35616.0,12551.0,374077.0
6efabbfe08d43653606d7b16c5ad264d,abnormal,6,0,6,3,False,False,201198.67,198803.0,147627.0,257166.0
6f322939176779d7af4f7c76701fa91d,abnormal,6,0,6,2,False,False,240314.0,221545.0,42874.0,447200.0
6f5f1420c9f88f1ec8b886e3700410f5,abnormal,7,0,7,4,False,False,265893.71,239083.0,71247.0,779058.0
6f79bc390fe626dd3ad6a8cb36116254,abnormal,5,0,5,2,False,False,186561.0,86944.0,50160.0,394918.0
6f81359c392e30ddea9260b22d732e69,abnormal,11,0,11,3,False,False,255744.45,84640.0,35340.0,825162.0
6f873f0a401ca124ae1e125f081b591e,normal,0,0,0,0,False,False,,,,
6f8d6f377c0d4ffcf13554466668be5a,abnormal,3,0,3,2,False,False,39027.33,34056.0,24552.0,58474.0
6f8e0af5fff2c4c45f6eb841a4221235,abnormal,12,0,12,6,False,False,129018.75,73687.5,19698.0,401820.0
6f9c69586ff53e488b23e7bb6b0556c5,abnormal,6,0,6,2,False,False,159913.5,41684.0,7807.0,450785.0
6fa0ca0396d8c8dba1dc037d2d882947,abnormal,5,0,5,3,False,False,127053.4,86070.0,6435.0,293074.0
6fa721dbeeea8b191be3336226a2d3e8,abnormal,7,0,7,3,False,False,92753.86,46872.0,19800.0,380380.0
6fa7dad34b96816f31cc091a0507bbdd,abnormal,13,0,13,6,False,False,94985.38,33448.0,1287.0,386978.0
6fb55d54b54b05b50913b456d1b5d0cc,abnormal,11,0,11,7,False,False,561675.27,808248.0,7776.0,1147896.0
6fbeb3ec1ec16b267f98fc12cbab9b6f,abnormal,7,0,7,2,False,False,516400.14,426764.0,3294.0,1230095.0
6fe8a6cb3929ebdfa1cc078b0318e363,abnormal,19,0,19,7,False,True,96316.84,59202.0,273.0,342375.0
6feeabe1a1221a8a4da9560cc86157ed,abnormal,8,0,8,4,False,False,155297.38,89251.0,18164.0,324210.0
6ffac7a192bae8415d98c6d03ee4ee2c,abnormal,5,0,5,2,False,False,352650.6,505791.0,95400.0,530075.0
70050ec61a0f61030b7ce001eab0fefa,abnormal,11,0,11,5,False,False,598776.27,461136.0,117292.0,1348964.0
7019341063506a9850df00a5bcf46efa,abnormal,4,0,4,2,False,False,185082.0,216742.0,78319.0,228525.0
7021edd61c6640c497c774e6ef61e491,abnormal,7,0,7,3,False,False,664901.0,645624.0,181937.0,1122336.0
703637c0369923222e87e31bb7477b4f,abnormal,10,0,10,6,False,True,209392.1,181979.0,15552.0,426750.0
703a96532637528e3aafb5f5668186cb,abnormal,8,0,8,4,False,False,49935.62,52290.0,11322.0,102068.0
703e3e8b33821c0b0553c5d534a5419f,abnormal,7,0,7,4,False,False,176549.71,224256.0,53848.0,330616.0
7041c4545b91fb9fd032398c297fd992,abnormal,6,0,6,3,False,False,74186.5,56756.0,17184.0,215730.0
7043451da60cb89537435829965759c3,abnormal,7,0,7,4,False,False,102432.29,23450.0,13464.0,243612.0
70485d0ffe6e2b1d90b6127c5c023f18,abnormal,17,0,17,6,False,False,194516.41,13167.0,2208.0,710040.0
7052aefb2cae8274a2dedc9e21714d96,abnormal,6,0,6,2,False,False,279368.17,292946.0,120263.0,445284.0
705ac59fb56577d3db10d09dc5b3f3b3,abnormal,3,0,3,1,False,False,78383.0,75880.0,63335.0,95934.0
706e9e2d05f37843759f3e1da02f2d6c,abnormal,9,0,9,4,False,False,245181.44,162240.0,77792.0,530271.0
70822307bc21273a21e4a57632f55a0a,abnormal,8,0,8,4,False,False,245474.12,306167.0,42749.0,395460.0
708249b5f1cff1ae05f850da5fc2b625,abnormal,10,0,10,3,False,False,234032.8,195005.5,31648.0,410024.0
70bb28b860c2c597900d4a0722cf53a7,normal,0,0,0,0,False,False,,,,
70c57f59ed881d79ba9c1071b605c42f,normal,0,0,0,0,False,False,,,,
70dc4cdf5377a5daa9628a456390ed93,abnormal,9,0,9,5,False,False,393860.44,270109.0,69660.0,919316.0
70e09b0d52ed4571aa953c4d844bc5cb,abnormal,10,0,10,5,False,False,205159.9,115199.0,5200.0,584329.0
70e621d1855d992b74df22c66021b25d,abnormal,4,0,4,2,False,False,449786.75,441693.0,433566.0,482195.0
70eb6d92bf0c7e35e0d55e17d00629fa,abnormal,4,0,4,2,False,False,150818.25,159912.0,5925.0,277524.0
70f135c5319675c02b56fc5b82df7c09,abnormal,3,0,3,1,False,False,261014.0,272400.0,206712.0,303930.0
713f94c56bcf0a3622522744fb0d24d7,abnormal,9,0,9,4,False,False,212980.67,106925.0,506.0,619616.0
714e4c788c40892e9a5500e4fde9c753,abnormal,12,0,12,6,False,False,217449.42,179716.5,63162.0,467046.0
71511f823c4664475131c1519d9bd0a8,abnormal,6,0,6,2,False,False,719826.33,493163.5,115417.0,2071368.0
715278d742ca1d668e20ffab02e7fe36,abnormal,3,0,3,1,False,False,269715.0,250929.0,247596.0,310620.0
717b848dae42dc6c33d6d3a5754e690b,abnormal,15,0,15,6,False,False,268134.4,211896.0,41013.0,764463.0
719182f814fc1a742e0fbc1a751f6af7,abnormal,8,0,8,4,False,False,370039.38,197488.0,4209.0,829296.0
719962d2d347b4d5a6641074d75b78ad,abnormal,4,0,4,2,False,False,248451.75,289395.0,72498.0,342519.0
719ef3ece6314f7962ffe89cfd4cdb7f,abnormal,3,0,3,1,False,False,161950.0,176026.0,117440.0,192384.0
71a5a3f60976a7b46875a26dfd7a669e,abnormal,6,0,6,2,False,False,34703.0,35956.0,20550.0,49170.0
71ab1b7b29ed23f9c8a5ad1db0e2cbf5,abnormal,6,0,6,2,False,False,253521.17,262249.0,76151.0,434014.0
71bb412dd9f1550f447ce895f400599a,normal,0,0,0,0,False,False,,,,
71cfb66b2166800fae0283d2f28b0902,abnormal,11,0,11,6,False,False,537806.27,232848.0,12971.0,1163670.0
71dadd60877ab8a22b3d5075c40415c0,abnormal,4,0,4,2,False,True,596604.5,580494.0,572688.0,652742.0
71ddd7f7b44aa49dafb8410e8d542ffb,abnormal,4,0,4,2,False,False,71429.25,78114.0,16206.0,113283.0
7216517a6e4daf3bd95b7b065dac16dd,abnormal,10,0,10,5,False,False,160123.5,101042.0,1015.0,498444.0
7225983eb43be7f2dcb9e75381a8f3e5,abnormal,5,0,5,2,False,False,209021.2,250900.0,35948.0,371771.0
72264a7633d9eaa863732d9d18658516,abnormal,6,0,6,2,False,False,124299.33,85067.0,34656.0,369184.0
7237fe007c5cab239011e89137eee3a7,abnormal,10,0,10,5,False,False,372475.3,249707.5,21504.0,952506.0
723a57bc840fd54341f543c2832ad6a2,abnormal,4,0,4,2,False,False,9159.75,8424.0,6804.0,12987.0
723aaeb1fd6c8333089f301b1f9620e5,abnormal,6,0,6,2,False,False,339834.67,334776.0,124640.0,577715.0
723f93a3f0e3905c498839d23b961631,abnormal,4,0,4,2,False,False,54236.75,61087.5,14508.0,80264.0
7245fcab6a98659146972d983aa01c6d,abnormal,10,0,10,5,False,False,254406.2,158461.0,32320.0,558140.0
7253800842122c9e6e95878b46008f54,abnormal,4,0,4,3,False,False,94360.5,93719.0,76104.0,113900.0
725d3455da58a90c17e5eba4b4520e97,abnormal,9,0,9,5,False,False,136925.22,53743.0,14518.0,348460.0
72a03107b8c5fffea70fb4d36ebeecb8,abnormal,8,0,8,4,False,False,111146.0,66704.0,30030.0,263375.0
72a60e1680fed635062ad42bc5df893d,abnormal,8,0,8,4,False,False,227981.5,96652.0,23664.0,545625.0
72a8690f81423e91e710088e939dd664,abnormal,6,0,6,2,False,False,147349.33,146453.5,29106.0,261665.0
72bce8eed8324b1544f1698f56a2b0ba,abnormal,18,0,18,6,False,False,72990.17,11760.0,675.0,455110.0
72d2a32355662fd12a16420bd689bbf9,abnormal,6,0,6,2,False,False,195466.83,195310.5,52890.0,342814.0
72db011d874a7d2151f75b4f0ae679b2,abnormal,15,0,15,6,False,False,182718.4,87150.0,15444.0,509040.0
72dba276d1673ef009c04d2c8a7e3238,normal,0,0,0,0,False,False,,,,
7307f00233a2858176b4b8c93213d7de,abnormal,6,0,6,3,False,False,1115707.33,1130597.5,837012.0,1383885.0
730b58517ca8b274e1b66e87c723c003,abnormal,8,0,8,2,False,False,90678.88,90970.0,32589.0,163449.0
7310cb76b0642a868c3eb66ce74e7d70,abnormal,4,0,4,2,False,False,594920.25,706824.0,80325.0,885708.0
7324c001e2512d3ea9197b0151c6c1b0,abnormal,9,0,9,4,False,False,250371.67,80196.0,26300.0,735140.0
73389cedf5cac39b292141ad966adfcb,abnormal,10,0,10,6,False,False,125261.4,93980.0,6723.0,362064.0
7339f20488fdc162a8b06c2d8c887277,abnormal,5,0,5,3,False,False,170230.8,66511.0,45200.0,425880.0
734bbd50e6a2265ae0092510852c9c24,abnormal,18,0,18,9,False,False,219677.78,177528.0,88578.0,565699.0
735023a2b17a5222636abc2784772804,abnormal,11,0,11,6,False,False,270783.73,66676.0,5244.0,1266880.0
7355afc2a3a775378d54578397734408,abnormal,5,0,5,2,False,False,154028.6,91606.0,43844.0,298471.0
736548ed94e659b342a15a4b32e71a1f,abnormal,17,0,17,5,False,False,68757.82,59708.0,5720.0,163590.0
73677ea9100c2fc6b88ba7442c90bcf9,abnormal,21,0,21,6,False,False,152293.29,60356.0,8453.0,560028.0
7379ef3f7d2f47ad02a272c056215448,abnormal,6,0,6,2,False,False,151000.67,144106.5,44325.0,281972.0
73a09e14492d3c6c579a48507303431b,abnormal,7,0,7,4,False,False,291131.43,176596.0,89238.0,653120.0
73bc384e1f0ca88f3bcb2b5c6a8584f1,abnormal,8,0,8,4,False,False,101179.38,80230.5,1680.0,252586.0
73ca5ade271925fe03782a52a85f75b2,abnormal,10,0,10,5,False,False,223502.1,172422.5,2550.0,662718.0
73d406f3aaebf4b2d07e73a87ebff608,abnormal,6,0,6,2,False,False,177333.17,136935.0,62230.0,355698.0
73dcc0c151e92d0090c75815c315ba83,abnormal,8,0,8,4,False,False,153104.25,62975.0,5248.0,380592.0
73e54ffef4d7e3de197b530d4f1ae026,abnormal,6,0,6,5,False,False,110162.67,100152.0,97464.0,131528.0
7413687c59af03d7aa10a04225d1ac52,abnormal,6,0,6,2,False,False,263963.17,233837.0,121600.0,450846.0
74292e695d6b5868b89acf26363ee93e,abnormal,14,0,14,7,False,False,84155.21,41825.5,20886.0,355145.0
742d73529266f013bbbcdf0f2bf9d218,abnormal,5,0,5,2,False,False,184157.4,109848.0,58065.0,360822.0
7430af9cdc5fa56f86d71b66a837390c,abnormal,3,0,3,1,False,False,163360.0,203196.0,60164.0,226720.0
74335ad1e0f78abc3b8d9c4d3380b5be,abnormal,5,0,5,2,False,False,292167.6,342472.0,86268.0,506540.0
7433f75def4589a4eaaba2cc947af95a,normal,0,0,0,0,False,False,,,,
743601b5826b3d21eab4b1b90ed73bc3,abnormal,3,0,3,1,False,False,93354.0,96465.0,77490.0,106107.0
7444ecc98d1984f4e864b265857bda11,abnormal,6,0,6,3,False,False,517825.83,487656.0,174986.0,837186.0
745101df234416c1912639f9aa4816bd,normal,0,0,0,0,False,False,,,,
7478eac70ba86cb5e7e7a29a9acbd6e0,abnormal,6,0,6,2,False,False,264845.83,261456.5,89964.0,434112.0
747eec98df4c54df053df178cc8c2395,abnormal,5,0,5,3,False,False,558097.8,633402.0,46200.0,1054859.0
7486840374f87cde690928d1b33aa97c,abnormal,9,0,9,3,False,False,161315.33,37224.0,12495.0,487960.0
74a6dc1a51dffd964baef5089fc4d1b6,abnormal,4,0,4,3,False,False,119630.0,121754.5,71811.0,163200.0
74eb8e74c7dee9e2342a43703a868387,abnormal,6,0,6,2,False,False,317982.83,222314.0,67045.0,674652.0
750371858ec902890736e5d6ee552026,abnormal,4,0,4,2,False,False,230139.5,275247.0,47120.0,322944.0
7519a77c0a9036cf63d56d53f708965a,abnormal,4,0,4,2,False,False,186696.25,223339.0,48111.0,251996.0
7520d54e60d31f2310d1eb5c77a7507a,abnormal,3,0,3,2,False,False,270900.0,328313.0,100716.0,383671.0
752836009ec557fe1f845720bc2914f4,normal,0,0,0,0,False,False,,,,
7540b357c67f2049cc0b8808fa2b91fc,abnormal,3,0,3,1,False,False,502251.67,528177.0,434188.0,544390.0
7541cb14619967aa42444e6327bb2f59,abnormal,6,0,6,3,False,False,275337.67,281237.5,28812.0,500340.0
754e5c9903b4b9bec894ebde02b54db8,abnormal,7,0,7,4,False,False,154778.57,107492.0,34547.0,542808.0
75692666e09ea0a3cbfcc4b36241c7c0,abnormal,5,0,5,3,False,True,1023411.0,1660959.0,15351.0,1719744.0
756afb66aecaf0675273016e8991d8d4,abnormal,5,0,5,2,False,False,4342.4,4368.0,3569.0,5103.0
757b9dce1ec83ee0758ebbac0fc6461a,abnormal,8,0,8,4,False,False,199510.75,100400.0,72731.0,425810.0
7593231d642b5869a4974ffbc46adcab,normal,0,0,0,0,False,False,,,,
75b1cda9857d6c1b9f0bdb21cc42145f,abnormal,6,0,6,3,False,False,96192.67,56523.0,18450.0,236083.0
75dc0e82de7e756942ad4dcdb45c1c8d,abnormal,9,0,9,4,False,False,47997.44,41778.0,11770.0,101824.0
75de97fbdf15aa3e1927a97ff9479327,abnormal,8,0,8,3,False,False,76694.88,38959.5,9100.0,342790.0
75e726f1b8f916a9e805f1f1e326a02d,abnormal,5,0,5,3,False,False,128427.6,96154.0,37224.0,311376.0
75ecc008a5e1a7f034c309b4f3f1e64e,abnormal,21,0,21,2,False,False,130397.81,1980.0,728.0,868274.0
75ed9329d92e12a8d1eb26cdaa0c5094,abnormal,7,0,7,3,False,False,150624.86,145195.0,33176.0,277092.0
75ffb5f8839bef4d8719d46c29c46064,abnormal,3,0,3,1,False,False,208983.0,211901.0,173441.0,241607.0
760af980f4ad1ef40a517cf7e005ea1b,normal,0,0,0,0,False,False,,,,
7610eb1f29002104c258f17b432e8d52,abnormal,5,0,5,2,False,False,450186.6,676077.0,81221.0,693611.0
761156f763bd414dfd2037ae413d5fe8,abnormal,17,0,17,7,False,False,234244.12,276330.0,46170.0,405520.0
76150430edf4bc123a894d8dfb55b864,abnormal,6,0,6,4,False,False,99980.17,85963.5,36894.0,257244.0
762f339322e42d419878a7b9c887553c,abnormal,8,0,8,6,False,False,61275.12,37971.5,4214.0,238290.0
76339ec8c17dbcdd117914581cee59f5,abnormal,6,0,6,4,False,False,1331025.0,1868540.0,53116.0,2018227.0
764eeaca1e91f7410e68f3daf40de6ab,abnormal,4,0,4,2,False,False,410446.25,354812.5,291500.0,640660.0
7652b96082c47799544acbd7858b4280,abnormal,7,0,7,4,False,False,42370.71,38106.0,2703.0,89337.0
7653a1c4431f1929ae8c73588e39b8d5,abnormal,9,0,9,4,False,False,211352.67,135375.0,19440.0,508440.0
765760a9e2d3b82da72ca1ab86229b79,abnormal,12,0,12,7,False,False,304978.08,153730.0,38060.0,747942.0
7661ae717d26893100f399e76e02c438,abnormal,4,0,4,2,False,False,66892.5,62999.0,48076.0,93496.0
7664d4a022c8ca9a94c0bb8adb48209c,abnormal,7,0,7,4,False,False,231259.43,124353.0,14784.0,691200.0
768480654fabe20d0c1340a17e129808,abnormal,11,0,11,4,False,False,384164.64,452368.0,4452.0,801450.0
76890e5a55be1076e0e4367b1a2b35db,normal,0,0,0,0,False,False,,,,
768db39e794f0d37d296c418e50d8126,abnormal,6,0,6,3,False,False,66573.67,39270.0,18161.0,142290.0
768f286b65425e98e6d03fa3bd1c5ded,abnormal,4,0,4,2,False,False,338606.0,377901.0,185174.0,413448.0
7691599752bbacd065fc71d3b54e67d0,abnormal,10,0,10,5,False,False,137179.3,74107.0,3843.0,404800.0
76a8a1a491e23dc44e0c33654f10c632,abnormal,6,0,6,3,False,False,68781.17,12097.5,7084.0,349524.0
76b3ac42fafec422e9e25c5ae8fab603,normal,0,0,0,0,False,False,,,,
76b94abea3d34cdea83ca5011ccab53a,abnormal,4,0,4,2,False,False,239421.25,265836.5,31212.0,394800.0
76ba59bd6f06fc0fa1ef003da3052c00,abnormal,4,0,4,2,False,False,186455.5,196361.0,132924.0,220176.0
76c39b1acee002408cc8956065ea105e,normal,0,0,0,0,False,False,,,,
76daa0fd9fc0346e09cbcc7ac90c9fb1,abnormal,10,0,10,4,False,False,37177.0,14640.0,8520.0,217152.0
76f366130d836a1ae9d12749d0150eb1,abnormal,10,0,10,3,False,False,24565.0,21182.0,10680.0,51408.0
76f84c8d0216ec44b47059fa80049995,abnormal,11,0,11,5,False,False,534241.64,687805.0,26082.0,1089487.0
7705b3f3b2a3a2de67e579119f53466e,abnormal,13,0,13,4,False,False,314119.69,327540.0,141075.0,463752.0
770ae639d8c1ac0846ce73d7ad5bacad,normal,0,0,0,0,False,False,,,,
771bad280d3f521bae62b331ea7db8f4,abnormal,4,0,4,3,False,False,72666.0,75055.5,48645.0,91908.0
771e151f13e719b549b4e3d74c4777fe,abnormal,10,0,10,4,False,False,166806.1,103542.0,1054.0,520542.0
7729fbb58b8006fe2b8305f9b2b33883,abnormal,8,0,8,3,False,False,135245.5,87723.0,14958.0,305472.0
7736d86868e78aeb6cf52f6263fe6598,abnormal,4,0,4,2,False,False,257796.5,310962.0,70490.0,338772.0
77411e67a520f43d7e819b9c21a33e2c,abnormal,5,0,5,2,False,False,180341.2,205606.0,50096.0,302940.0
77508393a893101ef38598222327703f,abnormal,6,0,6,2,False,False,205273.67,187312.0,38994.0,377540.0
776d1803d568d646b2e8d8b0648cde5a,abnormal,15,0,15,6,False,False,188520.33,162352.0,33726.0,317952.0
77721a660a5784c2b244167443f1bc26,abnormal,10,0,10,7,False,False,112986.0,68350.5,3920.0,456750.0
778592c49dc5b2bd4f4d4f415e174b5c,abnormal,5,0,5,2,False,False,187218.4,114156.0,79689.0,372138.0
778c387c2cb631286fc9927be6dc0a04,abnormal,6,0,6,2,False,False,274953.17,211640.0,117000.0,527934.0
779f3b4e5deddf8161905698bf806432,normal,0,0,0,0,False,False,,,,
77a86229631c04f92af02336b28db006,abnormal,13,0,13,6,False,False,127444.62,35154.0,19344.0,332330.0
77b13969911c7f66060294c6cd76f58a,abnormal,11,0,11,4,False,False,240578.91,221615.0,44238.0,485730.0
77d62e6304de7f244ac509794c99b483,abnormal,11,0,11,4,False,False,130313.0,134064.0,25810.0,340119.0
77d6928016b9ddbb311fe1653289790e,abnormal,9,0,9,5,False,False,264357.44,164346.0,9165.0,530448.0
77f4f19048695b17ba4194ae3b9bea8a,abnormal,11,0,11,8,False,False,55294.91,22781.0,3976.0,298279.0
78057413f8f7e8a3b1decc815e1f509e,abnormal,4,0,4,2,False,False,113803.25,76532.5,42174.0,259974.0
78076acd1cd80e71ff62d4fb58f047bc,abnormal,8,0,8,4,False,False,278854.25,279096.0,92295.0,588432.0
78128e6e9a6b5cf69bcc8cc1062d845b,abnormal,5,0,5,2,False,False,385779.0,401580.0,126786.0,578182.0
781337185d4b99902d0ebfd2867feab8,normal,0,0,0,0,False,False,,,,
783c29f5c65505ff48dca9a55a5f9f8e,abnormal,6,0,6,2,False,False,233809.5,215583.0,88275.0,429304.0
7841614f51ed3dfd1c3177a52493c56b,abnormal,9,0,9,5,False,False,69269.0,21658.0,11088.0,297064.0
7847f09e3ec0d370353104de17dc6a71,abnormal,6,0,6,2,False,False,187062.33,178399.5,47912.0,352209.0
784a4ee98cfc37a7c1ae9721bc8603ed,abnormal,14,0,14,7,False,False,280342.21,180162.0,24038.0,612861.0
787379ebcb21a9b806b71c925407e54f,abnormal,5,0,5,2,False,False,178414.2,93626.0,57658.0,399186.0
7882c56e6d4e2ec8b97556d8cfce4cf0,abnormal,4,0,4,2,False,False,294246.75,332294.0,59768.0,452631.0
789d2cadef93195598e3906ec5fab0e9,abnormal,9,0,9,2,False,False,366924.11,312653.0,175112.0,829008.0
78aa8415fbf1c792f7d7c53349d44d4f,normal,0,0,0,0,False,False,,,,
78ac03ab2cd9f2e9c7b081761f44f665,abnormal,4,0,4,2,False,False,48336.25,56613.5,8928.0,71190.0
78b96ab5b7fc1d75d73b3c9c747d5c96,abnormal,8,0,8,5,False,False,112221.75,52272.0,6499.0,370140.0
78d237a2c0fe8f82956cec48132c0b1e,abnormal,6,0,6,2,False,False,309494.17,273763.0,97350.0,586881.0
78dba36bdd34da385efcca7bb9ff5fde,abnormal,5,0,5,3,False,False,7364.0,7200.0,5688.0,8366.0
78e8eee238eeb6f386be08ece092167c,abnormal,13,0,13,5,False,False,198040.08,166568.0,33792.0,471726.0
78faf91d607511da380a6cc4f0a335d1,abnormal,9,0,9,5,False,False,141389.11,84240.0,1960.0,509280.0
7924fd832cdee99d93031d908aee05f7,abnormal,3,0,3,1,False,False,59750.67,61418.0,49494.0,68340.0
79318d422f9c3d533aae56a3a2db16b8,abnormal,3,0,3,1,False,False,79858.0,77235.0,52632.0,109707.0
7944aab8e3c02270d273b8b65fad7305,abnormal,7,0,7,4,False,False,215809.43,171024.0,67310.0,429452.0
7959604f5c1f6b274a0da891bc47aad8,abnormal,5,0,5,3,False,False,305898.6,434188.0,4288.0,509332.0
7962a93b582c5bc277d892f31dfc5dae,abnormal,19,0,19,6,False,False,295350.42,58794.0,7490.0,868666.0
7978725e43f1b301551e0fdbc32faef5,abnormal,7,0,7,3,False,False,223370.71,145533.0,101757.0,478728.0
7998e75d4e0f0ada2898d673c8ffecb3,normal,0,0,0,0,False,False,,,,
79af351d135ae05867a85d509082f530,abnormal,3,0,3,1,False,False,388263.33,405900.0,335202.0,423688.0
79b2e5ab9d3cf6375a3a1fa0386adfdc,abnormal,7,0,7,3,False,False,118752.57,90270.0,17920.0,289395.0
79bd8310bd57dfd23d33bfe5b3cc81d3,abnormal,9,0,9,5,False,False,560363.67,324192.0,2703.0,1407028.0
79c5d4d7f3b2e7a5a183bfbe664c699d,abnormal,10,0,10,4,False,False,166135.7,150144.0,4914.0,307380.0
79da84eeb9599d74292b04af9078c3ef,abnormal,3,0,3,1,False,False,68108.67,61994.0,41280.0,101052.0
79e8d10895b6cd7b1fca87139719b63a,abnormal,3,0,3,1,False,False,337764.67,373368.0,256270.0,383656.0
79edf950abd9ddc4dac37e113e40da5d,normal,0,0,0,0,False,False,,,,
79ff39552d8204ba42c5041e7650effc,abnormal,5,0,5,3,False,False,149605.2,102664.0,93074.0,313404.0
7a0d573c9f9582d04423325d3ca146e7,abnormal,11,0,11,3,False,False,32728.82,45144.0,5329.0,62217.0
7a1d72be9ef473df66d225c53e61f77e,abnormal,7,0,7,2,False,False,377653.43,555754.0,90252.0,610368.0
7a3323fefdd4f7613e1ae2d4812c7b75,abnormal,6,0,6,2,False,False,40930.83,34263.0,22466.0,81295.0
7a350dc1bcdf2fb34fcc57f05adf9da7,abnormal,9,0,9,4,False,False,143608.56,104280.0,5810.0,363132.0
7a4bbf44262ba36208dbb20153f4569d,abnormal,10,0,10,4,False,False,658276.4,487966.5,137241.0,1523008.0
7a5ed0a74ecc27101ba9cb64066cf452,abnormal,8,0,8,3,False,False,214690.88,90340.5,15028.0,615424.0
7a638d347bc64ee76ca339c799602086,abnormal,3,0,3,1,False,False,296467.67,316169.0,248844.0,324390.0
7a7b30a642d5f305ccf5f7a6f2e901e8,abnormal,9,0,9,3,False,False,305654.78,262542.0,15876.0,812090.0
7a96c5f15fb08c98d2489dc2d1ad05d9,normal,0,0,0,0,False,False,,,,
7a99127d0a0c6a00aad2115a6ff9e653,abnormal,7,0,7,3,False,False,1029874.43,340370.0,317645.0,2190615.0
7a9bbc3d02750c716fa773dcae80363b,abnormal,6,0,6,2,False,False,368054.0,325633.0,31304.0,787150.0
7ab69502906043cd72e71d1f549c7153,abnormal,3,0,3,1,False,False,264107.33,276914.0,207932.0,307476.0
7ac7db2d39f2342de386188e72cd0a72,abnormal,5,0,5,2,False,False,222536.6,135340.0,86736.0,406260.0
7acb16c6d6f5cfc41a958e0b41e25106,abnormal,4,0,4,2,False,False,102174.25,96965.0,85455.0,129312.0
7acf137fcd503834c79b7a151dd934f0,abnormal,5,0,5,2,False,False,161718.0,136764.0,100340.0,310546.0
7acffd33cfddf67f7a7a9cb705096335,abnormal,5,0,5,2,False,False,52318.8,46782.0,34200.0,99630.0
7aeae4110d509875a693b23aa17bd9ac,abnormal,11,0,11,3,False,False,24322.91,21666.0,1794.0,75898.0
7af1da4ba8580aa54a0bfce36071c8d9,abnormal,6,0,6,5,False,False,177544.5,101967.5,16016.0,584896.0
7af293bb03a398b6c01473dafb739d1e,abnormal,12,0,12,5,False,False,40710.08,34971.0,20736.0,81073.0
7af60baf02292ff2c0b2a25cc9106358,abnormal,12,0,12,3,False,False,257198.08,162460.5,69650.0,634888.0
7aff3521c214e535c920bdbd0b1a8a45,abnormal,7,0,7,3,False,False,165847.29,83202.0,6059.0,450360.0
7b0e3bc4d8d010b4f59776da578101b7,abnormal,4,0,4,2,False,False,354447.0,427806.0,94080.0,468096.0
7b30d37b73be405bfd91ed5e2d46c473,abnormal,10,0,10,4,False,False,347011.3,332503.5,102760.0,617156.0
7b3ebb99b0c19f567eb49c1bfdf4d163,abnormal,3,0,3,1,False,False,23486.67,18939.0,15485.0,36036.0
7b41dadbe305cc9f4f6068d473f73daf,abnormal,6,0,6,2,False,False,215977.67,193455.0,67116.0,382782.0
7b5d44f6dd14787142deafbe64eb3b03,abnormal,8,0,8,4,False,False,204170.62,101905.0,55250.0,441000.0
7b6a241b30dfcf7b91c6d6a63d693fd9,abnormal,4,0,4,2,False,False,366136.5,445329.0,66528.0,507360.0
7b6a38d1478375102a8396bedfbf9edf,normal,0,0,0,0,False,False,,,,
7b6f5c06586ee0f71a4b0b815062a5a5,abnormal,6,0,6,3,False,False,194506.17,175232.0,35649.0,373829.0
7b759182d86f6a44b377ffcfce8a3b53,abnormal,7,0,7,3,False,False,275680.71,169260.0,1435.0,571064.0
7b87ff45f630da27a103b7e587bc6fd1,abnormal,7,0,7,4,False,False,467529.14,518462.0,43818.0,843336.0
7bd506ddbe0c59432e3c3a24aa2205e1,abnormal,4,0,4,2,False,False,117872.75,135788.5,21024.0,178890.0
7bd83b3d3af0ea8150c8f2a737712db1,abnormal,8,0,8,5,False,False,122129.38,53843.5,9951.0,512096.0
7bd856b30b7129c81c6803c7f1fe23b3,abnormal,12,0,12,6,False,False,229342.42,149216.0,57190.0,611568.0
7be2d2fc4e5821cbf3f5fb7d7d3a3c8e,abnormal,10,0,10,4,False,False,339197.0,219222.5,11956.0,1053135.0
7bf14801ba177b4d09cee3dd3e452973,abnormal,3,0,3,1,False,False,515904.67,516368.0,460460.0,570886.0
7c11b4c81ab766a9aa8e300ddc618084,normal,0,0,0,0,False,False,,,,
7c1874e73e85727a0a12139add66bfa6,normal,0,0,0,0,False,False,,,,
7c1add6833d5f0102b0d3619a1682a64,abnormal,6,0,6,3,False,False,810785.5,805531.0,57873.0,1584240.0
7c22cee85ef4ace76782964772819043,abnormal,6,0,6,2,False,True,246571.0,243877.0,79716.0,388368.0
7c2e1c2b8ddcfaeae966c23615f01546,abnormal,5,0,5,4,False,False,43408.0,36019.0,18023.0,83616.0
7c3c78ed6e4353a39ddc2cbd6230dd54,abnormal,6,0,6,2,False,False,233647.83,228312.0,57431.0,432972.0
7c3eb59ae4e838ad4632fe96c25bcdf4,abnormal,3,0,3,1,False,False,324233.0,326955.0,290628.0,355116.0
7c3fb9bf622d400c454d0a6b39a1b484,abnormal,5,0,5,2,False,False,176606.8,95288.0,79300.0,318072.0
7c42de6dd248ce53880debab2567b521,normal,0,0,0,0,False,False,,,,
7c522cd5b56c3fb87c066171a88cf481,abnormal,5,0,5,2,False,False,287854.6,316316.0,3375.0,605839.0
7c53cf2eb4f08dbc905b85f144f96b45,abnormal,4,0,4,4,False,False,62262.5,59045.0,46170.0,84790.0
7c5b807ba491941d7a260bd1546b863d,normal,0,0,0,0,False,False,,,,
7c5f3e2c0518bba6ca3464c385d4787c,abnormal,14,0,14,8,False,False,250637.14,257478.0,21760.0,579016.0
7c6bf9b40c9b53c6b49b00c0fa1e61e5,abnormal,11,0,11,7,False,False,95307.36,80920.0,7416.0,363630.0
7c6f191b5d28bc1992e491d906f0d1a5,abnormal,11,0,11,3,False,False,135966.0,71280.0,15544.0,383040.0
7c76f17be369b75874a62917c8daa626,abnormal,4,0,4,2,False,False,110768.25,56416.5,44550.0,285690.0
7c7dce16fd7f16d1abd3a6f47e60cb9f,abnormal,6,0,6,3,False,False,24346.0,16807.0,10092.0,48990.0
7c9d52b0b094b37a3e6e520d3882f341,normal,0,0,0,0,False,False,,,,
7ca08fd497950fb5cbec73a62cdf8971,abnormal,6,0,6,2,False,False,269189.17,263871.0,81212.0,454615.0
7cc9b48563e197c84ec4ee8d30d5b3ce,abnormal,17,0,17,7,False,False,309558.71,296324.0,37680.0,1402592.0
7ccfe0e344f6c69cf9198684f1c092b0,abnormal,5,0,5,2,False,False,203052.4,285180.0,56224.0,305312.0
7cd5b8c196d506b6a1040873bf0472f0,normal,0,0,0,0,False,False,,,,
7cd74b5a3c85b77c997f56cdb4995384,abnormal,5,0,5,2,False,False,192230.0,166628.0,63300.0,345060.0
7cf206f4cfa9f72eb70cd9d5d9200185,abnormal,10,0,10,4,False,False,81639.8,36784.0,24426.0,375462.0
7d084c9a42f2afea0089aa08932a6516,abnormal,8,0,8,4,False,False,103269.12,82122.0,2394.0,271201.0
7d0cc84e9002c1eb219559540c014e7a,abnormal,14,0,14,7,False,False,142223.0,131414.0,8662.0,320760.0
7d0e636b3ef2ccbb0c67b3243a1478ce,abnormal,28,0,28,10,False,False,129949.68,70988.0,520.0,510696.0
7d0fa5708b67c2bbb2509a468df9b73b,abnormal,6,0,6,2,False,False,321150.17,337528.0,159720.0,453375.0
7d24c1ef5bcdd03fc1b01c8e6086c9d1,abnormal,9,0,9,7,False,False,63174.89,28757.0,2405.0,264922.0
7d3d289c824d3643eb22cdcde43afdf7,normal,0,0,0,0,False,False,,,,
7d3e79d32d233140b7e30880739a42c4,abnormal,15,0,15,6,False,False,124156.47,106594.0,18900.0,436626.0
7d3f19498c5e7a48a14376c3e170c68b,abnormal,14,0,14,6,False,False,343821.43,410832.0,3363.0,924638.0
7d48ee923365d79f033147cd5f4aafc1,abnormal,6,0,6,1,False,False,10302.5,10389.0,7830.0,12495.0
7d574e58da23077fc5c4579da786124b,abnormal,7,0,7,2,False,False,98523.29,100812.0,12628.0,187186.0
7d57de3c3c7f81da4daab6094e01e9e8,normal,0,0,0,0,False,False,,,,
7d5c70800f518f6584e25b2a88238a22,abnormal,4,0,4,2,False,False,527982.5,431173.0,354016.0,895568.0
7d5de314c3280fe6e89ec1e101c1539e,abnormal,7,0,7,4,False,False,168522.86,176548.0,21024.0,357700.0
7d610aae49bf4f979e16c2d8859f5f87,abnormal,13,0,13,5,False,False,141261.23,82248.0,38734.0,457905.0
7d6b2982de91c0a900396745c79f3c39,abnormal,8,0,8,6,False,False,94221.62,66084.0,1320.0,377496.0
7d746268923b15615c93334eff3a6baf,abnormal,5,0,5,2,False,False,422851.2,421120.0,197830.0,670612.0
7d97de8bdefaf9875ce1491518cc8199,abnormal,5,0,5,2,False,False,258501.0,323023.0,42636.0,441529.0
7da8cf1d4261791fbb0bae6f6bdb33ec,abnormal,4,0,4,3,False,False,224604.75,266950.0,39788.0,324731.0
7daa7e5ce05f09404b845efb87f3ea20,abnormal,4,0,4,2,False,False,306958.25,371391.0,8446.0,476605.0
7db70125d7739e6cd0c442e7b7592d4c,abnormal,16,0,16,6,False,False,380229.69,233688.0,20828.0,1332877.0
7dbccd763c4ffbfd0d6b841fb5e4337a,abnormal,6,0,6,2,False,False,51384.17,36183.5,19680.0,121103.0
7dd2b5ae3d4201ccc00302c6199a8858,abnormal,5,0,5,2,False,False,172105.4,209032.0,48645.0,284735.0
7de4d79d0ed23bf080f899d09a652946,abnormal,4,0,4,2,False,False,107374.75,129639.5,21238.0,148982.0
7df5c81873c74ecc40610a1ad4eb2943,abnormal,11,0,11,5,False,False,734308.64,615996.0,259004.0,1688344.0
7e038329e627ea69d841e973c82763ba,abnormal,3,0,3,1,False,False,182351.33,187345.0,156009.0,203700.0
7e16bd1b032a6695e408353dfa8499f9,abnormal,5,0,5,3,False,False,132971.8,91806.0,5247.0,400257.0
7e27268a3207b3c92b29380778076742,abnormal,5,0,5,4,False,False,72228.8,47998.0,44526.0,157396.0
7e2859fc7565a9b2701b29d682056319,abnormal,6,0,6,3,False,False,168651.67,163710.5,49729.0,315894.0
7e2b67509fa24f95e4237ed93ac683e2,abnormal,12,0,12,5,False,False,148406.25,76055.5,25619.0,424110.0
7e3f75426ef14f71c12bc517925d75e9,abnormal,7,0,7,3,False,False,177020.71,84630.0,30856.0,465760.0
7e534f2dc65f7cef4f864325433017dd,abnormal,6,0,6,2,False,False,18462.5,11812.0,7505.0,53460.0
7e6182876c0a09e96176348e2fcd712e,abnormal,3,0,3,1,False,False,59980.67,57904.0,50358.0,71680.0
7e6c0dc72fa1db4a501f7ac5f6aac040,abnormal,8,0,8,3,False,False,157357.62,105851.0,34713.0,410704.0
7e705e1d7561ee00863609c72d39aded,abnormal,5,0,5,3,False,False,121545.2,77057.0,33649.0,314145.0
7e86aee54688699519f47582c4d44bf3,abnormal,19,0,19,5,False,False,41579.37,44715.0,8720.0,76499.0
7e9efb8ee0bae7af280f5ea091f8d245,abnormal,30,0,30,10,False,False,364993.8,376572.5,10179.0,889380.0
7ea14022f825d9bd869b05c7f10831db,abnormal,5,0,5,3,False,False,128563.6,67337.0,43890.0,364812.0
7ea5d9e48085e44708b8fad8974ce953,abnormal,5,0,5,3,False,False,68966.6,55728.0,52156.0,117504.0
7eb40f6abadc14f9b9f195c674cc2fd7,abnormal,7,0,7,3,False,False,341738.29,160017.0,17806.0,717216.0
7ec4a135c83baf0142cb9d7cfc597937,abnormal,7,0,7,3,False,False,413128.43,613977.0,92820.0,671384.0
7ecd6f67f649f26c05805c8359f9e528,abnormal,4,0,4,2,False,False,91381.0,97077.0,46810.0,124560.0
7ed01df33497667609ef5a2585b5e36d,abnormal,7,0,7,4,False,False,44210.43,46592.0,4200.0,79236.0
7ed7def1a431371634f38e5113c396f2,abnormal,5,0,5,3,False,False,315501.0,369591.0,28200.0,559980.0
7eda1e28e4cee7d8016276c87b76259f,abnormal,14,0,14,4,False,False,38977.86,30231.0,13530.0,105711.0
7ee89ae8abd9f4ebe6447e05a1b4f744,abnormal,8,0,8,3,False,False,153981.75,121311.0,54000.0,329004.0
7ef087c19b4be20d077ae67763a63f63,abnormal,6,0,6,2,False,False,275354.83,295197.5,88404.0,446423.0
7f0e383a8f3c1c49b14021f834d2fa24,abnormal,4,0,4,2,False,False,148762.75,101030.5,74949.0,318041.0
7f599800cc62ee666b751303ca096f98,normal,0,0,0,0,False,False,,,,
7f5eab5de5307d4ae8e2a0fa99c0b41a,abnormal,7,0,7,6,False,False,333575.86,329014.0,107793.0,625506.0
7f6545a0985a090403178267ff0295a4,abnormal,5,0,5,2,False,False,335804.8,476112.0,16728.0,659808.0
7f777981e2a46b0d4f770de8def6cb78,abnormal,3,0,3,1,False,False,373112.0,420480.0,246246.0,452610.0
7f96d122bf50434dcfd3dd9b16d2c05f,abnormal,12,0,12,4,False,False,457477.25,336985.0,157700.0,1140784.0
7f9a96e7377ba04fc585b805f93d5996,abnormal,7,0,7,3,False,False,233166.43,166770.0,48412.0,456615.0
7fa31ce0f6768ace9e8b25d1240feda0,abnormal,6,0,6,3,False,False,930893.83,929406.0,172864.0,1708286.0
7fb4dd417196cddcbe7816c3512a2417,abnormal,3,0,3,1,False,False,620337.67,615808.0,530598.0,714607.0
7fbdcc98dcb6e88187cf7461af6d2d61,abnormal,13,0,13,4,False,False,122009.77,74273.0,33572.0,440640.0
7fccbf8d7cf537f74586ca8f1ab56fc1,abnormal,4,0,4,2,False,False,499197.0,440966.0,311912.0,802944.0
7fd3b9dfa5050c1f879046960e0cf0d7,abnormal,3,0,3,1,False,False,11958.67,12232.0,5832.0,17812.0
7fd93d9774bd704ebd2f9933d6f98df8,abnormal,17,0,17,5,False,False,401177.82,241614.0,43274.0,1208265.0
7fea37717ab0bf53c7cfa2f10f24c6a0,abnormal,3,0,3,1,False,False,92375.0,82431.0,65824.0,128870.0
7feba6ffbc4f98d9d9c032a7ae477177,normal,0,0,0,0,False,False,,,,
7ff2bf9cde37a4224e94680ce1b7b828,normal,0,0,0,0,False,False,,,,
7ff5bb38db13ea89a27681c6dcf59b55,abnormal,5,0,5,3,False,False,777064.6,1091539.0,203196.0,1150695.0
7ffe83778375bb8229b12c2ad4570c0e,abnormal,11,0,11,4,False,False,324341.55,199810.0,43368.0,963116.0
8004676ecf95af8cee446cbcd139a938,abnormal,9,0,9,4,False,False,112205.33,82360.0,729.0,249824.0
800a68b6e6a75b5d6e5c3160ddafe266,abnormal,6,0,6,2,False,False,400405.67,384695.5,105408.0,723003.0
8010842479cb7918eee13bc1db7fcc25,abnormal,6,0,6,2,False,False,225651.5,217685.0,92258.0,418860.0
8015e5edbf16541fef78e6f8859764e4,abnormal,8,0,8,4,False,False,397630.38,314592.0,65331.0,1104524.0
80234017eb6caeada9e14d421eb0b8f8,abnormal,5,0,5,3,False,False,214244.2,154193.0,134799.0,486500.0
803179ef55f8ecf356363cf194b4ff33,abnormal,6,0,6,2,False,False,265245.0,247065.0,74880.0,461448.0
8036ddc6d564439af50497faef05eec3,abnormal,10,0,10,4,False,False,199054.3,90085.5,11484.0,582936.0
803e047ce22c14175d0631e947ed1599,abnormal,6,0,6,3,False,False,94718.17,110078.0,9880.0,168479.0
8048713c2ed48d97dd887233f24e012a,abnormal,5,0,5,2,False,False,307476.2,345144.0,97340.0,469372.0
804bcde30d36e32d9429f00bed7a388d,abnormal,3,0,3,1,False,False,97180.0,94458.0,86790.0,110292.0
804bfe2d3e6b0b8a34541a276d7cd7d6,abnormal,3,0,3,1,False,True,293431.67,325424.0,225786.0,329085.0
80566fdc49f6da7e1a3e5f69bda6d299,abnormal,17,0,17,5,False,False,361885.59,299712.0,3920.0,1070267.0
80615519a6e4a619f88f76994b4a05ad,abnormal,17,0,17,7,False,False,276560.47,299446.0,46428.0,421500.0
806c20c1d5b38e2ca7941854ec66659f,abnormal,3,0,3,1,False,False,19838.67,19520.0,9360.0,30636.0
8072c8f70ffb83e6a82b01aafb25263d,abnormal,11,0,11,5,False,False,209389.0,178044.0,29580.0,604881.0
807797c8ef120370d45796ed35260d81,abnormal,9,0,9,4,False,False,279536.33,241893.0,147476.0,429498.0
8079e09258000b9f94f8318ce4d0412d,abnormal,3,0,3,1,False,False,445871.0,414090.0,386784.0,536739.0
8081c5d9aa37706f9e9d43f8e26d2ee5,abnormal,4,0,4,2,False,False,301978.25,355312.5,88040.0,409248.0
8098d1ce056318c03a3c70ccf3707945,abnormal,10,0,10,5,False,False,295199.6,193140.0,33000.0,657552.0
809fc376d2a0aeae5d8bb7f7aed6eda0,normal,0,0,0,0,False,False,,,,
80b4a951ab0029dbcc40fd4480fc6162,abnormal,11,0,11,5,False,False,92202.73,54312.0,891.0,265329.0
80bc61a643d289b3c2afc3a1ad297e48,abnormal,12,0,12,3,False,False,230095.92,258501.0,23940.0,451250.0
80bd0e3e1fbd70822b77e8df2dd00ff2,abnormal,8,0,8,4,False,False,271499.5,255830.5,28757.0,550256.0
80c9acacf163bc16010749b2b946e528,abnormal,6,0,6,2,False,False,182774.0,189456.0,84732.0,282128.0
80caa435b6ab5edaff4a0a758ffaec6e,abnormal,28,0,28,8,False,False,430540.64,220507.0,8372.0,2003859.0
80f2bd216bbb01b56cf50c9a85f79233,abnormal,17,0,17,4,False,False,180514.94,153120.0,33756.0,536190.0
80f636996b540968f24c909d3c1da685,abnormal,5,0,5,4,False,False,98466.4,76752.0,11938.0,301308.0
810491951571933b11959743e41a704b,abnormal,11,0,11,5,False,False,337293.09,175497.0,36630.0,1060904.0
810a3894117aa4dc8d1cd1d22aa7e9de,abnormal,6,0,6,4,False,False,24700.67,24346.0,13260.0,42456.0
8111591b7fea74653fbd7e935a74cf36,abnormal,8,0,8,3,False,False,954130.75,820316.5,17420.0,2142896.0
8126dc2ffbe33a6be3ea20a6f1174ff7,abnormal,3,0,3,1,False,False,50266.67,51260.0,40044.0,59496.0
812dd976fb73bfdcacdb61a6fc2bb957,abnormal,9,0,9,3,False,False,170576.44,119064.0,19239.0,439756.0
81314db8b8a964015628efa277e1d7db,abnormal,10,0,10,3,False,False,99888.6,76927.5,306.0,248844.0
8138c0bc649a534f449cf703475528ec,abnormal,3,0,3,1,False,False,440705.0,439899.0,374192.0,508024.0
813a6d586e217397402e45009ec068e3,abnormal,15,0,15,3,False,False,322377.87,355536.0,1452.0,546096.0
813e13e8b9385cbcffc45356265f6a10,abnormal,7,0,7,3,False,False,211977.14,102700.0,1008.0,434720.0
8157a9e66791223fbb7aeac1337953c7,normal,0,0,0,0,False,False,,,,
816008f1b6e1fd740b3b52bb9e258377,abnormal,12,0,12,7,False,False,158590.75,94664.0,5796.0,361746.0
8169688849f800eed6dded6f1c10a352,abnormal,9,0,9,4,False,False,217857.78,145083.0,26265.0,524062.0
818796ebd40823cf964a850393882fea,abnormal,6,0,6,2,False,False,148863.0,130320.0,44908.0,277058.0
81b2b950caf9b6c1f2ba9162f3fd259b,abnormal,8,0,8,3,False,False,276037.12,174640.0,34196.0,665924.0
81b8689df47e19fee5d5a2b104a3f8b1,abnormal,10,0,10,4,False,False,445078.4,292758.5,104705.0,1262028.0
81e1bdd75db3ed8260cd2a8a206107a4,abnormal,6,0,6,3,False,False,202222.0,204368.0,29273.0,300780.0
82225c7d9d9d257ff166c37a90909c8e,normal,0,0,0,0,False,False,,,,
8222ee980c821621f5a6cff2b212b2ff,abnormal,10,0,10,5,False,False,872711.0,900281.0,86975.0,1999775.0
82240a46a3961830c1f340424fa7ce65,abnormal,7,0,7,2,False,False,50453.71,52785.0,24790.0,108544.0
822c4cfa6ccc027318abacda96617282,abnormal,5,0,5,2,False,False,254623.2,360983.0,63206.0,394875.0
82336f39711a91abff06905932f534d7,normal,0,0,0,0,False,False,,,,
823f25d87fd8839bf338b6d9a97722a4,abnormal,5,0,5,3,False,False,180274.8,103104.0,24075.0,371520.0
8242bf2fdc119f6272d0fa3e5b4e583a,abnormal,6,0,6,4,False,False,93646.0,64179.0,13098.0,255136.0
824920c963d82a8c0a2a593177ad5b93,abnormal,4,0,4,2,False,False,116719.0,58081.0,22826.0,327888.0
82603b0dce20d3f1495c3d02caf391cd,abnormal,9,0,9,5,False,False,158977.78,102078.0,39260.0,368009.0
82624b37dc4d0169f3fe6fd87dcb5208,abnormal,26,0,26,7,False,False,230644.38,76075.0,3683.0,940240.0
826cff99f07a59af9eca51ff161f1e08,normal,0,0,0,0,False,False,,,,
826ef40d8bd63f54f66cc620ad52c8e9,abnormal,13,0,13,7,False,False,42094.92,44280.0,3510.0,81295.0
828468076a2fa7c97169cfb83a117593,abnormal,6,0,6,2,False,False,475424.0,509248.0,400144.0,516880.0
82877be2465c084b0b9bc186fc7f158f,abnormal,7,0,7,2,False,False,156441.14,170236.0,19754.0,426930.0
828c239be4afbb409fc1c190360a73c9,abnormal,5,0,5,3,False,False,124919.2,78184.0,61418.0,318250.0
82c1b7407eafb2bcc73fb0dbe9d94272,abnormal,6,0,6,2,False,False,173845.5,172110.0,75096.0,268770.0
82c8e033e6fde13b0bf365370407d342,abnormal,10,0,10,6,False,False,225419.5,113298.0,7810.0,619743.0
82d5f09eac7d3abea784450255fddc78,abnormal,15,0,15,7,False,False,187948.07,202048.0,2691.0,456192.0
82dda789847403a8544ad1e6928571bf,normal,0,0,0,0,False,False,,,,
82f62718d5385a45eb2b328b3a90fbdd,abnormal,10,0,10,7,False,False,477624.6,212603.0,7426.0,1702750.0
830d05f396b604388e2d7b68d79a6bbf,abnormal,8,0,8,6,False,False,104121.12,88775.0,2176.0,376429.0
8339682fa8a467c49ed7dc1fbaaee361,abnormal,4,0,4,2,False,False,159208.25,178749.0,97265.0,182070.0
834088205c0b6066ebacac10dc6375d5,abnormal,5,0,5,2,False,False,136951.6,142820.0,19710.0,212826.0
834f395ef75cdefe26c9d2cb3cf809b4,abnormal,3,0,3,2,False,False,782320.33,582922.0,223329.0,1540710.0
835413c68fe1d065629f748ed4e67205,abnormal,3,0,3,1,False,False,437888.0,364455.0,206541.0,742668.0
8355a97b5adf6ed2baa581c37486248b,normal,0,0,0,0,False,False,,,,
835b1552b7be3350d697503504211aa4,abnormal,12,0,12,5,False,False,357826.92,149562.0,14220.0,1263084.0
835b2647ac2c4168fd8ee19431cfb47b,abnormal,4,0,4,2,False,False,273454.5,323404.0,73168.0,373842.0
836875cb65e35b17f6bd79b04d151a39,abnormal,10,0,10,3,False,False,51255.7,44410.0,14127.0,111150.0
838752b9510e918a05149382f3b56dab,abnormal,5,0,5,2,False,False,197422.4,137330.0,77452.0,377300.0
8387e5ff12264f87c27db2863d4a9c87,abnormal,6,0,6,2,False,False,411542.5,410880.0,164844.0,662853.0
838ef4aafc8f2392dabdfbee3a6721e0,abnormal,4,0,4,2,False,False,164168.75,140481.0,104813.0,270900.0
8393e0cadb4f98d2755a71ddc72525a7,abnormal,3,0,3,1,False,False,833642.0,806474.0,799040.0,895412.0
83b7785191c812c71f06b948e5843515,abnormal,6,0,6,2,False,False,320082.83,319502.0,90843.0,553656.0
83bf2acb96d1e39c553401a9c994eff1,abnormal,10,0,10,5,False,False,141034.8,104512.0,10721.0,366036.0
83d663ac0f523bd9dd0b6234704767fd,abnormal,9,0,9,4,False,False,91391.33,40670.0,9747.0,264808.0
83e7cd905776606181931c7b695db12f,abnormal,10,0,10,4,False,False,60060.3,49476.0,13905.0,139190.0
83ead8dbc31cd2bbe0ddc8a93c071520,abnormal,8,0,8,5,False,False,169293.38,30410.5,3128.0,443700.0
83ee97a2340f95bc8cf74934b2f8fae2,abnormal,9,0,9,4,False,False,219395.11,159714.0,91143.0,528820.0
84073a6a8201f339407be82dda7e1303,abnormal,8,0,8,5,False,False,65482.75,41907.0,7810.0,304832.0
841b1864e29f7e6371b6ab16a298142b,abnormal,3,0,3,1,False,False,61471.67,60652.0,55209.0,68554.0
84293339bfff0b76aadb731526ac3dd2,abnormal,11,0,11,4,False,False,384768.27,480528.0,122493.0,607200.0
8448867ddbba0f6ee5072f8c4d633f3c,abnormal,5,0,5,2,False,False,240035.6,352944.0,50561.0,368514.0
844c1b8f13dcca48b733ed0e47504e9a,abnormal,4,0,4,2,False,False,90586.5,110260.0,17136.0,124690.0
845d1edaada5683f85efcb17937404be,abnormal,4,0,4,2,False,False,32977.75,20035.0,18966.0,72875.0
846a659d3d5f0c9bc9a7f917dea9da79,abnormal,13,0,13,6,False,False,308237.54,318147.0,60021.0,706752.0
84749e46e93f4ac01d4a8ae41bb2a179,abnormal,6,0,6,2,False,False,180462.33,166050.0,59186.0,327066.0
848a8f3f7a4d210c2ee4901b0e07369a,normal,0,0,0,0,False,False,,,,
848da3f12d971aec50f9e4f76eef3a1d,abnormal,6,0,6,2,False,False,283128.83,241109.5,121432.0,515130.0
84a27b87601b81cd39889ced2d489f70,abnormal,13,0,13,7,False,False,173362.69,89030.0,5183.0,565760.0
84b3b3b5c73b0798b732b4f34f84ca05,abnormal,8,0,8,4,False,False,159349.12,154200.5,3654.0,338537.0
84baca7ccea00d8087be7b834603a5db,abnormal,4,0,4,3,False,False,161205.5,202296.0,10230.0,230000.0
84c87b7beb63b5b3ac76ed9da17c7033,abnormal,4,0,4,2,False,False,1256042.75,1171092.0,903587.0,1778400.0
84c887e039ef9c6f05eac4a7920a3bab,abnormal,7,0,7,4,False,False,280794.29,131040.0,102114.0,591560.0
84ccfc2b291a2986d20f22861de7f699,abnormal,6,0,6,3,False,False,411570.67,261630.0,32342.0,998079.0
84eb3e8b282f648bbc43c356f058f24e,abnormal,18,0,18,6,False,False,730155.61,679236.0,529088.0,1072938.0
84fdc0055fe587d2095ace6ad7ffc837,abnormal,4,0,4,2,False,False,192085.25,187563.0,70610.0,322605.0
84fe5801e7bcf024bb26b7c9285e43bc,abnormal,6,0,6,4,False,False,135357.0,80500.0,63960.0,424402.0
850efce317c8306a07d00f274e8cd8eb,abnormal,5,0,5,2,False,False,43135.6,33174.0,8704.0,111180.0
852ec6a0bcb9608ffee9b3fda0867f91,abnormal,13,0,13,6,False,False,184886.54,150300.0,11904.0,367666.0
8546bf5046e18c37bdb219c26b5d13cf,normal,0,0,0,0,False,False,,,,
8559bb12926cbc66f8a6b40a7fd1207d,abnormal,4,0,4,3,False,False,62901.5,59001.0,45372.0,88232.0
8566d9205d59b74e1828d61c6739e15d,abnormal,5,0,5,1,False,False,140969.4,106200.0,83804.0,298215.0
8573fa95ec3defbe2dec45d85a5093a1,abnormal,16,0,16,10,False,False,378696.62,196503.0,55650.0,1719828.0
857b9d89572e03adb17d0630b33709ea,abnormal,21,0,21,8,False,False,214649.95,165831.0,9292.0,797661.0
8596ba22a0324a295aa986fa60680492,abnormal,7,0,7,5,False,False,151363.71,88128.0,61480.0,300685.0
85bf2bce1d8ac45002dee50ffa3e014a,normal,0,0,0,0,False,False,,,,
85ce3df7831fce5801ab5b798aa79c10,abnormal,7,0,7,3,False,True,1353101.29,1666141.0,545906.0,1942398.0
85cfc59f138f490784170dbaeb0112a7,abnormal,15,0,15,6,False,False,213065.93,58296.0,47941.0,450584.0
85d4fa5daa1c437d7c8fc07db29b98e6,abnormal,6,0,6,2,False,False,332523.83,362592.0,108486.0,442548.0
85d5ef7e1090859bf9594d55460d2026,abnormal,3,0,3,1,False,False,147900.0,143065.0,121360.0,179275.0
85e4008def6c48bf43bcf70a5d1e2273,abnormal,5,0,5,3,False,False,50388.8,7644.0,6972.0,117360.0
85e95b13040ae3e20eccac186b93e6ac,abnormal,11,0,11,5,False,False,170760.64,89438.0,51944.0,597417.0
861788e0e73283c8872552da6e6a4b7f,abnormal,12,0,12,5,False,False,218894.0,82792.0,16422.0,715950.0
8622dd9ca5c02271e81ebc135a602520,abnormal,8,0,8,3,False,False,191920.38,162492.5,57876.0,365092.0
862a7784c0c283c84f570d01bc151667,abnormal,8,0,8,4,False,False,180873.5,89733.0,9435.0,446368.0
862f0aaa5644a8a01e86ff585005a259,abnormal,4,0,4,2,False,False,251602.25,288884.5,89640.0,339000.0
863827ae84bd3b17640ce459b0022d15,normal,0,0,0,0,False,False,,,,
863d09f3ec5bc88cfa15138876a20ab8,abnormal,4,0,4,3,False,False,36051.5,34563.5,33291.0,41788.0
864162106b4c83be91a86d4d38595977,normal,0,0,0,0,False,False,,,,
8649d84b0796e9deccdd4f6bd8d4e998,abnormal,23,0,23,8,False,False,328143.04,184128.0,3816.0,1040670.0
865a0a1a1781b55fa40887566aa9cd67,abnormal,30,0,30,9,False,False,184823.9,153469.0,14430.0,566130.0
865ea295fcf3442224a58a60a9190b41,abnormal,7,0,7,3,False,False,31260.29,14729.0,5254.0,122760.0
86648ae0db784e5a5c20ff8de9cc67b0,abnormal,5,0,5,2,False,False,229016.0,302697.0,73706.0,366360.0
86c1b099be1f08120cdc722e88738dc0,abnormal,9,0,9,4,False,False,235970.67,278765.0,88504.0,379766.0
86d9b86fe05cf159ca827fad05736c4d,abnormal,5,0,5,2,False,False,516157.0,443256.0,344736.0,843600.0
86dbe6128679f9c5752c1c82d040caa2,abnormal,6,0,6,3,False,False,46764.5,38815.5,9020.0,104443.0
86e9cd395b754516f0dcf8a317e30517,abnormal,6,0,6,2,False,False,289435.5,246287.5,82344.0,623932.0
86ea362edec93fb69697ad8e6920d0d7,abnormal,14,0,14,6,False,False,143698.86,49512.0,1296.0,740716.0
87072b31f1655d67bafa2705d96b876b,abnormal,7,0,7,3,False,True,366007.71,334098.0,7208.0,617738.0
8708b2d996ae54a106918d7b115ecfea,abnormal,8,0,8,4,False,False,220966.88,177155.0,29082.0,613716.0
8709819be5b46c9e0fd3405be96d3740,abnormal,3,0,3,1,False,False,126230.0,130326.0,100868.0,147496.0
870dd6c4f5ce36cd38983795253a020a,normal,0,0,0,0,False,False,,,,
87222168e0c854adc8d38ecf9715361f,abnormal,5,0,5,2,False,False,235775.0,239120.0,89145.0,396256.0
87263262e293c23ec2d03b174ef4ff64,abnormal,5,0,5,2,False,False,147665.2,91800.0,58986.0,313390.0
87292fd850fa8494048bbdae18312907,abnormal,13,0,13,6,False,False,214346.77,210840.0,7740.0,490269.0
872fcda56bcda425012eef3cbf6ebf95,abnormal,13,0,13,7,False,False,272840.08,182871.0,42075.0,571473.0
8751da44b525b4328e1457adab72f8e0,abnormal,8,0,8,4,False,False,171151.5,91854.5,60604.0,417144.0
87545bddfd34ccf9d27c19a482f5a409,abnormal,5,0,5,4,False,False,215029.8,253200.0,82236.0,393255.0
875ffffa457e0a0aeb8a76872e3fc6d6,normal,0,0,0,0,False,False,,,,
8762595001d994ee7c1734a165301a09,abnormal,8,0,8,4,False,False,129825.0,79714.5,5180.0,392448.0
87686c267f1534a0b3107cbf62b15222,abnormal,13,0,13,4,False,False,44237.85,45114.0,12960.0,99550.0
877735b744c0d327c287cdf7ffb44406,abnormal,5,0,5,1,False,False,39220.2,38007.0,26931.0,55440.0
877a53d035ddd0a518cb4c08f7f0d962,abnormal,15,0,15,6,False,False,103257.0,70224.0,24795.0,433495.0
8788745c121bcbce59873c943afa0ebd,abnormal,13,0,13,6,False,False,689841.08,688323.0,91485.0,1414959.0
8794eea4b84bc93cdf786327e3e606f6,abnormal,15,0,15,5,False,False,88379.8,33660.0,8160.0,234695.0
879caa633ff0c3c5a9f2c483e757b991,abnormal,5,0,5,2,False,False,9088.8,4757.0,3763.0,28080.0
87a516c6446958f3f56cf3e4ab8a0c5f,abnormal,11,0,11,4,False,False,31589.36,28797.0,17182.0,49329.0
87a724e9ba23be348dbaf24878afa014,abnormal,4,0,4,3,False,False,270104.25,274654.5,11484.0,519624.0
87a8df2f22475c7200ebe891d0f25b88,abnormal,14,0,14,7,False,False,150679.21,69085.0,16422.0,697210.0
87c4e738629ba2dfbb78ea55247908f8,abnormal,8,0,8,4,False,False,247183.38,293862.5,13800.0,372600.0
87d6a8f38b07e64a2d2bd2e1594a44bf,abnormal,8,0,8,3,False,False,163243.62,99430.5,14630.0,341042.0
87f7997c901c0026e338e6f6d79b385f,abnormal,16,0,16,5,False,False,656733.12,665718.0,56964.0,1305480.0
87fdaa98d570ac156bfaa0d863401373,normal,0,0,0,0,False,False,,,,
8820320f9f26502110190b10d5321949,abnormal,8,0,8,3,False,False,142780.5,74045.0,18602.0,403788.0
8829ec5d02b48e5f5349b0cde4ddb30b,abnormal,6,0,6,3,False,False,97379.83,64912.0,19895.0,295893.0
8833a7356f60fd760f6647555a4d8264,abnormal,7,0,7,4,False,False,95913.71,78376.0,23664.0,203877.0
8845010681f45c2c6f2271ac8bebdfbc,abnormal,10,0,10,5,False,False,55404.2,55057.5,5626.0,116816.0
886159a41e7589ba0d0713980591e27d,abnormal,5,0,5,2,False,False,473416.0,462787.0,70470.0,1002430.0
8862ef75274d0c13bba19d7b5f2147c6,abnormal,17,0,17,2,False,False,18339.06,6150.0,2430.0,118428.0
888880bfaaf252cc1f400ff43ee21451,abnormal,11,0,11,5,False,False,303280.09,469536.0,3009.0,548302.0
88932681cc425d08e5583baeafb9dd12,abnormal,7,0,7,3,False,False,86855.71,41550.0,5400.0,299160.0
88974ca0acec2690c1e0377c4523662e,abnormal,8,0,8,2,False,False,323801.5,212203.0,68526.0,949404.0
88bf02cc510da5050a869c290d8f8565,abnormal,10,0,10,5,False,False,79865.4,35719.0,24705.0,228896.0
88e33acc19c4296385bb217cf333d8ce,abnormal,6,0,6,4,False,False,173798.83,171350.0,7120.0,340599.0
88fbcd393052bc2479237d62244d16e2,abnormal,3,0,3,1,False,False,79758.67,89430.0,51250.0,98596.0
88fec30ba54121b6e7f1081d2d608704,abnormal,7,0,7,4,False,False,131651.86,133574.0,35738.0,167475.0
8900e436ef9c73811c793b32127de1b8,abnormal,6,0,6,3,False,False,62247.17,61654.0,16608.0,109020.0
8912ff28e4b5fd0a5e101fef66dabaa5,normal,0,0,0,0,False,False,,,,
892e41c7ed24db564a46d384de10c99c,abnormal,8,0,8,3,False,False,95553.25,22477.5,14732.0,443418.0
8933f5b721da3ab96e2a6b7efa61fc24,abnormal,15,0,15,4,False,False,101143.87,100800.0,26400.0,188113.0
8949bd29efc31aaf1425666bf2bc6f33,abnormal,3,0,3,1,False,False,93959.33,85425.0,76053.0,120400.0
89524feaa558a7a2fbed12b38afcf61b,normal,0,0,0,0,False,False,,,,
897a9061820965f894abf66586bef0a5,abnormal,11,0,11,4,False,False,345582.0,444168.0,60836.0,506220.0
89857d1b7b733e1dfdea1f3298fb3a07,abnormal,6,0,6,2,False,False,303094.67,269155.5,103467.0,574218.0
898aa25e4ce627843fa8ea0607a0cfc8,abnormal,7,0,7,3,False,False,247120.43,102000.0,31752.0,517867.0
8991d0302a45f1bb372795cea3f18a75,abnormal,4,0,4,2,False,False,102803.25,124583.5,19596.0,142450.0
89bab84561df6af7b88b6a7d05254725,abnormal,6,0,6,2,False,False,44118.5,24422.5,10075.0,108528.0
89d2c2a6c42bb2bc268b8d535c4f31fa,abnormal,7,0,7,3,False,False,160805.86,88635.0,43148.0,348832.0
89e503ac5a54714d03b313b1a6fac252,abnormal,10,0,10,5,False,False,276188.1,169087.5,37506.0,796920.0
89e6ab133f587191383608ee04cea79a,abnormal,22,0,22,7,False,False,80568.09,51680.0,23406.0,291555.0
89ffa015af2b8418d8f503c0b65c75f2,normal,0,0,0,0,False,False,,,,
8a1194107e6ab9101402512dba498e8e,abnormal,5,0,5,3,False,False,334883.2,448910.0,11618.0,571520.0
8a454755517a41861d07dd898e6572a5,abnormal,17,0,17,6,False,False,101239.0,64872.0,3416.0,363033.0
8a482be3ab941b8b011bd9badcb6c094,abnormal,7,0,7,4,False,False,134890.29,63358.0,2397.0,287844.0
8a67f8e2673ceb7004824904b6e72055,abnormal,10,0,10,4,False,False,134810.1,94430.0,36765.0,332502.0
8a6df5f9f33f6df888f00882757209d9,abnormal,3,0,3,1,False,False,490148.33,495990.0,457445.0,517010.0
8a7ca215a9c86fb9a1352de720c182f3,abnormal,10,0,10,4,False,False,76006.3,102123.0,700.0,160556.0
8a81e64b8258068648760ba016d0d3a6,abnormal,14,0,14,7,False,False,197961.43,70076.0,13992.0,743895.0
8a87a85a22182720d845212dfb44daef,abnormal,6,0,6,2,False,False,182545.67,160423.0,53984.0,332619.0
8a9f6de8179f600733be50c16c7b929e,abnormal,8,0,8,3,False,False,174550.75,109425.5,23904.0,347628.0
8aa01c8d1f096797b2b3f70c0e51c972,abnormal,7,0,7,3,False,False,246675.57,268388.0,102860.0,395132.0
8ab165974684980021cfd4d69d0874a5,abnormal,10,0,10,6,False,False,373663.5,370222.0,17009.0,558025.0
8ac12a69ad57ca73535e04b6cfba5edb,abnormal,32,0,32,9,False,False,487435.34,197160.0,18408.0,1611805.0
8ac52862c96cc0f4a21cb3f5314b2505,abnormal,16,0,16,7,False,False,354736.25,217971.0,89782.0,1315623.0
8ac9d40920ef54d20f860195073a1d2a,abnormal,4,0,4,3,False,False,130262.0,84533.0,2014.0,349968.0
8acab997bea043eb15c9aa293b095374,abnormal,4,0,4,2,False,False,12865.75,2930.5,2240.0,43362.0
8acbe4fb1e5a886042029febc6700af2,abnormal,15,0,15,5,False,False,176180.67,29151.0,19402.0,684010.0
8ad47a88ab880f982a7ca140b355f66e,normal,0,0,0,0,False,False,,,,
8ada567dbd73c16928ce0f7477275803,abnormal,17,0,17,6,False,False,101371.59,15066.0,646.0,436410.0
8ae85268313b0db2f58d2193aab645c9,abnormal,14,0,14,5,False,False,586212.57,634731.0,18060.0,1163120.0
8aecb4535fbfdee0217ef2f37b735c29,abnormal,12,0,12,5,False,False,584158.92,499494.5,15834.0,1374570.0
8af84125f707b873c506f65de72e02e4,abnormal,3,0,3,1,False,False,474049.0,516375.0,354172.0,551600.0
8b06e353ea42754432d11673a4067336,abnormal,5,0,5,3,False,False,48679.4,69342.0,8540.0,80835.0
8b0839b2cc2d11420e6cfbc46b5f0f87,normal,0,0,0,0,False,False,,,,
8b09d4ec88d8372bded8547543dbbf24,abnormal,7,0,7,3,False,True,278743.71,143472.0,26884.0,526961.0
8b1beee6ae2a00d5a98483e50c7ac0f2,abnormal,7,0,7,3,False,False,161692.29,77805.0,47838.0,348424.0
8b1d99768092df4a92ed2e3e2eb962e9,abnormal,3,0,3,1,False,False,63947.67,67268.0,51759.0,72816.0
8b32bb8de86a0f89db7241a3de5eb5c2,abnormal,7,0,7,4,False,False,81557.86,92447.0,1008.0,151200.0
8b37c2ebf7f6d5b446110e75a5cf6ad1,abnormal,4,0,4,2,False,False,638316.0,801096.5,139435.0,811636.0
8b5d3109a9d587e6a27ac3b109343c5f,normal,0,0,0,0,False,False,,,,
8b704237f088b80ad737f48ff49d8cd9,abnormal,10,0,10,5,False,False,303860.7,315234.0,19095.0,809071.0
8b8046a319a835e4dacf1fb2449d880b,abnormal,7,0,7,3,False,False,259856.71,161330.0,29640.0,574992.0
8bb45148873379b118cca29a71c28f4e,abnormal,8,0,8,5,False,False,104928.62,34440.0,1280.0,280296.0
8bbf80bd095c75b2207ef57a277a661d,abnormal,11,0,11,3,False,False,54799.73,23472.0,12054.0,172044.0
8bc2410a31ef52ddb3e2d41cbe1ea7ff,abnormal,6,0,6,2,False,False,267826.67,315426.0,72675.0,399375.0
8be157ed11fc1bb06d77637ae7da43bc,abnormal,12,0,12,4,False,False,534448.67,629895.0,55418.0,832545.0
8be5bfabd547e1ef91f0b0b7b4d597d4,abnormal,23,0,23,6,False,False,72222.04,11771.0,1247.0,381786.0
8bf59d2126095730fe534504609bcc9d,abnormal,5,0,5,3,False,False,106569.0,79464.0,15048.0,279063.0
8c000de5f90b8dd6ed6f77923874c20e,abnormal,7,0,7,4,False,False,95259.57,26130.0,9078.0,294892.0
8c09865ee3cb674cc41dee8bca45fe5a,abnormal,15,0,15,8,False,False,246307.0,107532.0,5429.0,596005.0
8c09c35eeb8472b327cc14b1d51e118c,abnormal,3,0,3,1,False,False,119947.33,122608.0,104340.0,132894.0
8c22b37c81902d8c42fec5b9363f79bd,abnormal,9,0,9,4,False,False,594953.56,167895.0,37664.0,1945548.0
8c564256945c5e76731f827d472683ff,abnormal,5,0,5,3,False,False,77100.8,108474.0,9200.0,136530.0
8c6cbbc156f7eb5d6132c937d089f014,normal,0,0,0,0,False,False,,,,
8c717fbd10400d0cea8af2a1f59d050b,abnormal,3,0,3,1,False,False,114843.33,122996.0,78650.0,142884.0
8c75e7cff1d266d1d4f73187d7c1bbc2,abnormal,6,0,6,2,False,False,324149.5,323625.5,115575.0,530081.0
8c9946f1106496dc13bc64cd0532c370,abnormal,5,0,5,2,False,False,317128.4,119306.0,102396.0,758150.0
8cacb3b69e1fcc845537d1e4a7c1c5ab,abnormal,5,0,5,2,False,False,293005.4,404684.0,33785.0,574498.0
8cb084ad48ad4a21e15bdb8f4567ed8f,abnormal,10,0,10,6,False,False,688584.5,630653.0,9776.0,1417572.0
8cc5ee4cf5c697d98d7c85951aa4f8d7,abnormal,7,0,7,3,False,False,21375.86,21456.0,12040.0,29400.0
8cd75497ddd543845e5a151e9a3b7561,abnormal,8,0,8,4,False,False,166844.5,118649.5,1085.0,367268.0
8ce1c8d29072b068ae7c6c185213e156,abnormal,4,0,4,2,False,False,175113.0,114760.0,82062.0,388870.0
8ce28abc5f7b1e4b97eef3cf6f2cb218,normal,0,0,0,0,False,False,,,,
8cfb544c8ae38f85d48916e5db86c601,abnormal,3,0,3,1,False,False,353753.33,362600.0,314675.0,383985.0
8d002d924e667aded2857442587afe81,abnormal,10,0,10,4,False,False,244980.0,223612.5,23716.0,564184.0
8d09bc6c72b4f8ad8346be6c55f9f136,abnormal,5,0,5,2,False,False,62854.4,31428.0,15696.0,164542.0
8d1c24466cec1a18b96989ced1f5422d,abnormal,7,0,7,3,False,False,166541.57,63383.0,10593.0,367484.0
8d435f703d51586aa164b24e5ec3b9b0,abnormal,9,0,9,4,False,False,299979.22,167678.0,14877.0,738854.0
8d6a0dcadf3c7322e146e729f4ac4ebf,abnormal,14,0,14,4,False,False,53926.43,21575.0,2475.0,222145.0
8d71580638dabfe93678f1a7bab30bfe,abnormal,8,0,8,3,False,False,215072.12,176913.5,79695.0,379278.0
8d74ba04415b33be3134b55c868016f8,abnormal,6,0,6,4,False,False,154331.83,158877.0,135710.0,177940.0
8d8ac0cdeb07adc1805e5c986b0034c3,abnormal,3,0,3,1,False,False,278120.0,267410.0,218526.0,348424.0
8d90a34bf34f673775ffd827112142df,abnormal,3,0,3,1,False,False,77802.33,87156.0,49419.0,96832.0
8d92135190568a756e7850cec9f6577a,abnormal,7,0,7,5,False,False,139385.86,72468.0,14097.0,382580.0
8db0ec16659e5c003a6b07debf49e554,abnormal,6,0,6,2,False,False,34861.67,35483.0,30070.0,39032.0
8db8173d076bab7a3fcc6656a0b3c15a,abnormal,5,0,5,4,False,False,215886.6,333277.0,4140.0,391426.0
8dc9c4a2edfac5c6ed1b0246e435aff9,abnormal,6,0,6,2,False,False,182143.83,167701.5,59228.0,319260.0
8dcb48f8f81f5d883b1c85b7106a2378,abnormal,5,0,5,3,False,False,432816.0,392700.0,392700.0,511434.0
8dd6662d207b63fbfd51d2ccda2910cc,abnormal,11,0,11,5,False,False,106492.55,121320.0,9964.0,240670.0
8de1d1a853009572844969d046f99f6b,abnormal,6,0,6,2,False,True,311821.67,305472.0,95778.0,533738.0
8de2c306ed9fa7c44c70d249af346d9b,abnormal,6,0,6,3,False,False,145604.0,157201.0,33708.0,199044.0
8de556d9cd8d026b8eba03870cc6acba,abnormal,8,0,8,3,False,False,229306.38,223846.0,162669.0,354288.0
8df447178660d98a2efcab6323c8f658,normal,0,0,0,0,False,False,,,,
8dfdb16f2373ca92d484bb8ae376d7dc,abnormal,10,0,10,4,False,False,25061.9,17073.0,5394.0,51744.0
8e063eadea9a6aeb684c893c8598be3e,abnormal,8,0,8,5,False,False,90060.12,64519.5,1512.0,235640.0
8e1a18777633a830c6e5897e4dddb6f7,abnormal,10,0,10,4,False,False,241941.1,78495.0,5550.0,1091789.0
8e3006f8c3906fc969d4aa9aeb31f586,abnormal,4,0,4,2,False,False,370076.5,16679.0,6408.0,1440540.0
8e36ae96a199bbaea285e074edde991a,normal,0,0,0,0,False,False,,,,
8e3cbb3460e37bd5418cb4bc23c07af8,abnormal,11,0,11,3,False,False,94812.18,64092.0,23460.0,236325.0
8e49cc23db589bc0acd59a8841128560,abnormal,6,0,6,4,False,False,184636.33,172525.0,116388.0,264996.0
8e506a2c5a4a64624770f56bd56fe684,abnormal,3,0,3,1,False,False,167114.0,163800.0,156210.0,181332.0
8e5f9d775ab631aca970ca98d32946dc,abnormal,9,0,9,4,False,False,159973.89,145350.0,63958.0,302906.0
8e682cb1be531ca41c0e04e45c227797,abnormal,9,0,9,4,False,False,298253.22,99166.0,18768.0,782272.0
8e8108b7709b8f9f60eabe001816dbd4,abnormal,10,0,10,4,False,False,346658.6,291510.0,42622.0,734751.0
8e8605a691bd8149aad332a64fce5dcf,abnormal,12,0,12,5,False,False,74128.25,60934.5,9222.0,145843.0
8e8d8e5b84f477e17297df90008ab053,abnormal,7,0,7,1,False,False,144033.29,97654.0,8925.0,343574.0
8e8f6687544bfcd254e60e5e28b260d6,abnormal,15,0,15,6,False,False,94157.2,25920.0,1815.0,385020.0
8eb38ce22b1b5323c2dad3a92c79e1bd,abnormal,13,0,13,6,False,False,145328.92,28952.0,8938.0,703538.0
8eb496d5dd817b996672eab35e7de8f4,abnormal,7,0,7,3,False,False,64965.43,39744.0,2668.0,128544.0
8ebf23deb8ee4d7bba82aa38d3420fee,abnormal,5,0,5,2,False,False,85622.0,75852.0,63360.0,139128.0
8ed4976e3f507617cea65e8b068cbb1e,normal,0,0,0,0,False,False,,,,
8ef3fb1b703ffcb77d3709d45adf8695,abnormal,11,0,11,4,False,False,76851.64,73164.0,5694.0,144381.0
8ef74927dbf4b7819d546c7e1f2e002e,abnormal,4,0,4,2,False,False,31169.0,8181.0,7104.0,101210.0
8f0d77c5c2faa59b360bf71cc07f4d4e,abnormal,9,0,9,4,False,False,164442.33,69552.0,11895.0,476126.0
8f175ebdd1fb0e26809311ca829077b8,abnormal,6,0,6,5,False,False,64658.17,66868.0,6533.0,118167.0
8f186efb51af999168f501bda156eda5,abnormal,6,0,6,3,False,False,282652.33,265566.0,19776.0,500760.0
8f2dd210a995d677029f2c3d285ff80e,abnormal,11,0,11,6,False,False,118074.55,108192.0,29127.0,259560.0
8f2f0fd9dfa82786b2c02b4a2df53dc1,abnormal,10,0,10,5,False,False,438987.1,346328.5,148938.0,951534.0
8f4c737a0dbc8fc4be1e1def59ef4fa9,abnormal,8,0,8,3,False,False,356690.12,233700.0,14964.0,861620.0
8f53904e77e3c20fc28a489d9737d973,normal,0,0,0,0,False,False,,,,
8f572ec6313554380c112b06168aed35,abnormal,8,0,8,3,False,False,220206.88,216678.0,6413.0,503370.0
8f6709f15f4f222cf7af5bb49f73aa18,abnormal,6,0,6,4,False,False,90053.33,46990.0,5643.0,262341.0
8f752093ee546364e7a3f570c7e2041d,normal,0,0,0,0,False,False,,,,
8f828151dee8b12935726c711c024149,normal,0,0,0,0,False,False,,,,
8f98e3e6e86e573a6bd32403086b3707,abnormal,14,0,14,8,False,False,136069.57,67965.0,12096.0,425520.0
8fb5356727d6147b99fea57e012b0b64,abnormal,8,0,8,4,False,False,25726.38,21033.0,10736.0,56079.0
8fcbf4c0ba3178b938cc3c80df975fe3,abnormal,15,0,15,7,False,False,333204.8,162770.0,11115.0,816349.0
8fd4e7599250d006e579f1ffcb28b1b1,abnormal,11,0,11,6,False,False,90481.0,56604.0,19320.0,292572.0
8fd72a5ede4e6f75961080e5cfaa1b5e,abnormal,5,0,5,2,False,False,215880.8,226746.0,61952.0,397056.0
8fda45c871b6dd0ba4569d560fd49ea6,abnormal,3,0,3,1,False,False,96086.0,99462.0,86400.0,102396.0
8fdf29fa92d82675c73489bcbb4dda0a,abnormal,7,0,7,3,False,False,173865.71,33432.0,6205.0,591976.0
8fe0e719bc142d9327cb86cc28e82b03,abnormal,10,0,10,4,False,False,90872.8,79102.0,11520.0,183328.0
90014bdac9592e29646c4c358275fdfc,abnormal,5,0,5,2,False,False,93399.8,77376.0,34040.0,146118.0
900fa6baa0c15f5c96eaed57294ec6d4,abnormal,7,0,7,5,False,False,94076.71,87882.0,27984.0,183097.0
90294c2e98cf161d97c32633e5a67ab1,abnormal,5,0,5,3,False,False,286025.6,351036.0,62181.0,477365.0
902b03191f0a6bc2e7e47be16b63c38c,abnormal,5,0,5,2,False,False,283952.0,129244.0,66822.0,605024.0
902cb4d7b941c2b490c322b01314b352,abnormal,6,0,6,4,False,False,148094.33,152140.5,8120.0,307134.0
902d77e0d68673b7f8d12a3ab1483b95,abnormal,14,0,14,6,False,False,86682.93,81772.0,17710.0,185628.0
902ff31bc097877d97df0921ca238aa3,abnormal,7,0,7,3,False,False,143194.86,88504.0,17472.0,351040.0
9043e39c8e52843751e7cc9edc2c02e6,abnormal,7,0,7,4,False,False,734136.43,469557.0,258594.0,1402720.0
9049aa8aa21b134a75e38dfc18facced,abnormal,5,0,5,4,False,False,104491.0,38088.0,23254.0,216968.0
904b3b12d54cf5f6f4ccccbcaffa3714,abnormal,5,0,5,2,False,True,194007.8,139040.0,108205.0,302302.0
904c10ed0347e0a4636ff9d752fad6cd,abnormal,5,0,5,2,False,False,201292.4,102257.0,85425.0,401880.0
906a43ceed5a95c81a94cc7c6ea41027,abnormal,11,0,11,4,False,False,92949.0,48070.0,16275.0,313390.0
9071e5009f5db86b4c0dd0f6280b2c7a,abnormal,11,0,11,5,False,False,869782.27,579675.0,65780.0,1880088.0
9074b5859c254e4cc0d1ae9781cfcdf1,abnormal,4,0,4,2,False,False,7541.75,7546.0,6240.0,8835.0
90823fdce55e57a5c6de680ccf9ffc38,abnormal,6,0,6,4,False,False,221128.0,59998.0,19800.0,875080.0
9089facaf103cdb37adce579bd64f064,abnormal,11,0,11,4,False,False,156917.27,167616.0,3834.0,429516.0
908cff12e3ce717c4fc6cba8290b89a6,abnormal,14,0,14,5,False,False,73638.93,27728.0,1224.0,460810.0
908e8d4196bf6a2c6a4bc91d62f1e8eb,abnormal,8,0,8,3,False,False,120661.62,54193.0,18531.0,300879.0
90a27c3ac3327ddb800b2ae9bcc27ac6,abnormal,10,0,10,4,False,False,393577.2,483555.5,27200.0,790058.0
90d8e7b88a0d29d30f98e069b0e2cceb,abnormal,10,0,10,4,False,False,69748.7,47452.5,15360.0,172800.0
90f4166c777d2ecf85440797c6ee774c,abnormal,7,0,7,4,False,False,82810.43,45787.0,19673.0,330336.0
91001d4c9d10b36d04f1a7d80b100a7d,abnormal,3,0,3,1,False,False,71814.67,65070.0,64464.0,85910.0
910c99ddbefd826f8e28f0969d0d162f,abnormal,9,0,9,4,False,False,152297.89,66924.0,20184.0,403516.0
9120a0510a95b14a2554cb6cd5319f00,abnormal,3,0,3,3,False,False,251811.33,129682.0,109440.0,516312.0
912f2d1789cd50ea5251af9e7f5f6868,abnormal,6,0,6,2,False,True,313036.0,316738.0,61662.0,580068.0
9134e1c89231ce785443c0e4eac783a7,abnormal,4,0,4,3,False,False,46514.75,26495.5,20868.0,112200.0
91560db4325bf6045259caf6e908ba1f,abnormal,3,0,3,1,False,False,58555.67,59769.0,43818.0,72080.0
9163c1b53f6cef4006d0169ee3b24886,normal,0,0,0,0,False,False,,,,
9163f352663788a365db4685d32099b6,abnormal,3,0,3,1,False,False,54950.0,51980.0,50218.0,62652.0
9174dcffa34a6ea52cff8a626864de26,abnormal,9,0,9,4,False,False,159955.11,148716.0,43884.0,274850.0
91783a3a0b479febd50ea952f711d776,normal,0,0,0,0,False,False,,,,
917974e9208badd0cf8ed8f757276a1f,abnormal,4,0,4,2,False,False,265839.0,276920.5,199485.0,310030.0
917bf10b1a676986b3e548bed07c03f2,abnormal,6,0,6,2,False,False,277130.0,282982.0,78003.0,471156.0
9181d4eeda0ebc4ef8f7e2ea50ed627c,abnormal,7,0,7,3,False,False,373292.57,117936.0,12012.0,846634.0
9188790e0ad5b3a06595039d9314baad,abnormal,11,0,11,7,False,False,164878.09,111592.0,19176.0,488504.0
918eae18d789f73c80e8431e03472648,abnormal,4,0,4,2,False,False,177958.5,92364.0,62910.0,464196.0
91a12fbbe1ad5eb62cdf97edeb122280,abnormal,20,0,20,8,False,False,610184.35,397351.0,40018.0,2205476.0
91b45e8d4bd5c08b849e3a1baea0270a,abnormal,9,0,9,5,False,False,144009.56,35391.0,1716.0,399840.0
91c5f8decf441bfaf7c89e7c3dd06fd9,abnormal,16,0,16,4,False,False,83349.31,48838.0,3600.0,399510.0
91c6fc1df5829cdaff5705203a351e1e,abnormal,11,0,11,6,False,False,125926.36,71051.0,6132.0,409500.0
91ce578ebdd959abb3c14b7c24711d19,normal,0,0,0,0,False,False,,,,
91dcbfac33b20bb82e9641211b18f53b,abnormal,4,0,4,3,False,False,38684.25,35045.5,2146.0,82500.0
91e4d6c6f6b7527f7963c2ed2f947a4a,abnormal,5,0,5,3,False,False,225552.4,333104.0,16284.0,369334.0
91e721ea0143333c5efe5dfb8ca98746,abnormal,13,0,13,6,False,False,50663.77,16688.0,9968.0,245862.0
91f1c20e4e0753f19022f919014aaa3d,abnormal,7,0,7,3,False,False,78456.86,75264.0,40470.0,133731.0
9209eb472d8c5200cbc8ad2015cbf1a2,abnormal,6,0,6,5,False,False,100654.83,58288.0,1260.0,356058.0
920cbb3a89aba24738b16fd78fc79196,abnormal,8,0,8,4,False,False,194368.25,136425.0,20988.0,465375.0
92113f2b921dcc352679d94851f4051f,abnormal,10,0,10,7,False,False,122475.2,75623.5,2115.0,350360.0
9233b2cb05dd9ae0902badc7482c5481,abnormal,7,0,7,3,False,False,100034.57,99408.0,750.0,245904.0
923878ed8c8260135f856d361df060c9,abnormal,3,0,3,1,False,False,149805.67,117176.0,93220.0,239021.0
9246c1061217b8131ccdaea80327e24d,abnormal,6,0,6,1,False,False,208319.5,209705.0,195780.0,219263.0
924c710624ba217ea2a275babf7903a6,abnormal,7,0,7,3,False,False,132795.86,122932.0,107342.0,168021.0
924eb4734344e5808df5d15855d68178,abnormal,16,0,16,8,False,False,107955.38,108519.5,11413.0,387321.0
9255e7154b30dcddd72f1f5ae6e46470,abnormal,21,0,21,8,False,False,401067.19,126224.0,25777.0,1295060.0
9259faeeda26a934fb32c74b8682e15f,abnormal,8,0,8,3,False,False,269979.0,145275.0,15390.0,694725.0
92658ab8e0bb9aa59becf54ecb0e6063,abnormal,7,0,7,3,False,False,314443.29,148869.0,78114.0,631584.0
9273bd554f5d9340a11722070a53c65b,abnormal,5,0,5,3,False,False,374188.8,349308.0,16644.0,773982.0
9278f10a8ff708a2cb687a2f0366ad74,abnormal,9,0,9,5,False,False,290874.44,97644.0,41175.0,703958.0
928076ee487f027f64e040389fc91725,abnormal,3,0,3,1,False,False,820036.67,705280.0,700150.0,1054680.0
928886f988f5f5791937a0ee73ff0b25,abnormal,3,0,3,2,False,False,261972.67,364720.0,52942.0,368256.0
9291d31a52303b92e8df393034a0a367,abnormal,5,0,5,3,False,False,125114.6,141757.0,10028.0,268370.0
92928a912d1736877050c8c00c3dacdb,abnormal,15,0,15,7,False,False,362969.87,285516.0,65964.0,1357741.0
929cadd9346edbd600e909ce306ebfb6,abnormal,8,0,8,2,False,False,49783.5,53466.0,30672.0,61530.0
92a7ca7a9adaf9d057f28fecec78e449,abnormal,6,0,6,3,False,False,11220.83,10960.5,9398.0,13442.0
92c4bde91acc54147a32701d24422734,abnormal,9,0,9,3,False,False,177568.44,46170.0,25584.0,662036.0
92c7afb7f1496f6f676fc6f079337fc8,abnormal,6,0,6,2,False,False,281821.17,252637.0,139370.0,455400.0
92c8ef82a9059eade4fd85c649f3b1fe,abnormal,7,0,7,4,False,False,157390.57,101080.0,14328.0,496125.0
92ddcf2c387ec3f50403371ca9997ad0,abnormal,6,0,6,2,False,False,201258.5,205128.0,27716.0,394400.0
92e484e2051dfa000b770a6ea1e0686b,abnormal,20,0,20,7,False,False,196454.35,119699.0,21679.0,718998.0
92e5d2d36ee724738906a15a54647d0e,abnormal,10,0,10,4,False,False,44051.1,20854.5,2970.0,129360.0
92e79511cf61feac9fb92f92325c0a19,abnormal,13,0,13,4,False,False,162277.62,105288.0,15372.0,731016.0
92e9e7ccc49692f0c6fa6917d7289f6f,abnormal,23,0,23,7,False,False,319742.17,200100.0,14835.0,884735.0
92ec72f76087d45365e94f60cd667002,abnormal,6,0,6,2,False,False,226996.17,221034.5,87633.0,413140.0
92fae85ed91d9465eb06594a89cf2697,normal,0,0,0,0,False,False,,,,
9300415e9ac5678a968ea7b751c8c8ea,abnormal,4,0,4,2,False,False,67103.5,81694.0,1890.0,103136.0
9304a2da1a0b23b779266d91a9719415,abnormal,3,0,3,3,False,False,45676.0,6204.0,3888.0,126936.0
930659d5e9eb2e7e224255e9337b9f99,abnormal,7,0,7,2,False,False,104381.71,116246.0,32400.0,210405.0
93067baae2937e61291bac49adb5308a,abnormal,6,0,6,2,False,False,255696.33,241670.0,127575.0,406585.0
9306d40fe3b77bd159c6ab92c0a306c8,abnormal,10,0,10,2,False,False,133136.5,118320.0,3696.0,297216.0
930a3d2c506f5035a1aa301b401f6fec,abnormal,6,0,6,2,False,False,234196.33,227235.0,59228.0,438426.0
930f9da548ab53f8edd16761660c683f,abnormal,9,0,9,3,False,True,223023.67,153340.0,11935.0,506522.0
9316b2ca577b760f2611b9d99bff7053,abnormal,6,0,6,3,False,False,81386.83,84237.5,3904.0,152280.0
931786165c810445eff5e832421a93c4,abnormal,8,0,8,3,False,False,88299.75,84005.0,1855.0,269844.0
931e92a65f8ec5eb009c0afa0f52e0c1,normal,0,0,0,0,False,False,,,,
9340b8c8362e2734af5bf9edecf6efac,abnormal,13,0,13,5,False,False,168033.15,147972.0,1886.0,454167.0
935a7deda5e549ec48293dea791b7c5a,abnormal,9,0,9,5,False,False,218527.33,316710.0,12537.0,379337.0
9369d8c9b16544b4f5c2d953f972a87c,abnormal,6,0,6,5,False,False,160907.33,74010.0,13440.0,439500.0
9378e938afe891b372d0d7a1924c7aa5,abnormal,9,0,9,4,False,False,239549.67,234136.0,104447.0,497419.0
9385f1142a0999cae18ceb73dc804bc7,abnormal,6,0,6,3,False,True,561192.5,425656.0,85320.0,1103328.0
9390e4ee9fcf6bdba3b1f03d40bfd4d1,abnormal,6,0,6,4,False,False,308726.83,288621.5,9006.0,689040.0
9394d988f22d6f03b220ce1b1af919ca,abnormal,15,0,15,7,False,False,178658.33,138159.0,87713.0,497502.0
93a37385c5f53a0c3a1357f996f22555,abnormal,10,0,10,4,False,False,173942.8,101897.5,29532.0,455598.0
93abddc3fe8d832eac4e48ef666437cd,abnormal,7,0,7,3,False,False,277880.29,143206.0,26364.0,606188.0
93b19937892c90a3d062674c7c554765,abnormal,4,0,4,2,False,False,367430.5,372949.0,299136.0,424688.0
93cb971f3c5504f1362de4367f9199d1,abnormal,4,0,4,2,False,False,320436.0,300617.5,149634.0,530875.0
93d04c587467e12a828828f907adecdb,abnormal,4,0,4,2,False,False,581866.5,669942.0,125214.0,862368.0
93ed73782bc23a0ef9c426c21982d8d7,abnormal,15,0,15,6,False,False,447499.73,374880.0,62307.0,839004.0
93ef5877b678e69cf43fa16bbae50b93,abnormal,7,0,7,2,False,False,385369.0,415002.0,86598.0,540940.0
942d83991819c4e1c9f10261e7e740cf,abnormal,4,0,4,2,False,False,531003.75,655420.5,115170.0,698004.0
942df4c44fdc6ffe0111740028a25581,abnormal,12,0,12,3,False,False,961782.0,822285.0,12831.0,2233006.0
943587a46ada0ee193c60a106ac61934,abnormal,10,0,10,3,False,False,105551.3,105878.0,61594.0,143910.0
9446be5a692accfa901d612a1e2a4c72,abnormal,6,0,6,2,False,False,263607.5,232209.0,101775.0,476496.0
9455d586debaa57d4e592d7a1292c977,abnormal,6,0,6,3,False,False,189540.5,126621.0,46200.0,457368.0
945b4e002f3a1cc5b5616dc54545d914,abnormal,4,0,4,3,False,False,27439.0,4851.0,3950.0,96104.0
945dcf557d9d281b55644289c53b1039,abnormal,3,0,3,1,False,False,560588.33,536897.0,524512.0,620356.0
945ebd66ed6b631a05e638ff88708e2f,abnormal,9,0,9,4,False,False,132682.33,59925.0,40304.0,309380.0
947c9697bb1023635f14e326d13c55bc,abnormal,8,0,8,3,False,False,196847.25,115376.0,13248.0,532032.0
94aacb0f4b6f837af4311cd8742bab06,abnormal,4,0,4,2,False,False,327003.5,347436.0,96696.0,516446.0
94db14c4d9cc5b73cd4ccc12e94d566a,normal,0,0,0,0,False,False,,,,
94de62dfe739e0d39da5c014bc72576f,abnormal,7,0,7,3,False,False,200797.57,132901.0,18792.0,422670.0
94fe218b2934a56f5c5e9dbbe7c3ab98,normal,0,0,0,0,False,False,,,,
951f37f1a2b9eeda8687588d6c1395f0,normal,0,0,0,0,False,False,,,,
952b065c0aac9ab20a9bcc051987a00f,abnormal,8,0,8,3,False,False,120537.5,107877.0,49408.0,251937.0
952b45e292277cdeec3873a510360fec,abnormal,9,0,9,3,False,False,76319.44,86430.0,33981.0,126720.0
95318747e792176f2ed657e5cf0d20a9,abnormal,3,0,3,1,False,False,565705.33,567344.0,558180.0,571592.0
95421a7356eac56ffcd4eda6ce23cfd4,abnormal,6,0,6,2,False,False,226843.33,238049.5,48000.0,415415.0
9548c30d5cd9f5051877d7070e1dc33c,abnormal,6,0,6,2,False,False,583070.5,726922.5,35600.0,1018098.0
954984f75efe6890cfa45d0784a3a1e6,abnormal,3,0,3,1,False,False,383740.67,306500.0,305694.0,539028.0
9550a9bd0f5a9c89b096778dee669dfc,normal,0,0,0,0,False,False,,,,
955c561b6301bc98d02990faa70a5ec6,abnormal,4,0,4,2,False,False,986804.5,1056429.0,393156.0,1441204.0
9589df954de68262bc380d648b0184c3,abnormal,3,0,3,1,False,False,137841.33,138972.0,110292.0,164260.0
959612f16d4ab164853d66bde4ec1297,abnormal,5,0,5,3,False,False,121018.6,83265.0,5767.0,356307.0
9598f874069cca35ff56d54925d35ccb,abnormal,12,0,12,4,False,False,34950.33,41479.0,7600.0,58850.0
959cb0680fbb9779352b9e42feef7977,normal,0,0,0,0,False,False,,,,
959e5d96df8e3eaa7eed10f8b0b3d08c,abnormal,11,0,11,7,False,False,170303.55,27966.0,5900.0,498304.0
95b097144aebefbb161afb3acc62381b,abnormal,6,0,6,2,False,False,195651.17,179812.0,62594.0,351095.0
95b32ce2a10f57629eb63830376237ca,abnormal,9,0,9,5,False,False,30337.56,9570.0,3773.0,122150.0
95b55a69ed71d956594f754e8071f64c,normal,0,0,0,0,False,False,,,,
95b5b6f29ba51deea4fe7a8848a1b250,abnormal,3,0,3,2,False,False,254157.67,316512.0,111935.0,334026.0
95b9b32e68bfb95100cc300664f9aae5,abnormal,13,0,13,6,False,False,157804.85,69390.0,6728.0,413100.0
95b9f6b4e21ace0ad8ec1bbcdf93060d,abnormal,5,0,5,2,False,False,227793.2,220740.0,200625.0,258488.0
95badc82bced45380cf4275bb11d2bb9,abnormal,3,0,3,1,False,False,213628.0,220860.0,183768.0,236256.0
95bbadf9fca1ad13b442ab060935e06c,abnormal,7,0,7,5,False,False,88187.0,81189.0,10004.0,303714.0
95cd5503c91006be9f3c9991db2b3cf5,abnormal,3,0,3,1,False,False,264522.67,274890.0,228830.0,289848.0
95d26610969ba722c1b4def95637e23f,abnormal,4,0,4,3,False,False,125292.25,124706.0,89544.0,162213.0
95d3c55f3737289bc2ea761df9a0c120,abnormal,4,0,4,2,False,False,62534.0,62094.0,38934.0,87014.0
96021af52e0a14e49058189530e7cdc3,abnormal,3,0,3,1,False,False,132978.67,133125.0,118105.0,147706.0
96151d76b7654e7ee86045acfe659521,abnormal,12,0,12,5,False,False,283041.25,200059.0,19110.0,1325733.0
9639e6b5d6391d119e959a65b6733c24,normal,0,0,0,0,False,False,,,,
963e75d60b45a08a1de456d383759167,abnormal,6,0,6,1,False,False,13557.33,10887.0,7440.0,24975.0
9644622ee77d5894827ca63b323e704b,abnormal,5,0,5,2,False,False,60751.8,54720.0,20020.0,118496.0
96486c2488f9b4755798099db0d54a18,abnormal,20,0,20,7,False,False,196162.6,127008.0,11440.0,814308.0
965d2c73cfa52a84d2f432118434037e,abnormal,12,0,12,6,False,False,69139.08,56254.5,11100.0,156342.0
966ae608783951f73244e01c1e5694d4,abnormal,10,0,10,4,False,False,42373.5,37045.0,15345.0,90852.0
96734f3235d72a018aaef6b78391df7a,abnormal,3,0,3,3,False,False,192344.0,62640.0,16632.0,497760.0
967f2ad4d9bd6d377127624161468188,abnormal,9,0,9,4,False,False,184208.22,169715.0,48070.0,371520.0
968172a174cec0c1f043932fd8a4576b,abnormal,7,0,7,4,False,False,210814.71,233426.0,39984.0,433070.0
96836e392ecca0df10f8aeac33db3c68,abnormal,5,0,5,3,False,False,335161.4,97933.0,52000.0,840264.0
96856fd17a41d64ead800f556f369cdb,abnormal,5,0,5,2,False,False,181208.4,144210.0,89100.0,321936.0
9696f133b6337e31d8961638df6d89af,normal,0,0,0,0,False,False,,,,
969d075666dedd66f4c1c6ad0b1e7052,abnormal,4,0,4,2,False,False,149697.75,108610.0,52891.0,328680.0
969d1591fb0b4bf7041938b6fbcfbdc8,abnormal,10,0,10,7,False,False,198336.1,129916.5,40984.0,548244.0
96bffead32cd991447d96ab59af2ec55,abnormal,5,0,5,2,False,False,174014.0,120000.0,77280.0,290928.0
96c522f25fae304c496697b220be49a6,abnormal,3,0,3,1,False,False,138691.0,119966.0,112875.0,183232.0
96e6dbf6148db615d730bdc0d5d76785,abnormal,11,0,11,6,False,False,114217.73,82288.0,26058.0,350075.0
96f334aaa1d7d9cad160e710c9965615,abnormal,17,0,17,5,False,False,13707.29,14606.0,6901.0,30996.0
96fb81c205dcedda4f036353e4f18cdb,abnormal,10,0,10,5,False,False,102128.9,29173.0,832.0,350200.0
970dcfd176e4fdaaf9bcb511a82e3b70,abnormal,9,0,9,4,False,False,119003.89,78676.0,24871.0,388928.0
9710d919aaab2bdac30900f140de109b,abnormal,11,0,11,4,False,False,99637.73,33453.0,18260.0,247096.0
971e2965c2e5149f64be489d589dc3d0,abnormal,5,0,5,3,False,False,181823.0,244881.0,19800.0,302270.0
972b79ab9ba7e34488c4459e43241ab4,abnormal,7,0,7,3,False,False,300429.0,157201.0,71703.0,609960.0
972f8298395b49ef09c8faf6a04e22b0,abnormal,5,0,5,2,False,False,487015.2,384992.0,282510.0,815948.0
974de0b950075fe57ca6587571ff09c5,normal,0,0,0,0,False,False,,,,
978aac9419e5145086523be16545e55a,normal,0,0,0,0,False,False,,,,
97a05a3ade68254d5163547aab61f3f4,abnormal,5,0,5,3,False,False,227574.0,215880.0,214555.0,246440.0
97bd8561208807d003ff804d69348974,abnormal,6,0,6,5,False,False,408050.33,444881.0,79386.0,531432.0
97bdb0096786b6ac9b5f0901cf144084,abnormal,4,0,4,1,False,False,40723.0,39921.0,15652.0,67398.0
97bf1159c3d5a11144527bd31d2ee628,abnormal,7,0,7,3,False,False,175124.0,61823.0,27068.0,392000.0
97e5e230f793b64aba05a318d6fdf4c4,abnormal,15,0,15,6,False,False,41393.33,20007.0,8256.0,119852.0
97e953ca3bf93ddf8a9f9044cbdd8e7c,abnormal,5,0,5,3,False,True,973094.0,1317706.0,152716.0,1593100.0
97f48290716a3cad241bf74f3ce47143,abnormal,5,0,5,4,False,False,7385.2,8040.0,2156.0,9345.0
97fd4f6e94b84fc564ae30aec660e443,abnormal,6,0,6,2,False,False,355886.83,325437.0,118300.0,681923.0
980030eec2892fd979adc481d9675550,abnormal,11,0,11,4,False,True,80228.36,29375.0,5246.0,300195.0
9809f0d8f7d4654a2599c052a5b83dbd,abnormal,13,0,13,4,False,False,92619.46,70610.0,9894.0,200853.0
980cbaa4ca9127c95c7a24cfa7b08598,abnormal,6,0,6,4,False,False,146898.67,100956.0,67860.0,436212.0
9822d3f2c751dcc995ea4d827e63aed9,abnormal,8,0,8,3,False,False,91085.12,83244.5,27742.0,171760.0
9823c13f2412bfef40728c2f08972b03,abnormal,8,0,8,4,False,False,48324.88,34048.0,11659.0,96064.0
982f677d3e934cc99a7560f143b7eb49,abnormal,6,0,6,3,False,False,181941.5,99413.0,49210.0,417450.0
9850d20ee4d2bf722154a90ae07ddff8,abnormal,13,0,13,7,False,False,640880.54,322850.0,64800.0,1319784.0
9852b93d2e984a4c427f7d14be534717,abnormal,7,0,7,4,False,False,307487.29,352092.0,58776.0,587430.0
98553a08561599e00ebcbc603e206557,abnormal,8,0,8,4,False,False,116602.62,56912.5,2912.0,541730.0
985aa6789515f5ad438d2384ed52cda9,abnormal,18,0,18,8,False,False,62927.11,54749.0,11990.0,132404.0
985be77c13eb905ee8e19a45e46ab785,abnormal,7,0,7,3,False,False,461673.43,446176.0,91586.0,984528.0
98617a2bbd11c4afa7be664889cdd6de,abnormal,9,0,9,4,False,False,116765.11,115773.0,5832.0,196707.0
986a142a1300b3401bdeda43822ceba6,abnormal,5,0,5,2,False,False,154865.6,92960.0,70720.0,287334.0
986cbf62313a140fc59925d613ed4332,abnormal,6,0,6,2,False,False,202733.67,181729.0,42570.0,412070.0
9875e42950bf3e157e96b0fc8c6f4680,abnormal,8,0,8,4,False,False,215395.62,150052.0,70080.0,419895.0
98930c53682b85b91e22c7a59cfc36fa,abnormal,6,0,6,3,False,False,175918.5,84340.0,26772.0,400603.0
98a1266e373f6b7d51677e1d5a9a8d96,abnormal,3,0,3,1,False,False,98773.67,104430.0,79919.0,111972.0
98b4edbf9b483c883f0a40c04ea61800,abnormal,6,0,6,2,False,False,344861.67,253348.5,62370.0,732159.0
98cf181303375a6b877a30af28fa3bfc,abnormal,4,0,4,2,False,False,277527.0,284657.5,77121.0,463672.0
98cfae70f256055ec24e8ba2dfd54ca6,abnormal,6,0,6,3,False,False,497909.33,465370.0,416340.0,612018.0
98d31d7df7863752c8f85cd0be34ecc5,abnormal,5,0,5,2,False,False,171364.4,100104.0,51088.0,333540.0
98d44861c84d532bcca874fcde5e5f42,abnormal,6,0,6,2,False,False,212499.67,199478.0,52785.0,398907.0
98dca7e62a4f2d47455b9a275fa75a08,abnormal,6,0,6,5,False,False,307806.0,317019.0,22701.0,545300.0
98e2d03f7e9ba87b4922b35347866fc4,abnormal,8,0,8,4,False,False,191670.75,163498.0,884.0,425633.0
98f00bae3d65ebcebd046c12e5b27f7c,abnormal,12,0,12,5,False,False,376347.25,268875.0,21978.0,886402.0
98ffafc82ac9d3aec1d4d3957d0d9322,abnormal,9,0,9,5,False,False,173642.22,97335.0,5538.0,424847.0
993adb8e17f2726e4c9bb5cb414d9de5,abnormal,6,0,6,3,False,True,181353.5,124185.0,9810.0,366912.0
9943805f08872ab64d994fc84ff1b25d,abnormal,16,0,16,7,False,False,136980.81,54630.5,4756.0,477144.0
995533127aa50c3b1a64829055850319,abnormal,6,0,6,4,False,False,156326.5,116519.5,2695.0,346680.0
996cf9196ebda9f2b449e2ec38ac17c4,abnormal,3,0,3,1,False,False,6332.67,6132.0,4770.0,8096.0
997230116fa99fe2335a4524899ea08d,abnormal,5,0,5,3,False,False,225831.6,100110.0,23010.0,472797.0
997a190cf3302633937a80eff6c65459,abnormal,6,0,6,5,False,False,366517.83,517484.5,10201.0,571868.0
997fca43b97287e53c551c3d4753edcb,abnormal,5,0,5,3,False,False,16531.4,7100.0,5628.0,55640.0
999612f847684578b1fdcf2d9d4d4994,abnormal,17,0,17,6,False,False,62198.88,50740.0,5760.0,145413.0
99b6a685b8c3992e218834b8777e0ce1,abnormal,4,0,4,1,False,False,100511.0,102342.0,14560.0,182800.0
99bac8deff3eb3beb9479e0c080940f7,normal,0,0,0,0,False,False,,,,
99c5019992434f96249d79326a472b05,abnormal,6,0,6,3,False,False,91877.5,100488.0,35639.0,135568.0
99f45d9953ae4d119bdac3987dffb676,abnormal,5,0,5,2,False,False,454863.2,586696.0,81171.0,793254.0
9a080db6a1a2ceca36947cebd0367514,abnormal,5,0,5,3,False,False,69679.2,82800.0,12312.0,116328.0
9a103f2f70e89e234d5aca1a4535329b,abnormal,6,0,6,3,False,False,320009.67,337287.0,44530.0,593643.0
9a10974aa0dabf26fb1b8a7d85cafedc,abnormal,24,0,24,7,False,False,91636.21,14589.0,2350.0,442442.0
9a1781dd524b50ec31f94c184bbb6b4c,abnormal,5,0,5,3,False,False,160662.0,157766.0,93436.0,224952.0
9a1a909b3cc2641976339609258c1b04,abnormal,6,0,6,2,False,False,279800.0,272448.0,76032.0,514745.0
9a2d123a36eea730440d44f430ad2951,abnormal,4,0,4,2,False,False,348257.5,421318.0,71444.0,478950.0
9a321e5a866cee9e943cf5f3684de512,abnormal,11,0,11,6,False,False,146450.18,62248.0,14391.0,410650.0
9a3d018df521eaab6b4eec203a19970b,abnormal,14,0,14,4,False,False,157018.0,46860.0,1840.0,677160.0
9a44147b1b764d0cbd57a317bd22e48c,abnormal,4,0,4,2,False,False,61790.0,60436.0,1848.0,124440.0
9a5094b2563a1ef3ff50dc5c7ff71345,abnormal,6,0,6,4,False,False,232452.5,235578.5,22618.0,439650.0
9a51be5f7bf1078ac8972a14de31c515,abnormal,5,0,5,1,False,False,462012.4,500736.0,71020.0,907536.0
9a6377016b455cd0f2b6e64bf1af6cc7,abnormal,4,0,4,2,False,False,53237.5,67468.0,6762.0,71252.0
9a65d343df43c00deb1838098495b672,abnormal,6,0,6,2,False,False,176211.83,167834.5,63714.0,308124.0
9a6ef2893ef45236c5eb1141db74c9aa,abnormal,6,0,6,2,False,False,155137.5,150120.0,42525.0,268768.0
9a7decacad5d692b7c6b7253217fc770,abnormal,3,0,3,1,False,False,91651.33,90600.0,73312.0,111042.0
9a8dbd52534ed67ccc9144ba1b43d185,abnormal,6,0,6,3,False,False,230144.33,196310.5,78524.0,417240.0
9b00eeaa317747fe5d908526e1268393,abnormal,4,0,4,2,False,False,30433.0,27318.0,20881.0,46215.0
9b091aa027eeb034fc8fe803692028a0,abnormal,10,0,10,3,False,False,132611.9,57067.5,17066.0,399796.0
9b1034893f70d565ab25e7c3aedb3ff7,abnormal,6,0,6,2,False,False,207943.33,202652.0,75250.0,365024.0
9b12521fa480b7872a66995a796f03e5,abnormal,8,0,8,3,False,False,232013.0,211591.0,158800.0,322725.0
9b1d076abcb937c2e19f7c2e10dbcbc0,abnormal,16,0,16,5,False,False,266469.69,187143.0,6068.0,514836.0
9b1e8c3a5bce9d3c3f9e7c6394289c67,abnormal,4,0,4,2,False,False,209942.5,255850.5,18245.0,309824.0
9b294ef55b60d28d047089d91a1ca502,abnormal,4,0,4,2,False,False,293453.75,295627.0,104160.0,478401.0
9b389242ffe5059b705ee8f5aac00bd5,abnormal,8,0,8,4,False,False,342037.0,155296.0,77290.0,809652.0
9b44eddd5b59cd65d92366f27290d949,abnormal,5,0,5,3,False,False,214454.0,159750.0,16820.0,581516.0
9b962decc3b730467e74a8fbfaa0d953,abnormal,7,0,7,5,False,False,33235.14,43848.0,4189.0,51756.0
9b9c8cc2a7eb9c66f77432e677f7fdb5,abnormal,11,0,11,3,False,False,168099.91,84005.0,11327.0,503876.0
9b9f47628be6a48ddb41aec8ba39b454,abnormal,14,0,14,8,False,False,148294.07,158004.0,27729.0,360570.0
9b9fafab95a68b7dd80a22f337245a93,abnormal,13,0,13,2,False,False,135488.92,92208.0,11726.0,906936.0
9bb8bb42168a8ce95a57d818bc23b112,abnormal,8,0,8,5,False,False,132208.75,105650.0,15400.0,347360.0
9bc4efab79fda2c8d0c4fe352979d35f,normal,0,0,0,0,False,False,,,,
9bc7f47f5e3d9cb135278aa09a42ff3a,normal,0,0,0,0,False,False,,,,
9c12e58f5fd540a5b5457f9014e83479,abnormal,4,0,4,2,False,False,96323.5,107128.0,44247.0,126791.0
9c17e04426811c66677c1a9b480d1a51,abnormal,4,0,4,3,False,False,184245.25,77149.5,39900.0,542782.0
9c314e403d3e6e3ed09e79a57019f9ad,abnormal,5,0,5,2,False,False,698162.2,147154.0,22560.0,1670991.0
9c3e095779134703dfd7b263d71b44f4,abnormal,8,0,8,3,False,False,262171.5,124258.0,29160.0,628180.0
9c41221ce46d36fc44d140e21c3f3da7,abnormal,9,0,9,6,False,False,1245310.56,1639872.0,81740.0,1983553.0
9c5b6aec6d12a963522ae5b333f612d1,abnormal,3,0,3,1,False,False,887250.67,952110.0,625468.0,1084174.0
9c6b55a1b4fe76943377f346658b5da5,abnormal,4,0,4,2,False,False,353952.5,443860.5,38009.0,490080.0
9c83d9f88170cd38f7bca54fe27dc48a,abnormal,14,0,14,4,False,False,243838.5,158529.0,71100.0,758160.0
9c89004f6827ca42cc151098ce8bd986,abnormal,3,0,3,3,False,False,233368.67,233264.0,208923.0,257919.0
9c9d6d92f17ef2b3145ad8743e11b194,abnormal,6,0,6,4,False,False,80805.0,60164.5,27451.0,154632.0
9c9f556eea533f066368e0f4a452bee7,abnormal,13,0,13,7,False,False,508768.31,213083.0,86104.0,1346260.0
9ca2725b69db57ebc2df26a7da70affb,abnormal,9,0,9,4,False,False,304838.0,278600.0,46689.0,978341.0
9ca6f4d20348cea6a7efa90deeff2639,abnormal,3,0,3,1,False,False,1092400.67,1080187.0,627682.0,1569333.0
9ca97574cdfcbcd1db8ba2fb76e2dd34,abnormal,5,0,5,3,False,False,236477.8,128340.0,101453.0,615888.0
9caac1a690115767b3d4f97702f571d2,abnormal,7,0,7,4,False,False,207527.29,63196.0,16554.0,502164.0
9cb5ed4b6f4a25b2ac497159f7b1b82b,abnormal,4,0,4,2,False,False,125067.75,68279.5,41944.0,321768.0
9ccdadb18e6a8c9c2459768eaaa2893b,normal,0,0,0,0,False,False,,,,
9ce4169ac820450d4a18f4d9d33d40f1,abnormal,4,0,4,3,False,False,42375.0,41804.0,14703.0,71189.0
9ce5d86c2dcaacd045d5f52587e41247,abnormal,6,0,6,2,False,False,178146.33,153056.5,62937.0,369016.0
9d094c16cc0afb04940a651298d12dcc,normal,0,0,0,0,False,False,,,,
9d25a49dcfd33a593605da5b2cecfe2b,normal,0,0,0,0,False,False,,,,
9d2c6d2e55ac8c64f264087ccc48187a,abnormal,3,0,3,1,False,False,130260.0,129456.0,124320.0,137004.0
9d2c9f496cedde3fe7a38080bf9b65c3,abnormal,3,0,3,1,False,False,482821.33,461680.0,443016.0,543768.0
9d366d706dc228d1721d3f16b139221f,abnormal,6,0,6,2,False,False,216941.33,215620.0,110704.0,328680.0
9d41ae882fa21638f67228ff85cb05ab,abnormal,19,0,19,7,False,False,329091.58,359856.0,15120.0,604572.0
9d42c5942895afd3391a8fb93a3991a8,normal,0,0,0,0,False,False,,,,
9d4654c4c7def98196c0f8f14277ec7c,abnormal,17,0,17,4,False,False,97343.29,28336.0,21484.0,391952.0
9d66132dc1a3e262df38c3ad25626a00,abnormal,8,0,8,5,False,False,212808.38,125500.0,67895.0,589472.0
9d740f84910f8b7f0bfb870f8f4ad8b1,abnormal,10,0,10,4,False,False,295904.9,316042.0,9877.0,592482.0
9d839a52c0fc61167a2f95ae6f7ee5ad,abnormal,5,0,5,2,False,False,232988.4,101400.0,68808.0,481182.0
9d8cf27d445accf16f4c577c3f05b2b3,abnormal,7,0,7,5,False,False,154306.0,148544.0,9072.0,402675.0
9d9caa9e06ec349f19f871e3fe2f343a,abnormal,13,0,13,6,False,False,328440.85,110976.0,51352.0,836178.0
9da65d59721d58bd125a4fc94b6ffec6,abnormal,8,0,8,4,False,False,82681.25,42780.0,19046.0,210672.0
9dba466530505c0992a5bb874ffc90ee,normal,0,0,0,0,False,False,,,,
9dc06dc651df290e2f3cd30ac1513c7e,normal,0,0,0,0,False,False,,,,
9dc2037ca1424465db0c4fe2972767f0,abnormal,9,0,9,5,False,False,108197.78,76014.0,41064.0,324719.0
9dda26bc7998dba2e4d8592801138fad,abnormal,5,0,5,2,False,False,309045.6,324952.0,97636.0,499960.0
9de44540163b68efbaae0d0c2b704b4a,abnormal,4,0,4,2,False,False,205584.75,122126.5,103950.0,474136.0
9def018e27028f4b11403cd6ad0d4691,abnormal,3,0,3,1,False,False,108336.0,100804.0,82584.0,141620.0
9def44a5c7f43c29e24752e03add7809,abnormal,10,0,10,4,False,False,167850.1,113082.5,36480.0,462150.0
9df340dc63bb0f9c185f2d019cd533a8,abnormal,19,0,19,8,False,False,177721.79,185500.0,1891.0,496230.0
9df823bdb8130ffcea2bee7544a0db94,abnormal,7,0,7,3,False,False,715749.29,787296.0,63867.0,1454861.0
9dfc32d8ff0e7a5b65dcda7fc2899881,abnormal,3,0,3,2,False,False,119292.0,19080.0,15444.0,323352.0
9e03a12bdc2f03b99a92662e992ea810,abnormal,6,0,6,1,False,False,54515.17,51301.0,23674.0,93220.0
9e104788d948797f70790dce9067c277,abnormal,3,0,3,3,False,False,277562.67,214544.0,134784.0,483360.0
9e15afcba3bac18db3bb491b546792d4,abnormal,5,0,5,2,False,False,133116.0,73373.0,34974.0,262031.0
9e394247ba5019ad6430530f0133bb68,abnormal,4,0,4,2,False,False,101789.5,123047.5,21716.0,139347.0
9e4494bb24faf76970a1116cda4da0fc,normal,0,0,0,0,False,False,,,,
9e4888894ce1958ed9367866eaa9cb79,abnormal,3,0,3,2,False,False,185650.67,98112.0,54755.0,404085.0
9e4f8b07c7cfc2e3be4481e8f3507108,normal,0,0,0,0,False,False,,,,
9e63db3c1b443ca561e426b798096b8f,abnormal,8,0,8,5,False,False,291417.0,376357.0,6480.0,543204.0
9e6b3b14058606fadddc95950f8b8e3b,abnormal,8,0,8,4,False,False,183315.25,75953.0,9476.0,450823.0
9e886934e6ac2d1b15603e91690b97ca,abnormal,4,0,4,2,False,False,63917.75,60030.5,5289.0,130321.0
9e90a23fb8d5ce13eb766d538afcafea,abnormal,13,0,13,4,False,False,190529.0,201703.0,5280.0,306111.0
9e952e4a222f3b3e022f0e0815ce9b02,abnormal,13,0,13,3,False,False,44046.15,30912.0,7810.0,108045.0
9e9cc9d084546cb6d7f7ddba63411a81,abnormal,17,0,17,9,False,False,615025.35,371371.0,71001.0,1382700.0
9ea6802588a0cf35c44631bf01f9bd7f,abnormal,12,0,12,2,False,False,52815.42,46306.0,22776.0,90079.0
9eb4fa8a29bcdd4fbede7c391589a42d,normal,0,0,0,0,False,False,,,,
9eb64584567f0c8e31e0dfcedd137aea,abnormal,8,0,8,4,False,False,59057.62,52090.5,19448.0,105910.0
9eba0d101f410f9cdfae46cb094ae2a6,abnormal,11,0,11,4,False,False,58851.0,31440.0,9900.0,183890.0
9ed1f91369552618456da255b02820b3,abnormal,4,0,4,2,False,False,323242.5,393851.0,79948.0,425320.0
9eeacc3c99e0b295f3e0ab1c6e8d66fd,abnormal,4,0,4,4,False,False,84193.0,85583.5,73041.0,92564.0
9ef084b09e407e4f8f00932602d1a88d,abnormal,8,0,8,4,False,False,801577.75,467811.0,34532.0,1606725.0
9ef2c06481a9e65d71e6743d04217462,abnormal,10,0,10,4,False,False,325786.6,180234.0,53360.0,912792.0
9f143122da6e0f80e97ebc5c32af11ed,abnormal,6,0,6,3,False,False,174697.67,166072.0,15211.0,343728.0
9f1bdd6de55cf175cd65c01aed55ff12,abnormal,13,0,13,5,False,False,215833.31,118167.0,4209.0,829010.0
9f2360f56f61751a254678ec0adbc77d,abnormal,9,0,9,5,False,False,316026.56,178353.0,70029.0,778260.0
9f29889356a03cac6cdb9601b37b3918,abnormal,3,0,3,1,False,False,70477.33,73840.0,60732.0,76860.0
9f329a8c05ac45949b43e6626efdb8d0,abnormal,8,0,8,5,False,False,30026.38,16848.0,10746.0,65700.0
9f3b91a14738c8cb5ac655fdb40bdb9b,abnormal,6,0,6,2,False,False,179999.0,170929.5,77688.0,335574.0
9f3cd35d1e478da2bac4bf5afd1153c0,abnormal,5,0,5,2,False,False,75108.6,56024.0,51606.0,108504.0
9f79612cb768f8fa50a6cb22e4e38a2a,abnormal,4,0,4,3,False,False,104743.25,87237.0,17374.0,227125.0
9f7a76f14e777ed53606a7d6d3ef3890,abnormal,10,0,10,4,False,False,150435.8,86218.0,23290.0,414716.0
9f8ad1b404295f6c9951bcfe9e2da754,abnormal,5,0,5,2,False,False,173737.8,122511.0,76446.0,340360.0
9f99a143df8874d1e5320ebbbae6040c,normal,0,0,0,0,False,False,,,,
9f9ab4b3170b84ec04b006d522114f24,abnormal,6,0,6,2,False,False,301871.67,279796.5,68002.0,569294.0
9f9c6cde56f7e1b36c94f6d72fe0a2f3,abnormal,12,0,12,3,False,False,105260.42,113740.0,11972.0,198800.0
9fa07ce40365c2c37f75ba3a5486b8c6,abnormal,12,0,12,5,False,False,95251.83,50038.0,6840.0,337983.0
9fb8448d2d7ce8d93e129a16906074e3,normal,0,0,0,0,False,False,,,,
9fccf640c41b789bef11c3437045436d,abnormal,3,0,3,1,False,False,496771.0,442380.0,427157.0,620776.0
9fd12d311ea007b2cd5b6f0973dbc6de,abnormal,3,0,3,1,False,False,1351804.0,1250656.0,1086746.0,1718010.0
9fd7ae7f030dbd0185a3984704dcdc5d,abnormal,4,0,4,1,False,False,299440.75,348364.0,60984.0,440051.0
9fd7f8bc66d606ffee290028c4d5d1f3,abnormal,13,0,13,3,False,False,132061.15,155187.0,4235.0,292530.0
9feaa80fe5166e87af68fcab302c7ae6,normal,0,0,0,0,False,False,,,,
9fed2e6b4943fd575a7a91456c8c899e,abnormal,5,0,5,2,False,False,196577.4,96476.0,43681.0,380424.0
9ff3dfd4bd748b3a368d9d97e3637339,abnormal,6,0,6,2,False,False,236630.33,230782.5,72092.0,391391.0
a01c58a18c2382adada9aea189097614,abnormal,6,0,6,2,False,False,219663.67,207428.5,58050.0,413712.0
a040343977edb13d15604e5e3c125e59,abnormal,5,0,5,4,False,False,119806.8,38416.0,5676.0,302234.0
a07064273b3f1112655970e8326f25df,abnormal,9,0,9,3,False,False,615460.56,745954.0,170880.0,1131102.0
a077f8b8a0f82348128918516eacff8a,abnormal,4,0,4,2,False,False,315091.0,360203.5,80162.0,459795.0
a083b9235a837f1f0171174a00ea538c,normal,0,0,0,0,False,False,,,,
a091c439300eaff4c79f0a82d343a369,abnormal,6,0,6,2,False,False,209716.0,189218.0,51884.0,395904.0
a0a6050fdda9f59eff1ca6a197883fcb,abnormal,11,0,11,5,False,False,23819.73,10780.0,1833.0,97255.0
a0e08352d5127c4654a6f563899fd901,abnormal,9,0,9,5,False,False,85849.89,75558.0,8050.0,325316.0
a0ed62efc8bf9e5053d18e250390b96d,abnormal,8,0,8,5,False,False,87096.12,57202.5,1860.0,238628.0
a0f0fba4ab530612f91852ff0fee4f1a,abnormal,3,0,3,2,False,False,164988.67,80598.0,78824.0,335544.0
a0f8199197edd3488950b47b3db6646b,abnormal,12,0,12,7,False,False,75200.75,18359.5,4968.0,362880.0
a1058b4368a7e3d945757f218393baf9,abnormal,11,0,11,5,False,False,106160.36,61411.0,14280.0,318318.0
a1099e200fda2e6dc8c80d691fc6e70d,abnormal,7,0,7,4,False,False,157425.29,115497.0,55476.0,367048.0
a1134e92282815efb505a93105083393,abnormal,20,0,20,6,False,False,641865.3,338214.5,405.0,1525854.0
a1375f9466915186308ef31e0766db3f,abnormal,10,0,10,5,False,False,169942.4,36647.0,13536.0,737646.0
a137951bfa9be68fec6cb6ef0a679d20,abnormal,15,0,15,5,False,False,217843.8,198440.0,14400.0,460152.0
a153495b8f21f9c8a56d3489c513d721,abnormal,9,0,9,4,False,False,185878.78,100284.0,6900.0,553206.0
a1720873fde30e8b3dab6b5157e58e70,abnormal,6,0,6,2,False,False,68799.33,61770.0,28812.0,121847.0
a18a90445d328302a6dc46ca43917e4a,abnormal,8,0,8,4,False,False,284818.38,85651.5,7137.0,826736.0
a18d88dbf60435ac196dbcdc512115c7,abnormal,7,0,7,3,False,True,117985.0,103076.0,24804.0,364697.0
a18dee563cbdaa4a85594968f8678b84,normal,0,0,0,0,False,False,,,,
a1af684b8e0ce8e5cd4223881451a5af,normal,0,0,0,0,False,False,,,,
a1c5f6de8dea1889fbe3542682a5a4c4,abnormal,4,0,4,3,False,False,345927.75,394600.0,69632.0,524879.0
a1d1cbb23e3efdbbbcfccc03e9624356,normal,0,0,0,0,False,False,,,,
a1df46be5ace1fcd65a304d44f83a1a6,abnormal,5,0,5,2,False,False,161293.2,49776.0,36356.0,381444.0
a1e4301af829e773b3b56870a60fa750,abnormal,7,0,7,4,False,False,144139.14,62238.0,6656.0,337404.0
a1e8167621dbbff8f8bf5714e43fd188,abnormal,3,0,3,1,False,False,85113.33,85500.0,69090.0,100750.0
a240c258ffa22652149f1e08d4237d04,abnormal,5,0,5,2,False,False,301588.2,205387.0,122794.0,535845.0
a2480b9f63cc65e052dc0b9ad19c866e,abnormal,12,0,12,6,False,False,158804.83,186095.0,28363.0,228928.0
a24f6e745dea4cfb8c3a31aa084650f7,abnormal,6,0,6,3,False,False,247822.33,250127.0,112200.0,368244.0
a2509450b933cc298fbc4f25ed31baba,abnormal,8,0,8,4,False,False,184360.25,76374.0,2278.0,424564.0
a2511b7d5a4657b9b161d7c3e69587ae,abnormal,11,0,11,5,False,False,72336.73,55752.0,1600.0,375088.0
a257e58a06d3267edc82453ae093ac97,abnormal,11,0,11,5,False,False,155223.0,97969.0,39590.0,419328.0
a2a58a1645b852dc7bf03f703940163d,abnormal,4,0,4,2,False,False,157770.75,104268.0,71655.0,350892.0
a2a8071358cf2858d45596364fd4ec85,abnormal,8,0,8,3,False,False,195348.75,236328.0,23946.0,268128.0
a2c6dd0cabc2fc70fbb1cf2dac50d11c,abnormal,16,0,16,5,False,False,138650.0,86772.0,29796.0,358897.0
a2ca3716b1e7923e5f8e0fc6f8200509,abnormal,10,0,10,5,False,False,160642.6,118239.0,3060.0,420898.0
a2ca9713ed2b4fb5632aa8647769c1a6,abnormal,7,0,7,3,False,False,220834.57,242697.0,58976.0,350103.0
a2d8804d3d08a2afb75dd9e6fbb53010,abnormal,23,0,23,7,False,False,181276.39,166500.0,24336.0,493137.0
a2de4d532410b97fe4080e096ca6010d,abnormal,12,0,12,3,False,False,130506.75,45122.0,6136.0,431713.0
a2ef60f418b8518fc372b7c333f8a5c3,abnormal,6,0,6,3,False,False,228752.0,223838.5,23146.0,415840.0
a302f45dd2d8b7b698c3ce3121cb7cfc,abnormal,6,0,6,2,False,False,311600.83,311548.0,110572.0,524796.0
a30e54c94c56cf1448eb8f3921a40e15,abnormal,5,0,5,2,False,False,338177.6,392607.0,76533.0,593684.0
a3106645d9ff642b102c1fae08356865,abnormal,8,0,8,4,False,False,419904.38,369846.5,270840.0,581360.0
a3138b15692cfedc5a35d1bf5314616e,abnormal,20,0,20,7,False,False,310202.2,258955.0,29700.0,784774.0
a31e14af6336413d69a6920a6c04fc20,abnormal,7,0,7,3,False,False,335091.29,149838.0,23478.0,696192.0
a31fef91832012791b0a749471e37159,abnormal,4,0,4,2,False,False,99894.75,70660.5,65142.0,193116.0
a330d6606525415c5e462b9e13ca8452,abnormal,7,0,7,3,False,False,64721.57,45846.0,28120.0,144969.0
a33cd2473556d2cdfd77ba3d2fa78349,abnormal,3,0,3,2,False,False,62946.0,62016.0,52662.0,74160.0
a340f6b48cac7f561fd07809cb4bed96,abnormal,4,0,4,4,False,False,374004.25,69420.0,8137.0,1349040.0
a3411581087b63a70a2bdba24e55ff4e,abnormal,15,0,15,7,False,False,59411.6,3162.0,240.0,368676.0
a36676c626033075ddd0487e29489cc2,abnormal,6,0,6,2,False,False,283129.5,266302.5,51054.0,550058.0
a3942b8f01dd54858add21b966d3986e,abnormal,6,0,6,2,False,False,311769.83,278284.5,118800.0,587424.0
a398135fec0dd0d8239d5b6d8d24454b,abnormal,3,0,3,2,False,False,29392.0,24003.0,21357.0,42816.0
a3ca1ceec50e701e7f1a5d09a7827ee4,abnormal,4,0,4,2,False,False,801863.25,953650.0,123137.0,1177016.0
a3d5137d2817fa1a7497352d16b31b20,abnormal,4,0,4,2,False,False,311309.5,346674.0,86130.0,465760.0
a3dcbf04ea4cf926b6efb6ac526d5ff9,abnormal,9,0,9,4,False,False,196215.56,281536.0,14157.0,372744.0
a3ddfa552c6cd137bf46a5db89f5a2ce,abnormal,6,0,6,3,False,False,91449.67,41838.0,26122.0,343900.0
a3edf89d922032beef7cf3484ab9fe54,abnormal,6,0,6,3,False,False,325003.67,338957.5,7665.0,690890.0
a3f5ac68c8d1b1805be21f18c47fc186,abnormal,8,0,8,3,False,False,39420.12,24064.5,9648.0,166383.0
a40a4c976a48e21acd6a2cd3d71cac4f,abnormal,6,0,6,3,False,False,170884.0,170724.0,59148.0,278800.0
a43d700412de5ab25b800bd283e1baa2,abnormal,5,0,5,2,False,False,173547.8,226192.0,60256.0,268450.0
a43f966e46d3da7816d35145890ad03d,abnormal,5,0,5,2,False,False,121892.2,16592.0,8697.0,373248.0
a45407e8b1daab75a1217b65de60c29d,abnormal,8,0,8,3,False,False,248387.12,216467.5,10208.0,476392.0
a458bca92aaba1cea1793c8e1cfde5f3,abnormal,19,0,19,6,False,False,110758.84,37720.0,4947.0,919005.0
a47a8dbe0f480f7ce3abfb0b9d880afa,abnormal,5,0,5,2,False,False,23544.0,22560.0,19570.0,30464.0
a48969d2e8f19426f60949458d6fa1b8,abnormal,3,0,3,1,False,True,675320.67,645012.0,616550.0,764400.0
a48b09b94137d7500ba23cfc72c990fa,abnormal,9,0,9,4,False,False,132570.89,2499.0,1505.0,411804.0
a4a33bef990b7fac8876f44f26b06bbb,abnormal,8,0,8,3,False,False,157875.38,140081.0,25308.0,352320.0
a4ad3a5adfa6a22174acffb59997e1ee,normal,0,0,0,0,False,False,,,,
a4b41309551add1836dd1f0e96e7c594,abnormal,4,0,4,3,False,False,104815.25,105945.5,89590.0,117780.0
a4bc2e88a21b0cc1bb3a7b6645c739f2,normal,0,0,0,0,False,False,,,,
a4bf2029dfdd687dd7b4567b159a4121,abnormal,7,0,7,3,False,True,172142.71,110346.0,5445.0,435010.0
a4c71296aa5ce5ac4f5d4b244dfd0a11,abnormal,5,0,5,2,False,False,336899.8,399681.0,82320.0,604707.0
a4ce4aaed43f660e1055d6f30e4da63f,abnormal,6,0,6,3,False,False,30715.5,13677.5,10918.0,80154.0
a4e2a5e09a4a18d87207901815df0475,abnormal,4,0,4,2,False,False,92968.0,58575.5,48768.0,205953.0
a4e387b2c288194660b20ca771d16ad6,abnormal,6,0,6,2,False,False,293683.0,283168.5,128205.0,528990.0
a4eb90d17d4a800bd78648862de879fa,abnormal,6,0,6,2,False,False,168295.33,144031.5,46754.0,347190.0
a4fc9faa46af26c5fc462772d88d0af3,abnormal,19,0,19,9,False,False,199118.0,166734.0,11792.0,627984.0
a52d6fa5d0fad69daf5cfadd32115bf1,normal,0,0,0,0,False,False,,,,
a534ccaabf172ce675cfa296a26656de,abnormal,7,0,7,3,False,False,201059.57,134736.0,28620.0,485616.0
a537060564b5e08c80f46362deb565e8,abnormal,19,0,19,6,False,False,255762.11,88200.0,19035.0,744399.0
a54dadab8f6cc14103878d99092d2b7a,abnormal,7,0,7,2,False,False,26077.71,21158.0,8760.0,57276.0
a593d4aa6d8d9dbe2139c6c3889535eb,abnormal,12,0,12,6,False,False,124395.17,71903.0,15015.0,496604.0
a5a2a3b02ccb9c3145d553d269e4b0b8,abnormal,8,0,8,3,False,False,177658.25,68730.0,10048.0,443104.0
a5a68ae68617df1b6362ed51973e1338,abnormal,10,0,10,4,False,False,254902.0,94162.5,15544.0,757908.0
a5ac5264ecd49bbdb58c894c100eacdf,abnormal,10,0,10,4,False,False,336370.1,263085.5,43758.0,647648.0
a5ae36dfad78f8734605d73781b02f3b,abnormal,5,0,5,2,False,False,191633.4,250101.0,35552.0,337280.0
a5b4a4f3010769a3601c845983ee0826,abnormal,8,0,8,5,False,False,162567.12,81153.0,10573.0,391680.0
a5bdf59cbdda3f531f057d3c1840fef1,abnormal,8,0,8,5,False,False,51300.25,42875.0,11122.0,121125.0
a5beb1c44c49e97f1f46e5071c5c38e8,abnormal,14,0,14,5,False,False,84527.64,67050.5,21360.0,230868.0
a5c5bca04df42e9949aa48cee3ad67c7,abnormal,13,0,13,6,False,False,294964.23,225400.0,99161.0,599650.0
a5c7b10a238b041fc8d10afd9cc12569,abnormal,8,0,8,4,False,False,31547.62,31697.5,2058.0,100977.0
a5ce7ccf65c0e89f0a4f31e252d5b071,normal,0,0,0,0,False,False,,,,
a5dd0a76a5253cbd34b9365c78e44110,abnormal,4,0,4,2,False,False,283941.25,229219.5,55430.0,621896.0
a5dfcc60924b58142b382c753ef1c07e,normal,0,0,0,0,False,False,,,,
a5e363abd637698b9113973ccd5c663e,abnormal,6,0,6,2,False,False,90875.17,94385.5,13944.0,154905.0
a5e985887d6db5408eeac67bcdf771c6,abnormal,8,0,8,3,False,False,110190.12,102955.0,11286.0,287885.0
a5ef63166c0cc0acf772a7f06ef54fac,abnormal,7,0,7,3,False,False,226437.57,141372.0,79296.0,552278.0
a616c36ec79f99dfa8ec9eafaf12ecfa,abnormal,4,0,4,2,False,False,19783.5,19775.0,18886.0,20698.0
a61be8051f02ec494ed40696e988f6d1,abnormal,5,0,5,3,False,False,248647.2,350056.0,13566.0,460161.0
a62197f08a9d755712d126c4c8c93541,abnormal,6,0,6,1,False,False,39003.67,33907.0,30380.0,66024.0
a629d0f2bd9dfde3991ef4aec75e1c8e,abnormal,13,0,13,7,False,False,239497.08,38272.0,18532.0,1552200.0
a6309e7373450069baaec7802ec8b244,abnormal,5,0,5,2,False,False,233862.8,193800.0,71316.0,495840.0
a6317cca482e4c5e020ab5e4c94fe921,normal,0,0,0,0,False,False,,,,
a63b427ef8132749b8f71c66983d3231,abnormal,8,0,8,4,False,False,281765.0,295967.0,112176.0,464520.0
a6541e2d7a4e09d6c1bdee83632bf781,abnormal,11,0,11,4,False,False,240778.18,207948.0,50960.0,381195.0
a655a71a3cddecea703e954e8e23cccc,normal,0,0,0,0,False,False,,,,
a657a8af7862982643a765365d051f81,abnormal,3,0,3,1,False,False,91358.67,93500.0,86670.0,93906.0
a65b19420087f574983a8adec9906c16,normal,0,0,0,0,False,False,,,,
a66524d3706dae7e6bb8f669cbea99d6,abnormal,4,0,4,3,False,False,122025.25,126350.0,28380.0,207021.0
a673256f7b975e11bf89dbb29f4565b9,normal,0,0,0,0,False,False,,,,
a673c55470f775d286249e189896c376,abnormal,7,0,7,3,False,False,242945.0,179349.0,63433.0,599725.0
a68dc259352540652c16a30b4ad4c99f,abnormal,10,0,10,5,False,False,208346.9,202282.0,52569.0,431400.0
a68ee14d5193f59a98c5ff0e150c8174,abnormal,21,0,21,8,False,False,396200.0,211060.0,30102.0,2111220.0
a692a1afd469e83448d1148facc77de7,abnormal,7,0,7,4,False,False,132208.86,78570.0,26925.0,560898.0
a69592721a2c215f1c77481e0eaf8751,abnormal,8,0,8,3,False,False,230879.25,142598.0,38056.0,501060.0
a696b0fbd24620e5f86b377968175fd9,abnormal,5,0,5,3,False,False,149559.0,124261.0,3354.0,367422.0
a6a3e8472da94404496b18198004f698,abnormal,6,0,6,3,False,False,442883.33,477453.0,116493.0,794592.0
a6adbed163583ebad6e6f761611d02ef,abnormal,5,0,5,2,False,False,234987.0,100683.0,83259.0,460203.0
a6b6e002c7d2d78f98fe443c1f9af2b4,abnormal,6,0,6,4,False,False,408803.67,402551.0,34989.0,818118.0
a6bcb9f5d59588d699c5aa83cd3039c7,abnormal,17,0,17,6,False,False,82111.47,76560.0,5183.0,262892.0
a6be2e43de24f6b2d0b1f908f181cbe5,abnormal,6,0,6,3,False,False,242846.33,193677.5,23154.0,566108.0
a6dc083013ac8108bd13fbac28921290,abnormal,3,0,3,1,False,False,71520.33,72358.0,48792.0,93411.0
a6df9baa059b2fd400ee2e0149ae5b87,abnormal,5,0,5,2,False,False,181840.8,227696.0,54102.0,304668.0
a6ee1589384c418846cc3375e8f0bc45,abnormal,5,0,5,3,False,False,13406.8,15624.0,5650.0,18032.0
a6f3b580b96c7912c0c0cbc15da4c9ab,abnormal,7,0,7,3,False,False,92577.14,92664.0,28684.0,159636.0
a71462e25ea94178b2ff97939d7af7ec,abnormal,6,0,6,2,False,False,160896.33,133822.0,49440.0,333645.0
a722712967b38150cee4f85dad4230ed,abnormal,6,0,6,3,False,False,63323.0,18715.5,13910.0,174115.0
a75ffc1c7b9a233ab869e52d79cefefb,abnormal,18,0,18,7,False,False,261420.56,91881.0,18048.0,722939.0
a76703a9a5a6459ca0c4ba8407403bc0,abnormal,4,0,4,4,False,False,173585.25,165954.0,11118.0,351315.0
a76bd15bd83fe8e44ccdfd058d42d4aa,abnormal,7,0,7,4,False,False,75725.14,75750.0,14620.0,116963.0
a77b3f35ace5807fb30ea0515c60d3b6,abnormal,4,0,4,2,False,False,249153.5,297567.0,58280.0,343200.0
a77bfe2433adc567669ac27ed874b0ed,abnormal,12,0,12,5,False,False,185549.75,95430.0,23217.0,548024.0
a782b1a571da89222c8085b9fb6b1df5,abnormal,11,0,11,4,False,False,327791.0,396480.0,11515.0,769189.0
a786432eef4d2c8117ae53da8648cbce,abnormal,6,0,6,2,False,False,232493.5,234505.0,46104.0,424359.0
a78e6dc6978392015fa78795c0aea8a7,abnormal,14,0,14,5,False,False,245397.0,76632.5,18444.0,908050.0
a7911c0364a00437dc27f8db4b95980f,abnormal,5,0,5,2,False,False,191031.2,123496.0,78521.0,337535.0
a79d59f6ca2b10cf2d51ed7ecbbb8bef,abnormal,4,0,4,2,False,False,12200.5,12205.0,11960.0,12432.0
a7ae31b4052444b8f576b657b1753445,abnormal,5,0,5,2,False,False,59968.0,52725.0,22022.0,114708.0
a7b19dd41e8243e343e7a3fde69b9c3e,abnormal,4,0,4,2,False,False,177176.5,168752.0,30267.0,340935.0
a7d58a3553702199d37dd2e1279ddadf,abnormal,5,0,5,2,False,False,100004.6,108324.0,27645.0,184756.0
a7dae5a9e0ee3afd267ae9a5ebca1c11,abnormal,6,0,6,4,False,False,99878.83,48461.0,1978.0,364182.0
a7e65af70639bcbe5abc17ed529ab765,abnormal,7,0,7,3,False,True,485788.57,303408.0,112216.0,957372.0
a7eaf74178c4aca851e331b2c8503ff1,abnormal,8,0,8,4,False,False,124399.0,76335.0,6720.0,334950.0
a7edba318fa3305ec4118eb7e0091140,abnormal,5,0,5,2,False,False,4014.8,3408.0,1156.0,8670.0
a7f1d66c0930fc471b6723dec24d707f,abnormal,6,0,6,2,False,False,27337.5,26383.0,12702.0,45385.0
a8234567b95c404365745b9fb0f4859e,abnormal,4,0,4,2,False,False,65668.75,73001.5,15104.0,101568.0
a824f7f43552c3af8d846dd1cc0f0c11,abnormal,13,0,13,7,False,False,175660.77,156640.0,17545.0,411680.0
a838e79ba2e9716bc790a76f7ae1c94e,abnormal,10,0,10,5,False,False,176447.4,77964.0,8670.0,472340.0
a83a592882c4d218a715673ee31cc5fb,abnormal,3,0,3,1,False,False,99427.0,103571.0,85215.0,109495.0
a84777df727ba6ea0d556e914e83e530,abnormal,5,0,5,3,False,False,13748.4,10918.0,9120.0,26400.0
a847bdede3ab373ca4e2ab6199dc569f,abnormal,6,0,6,4,False,False,13120.5,7528.5,5418.0,26244.0
a84c5a7adea6bbde88dc2ac6747ca443,abnormal,4,0,4,2,False,False,184401.75,122927.5,66766.0,424986.0
a84fae30f42f9978cfd9fcaf91544792,normal,0,0,0,0,False,False,,,,
a856ceb08a968a90562df73417bdc1d8,abnormal,4,0,4,2,False,False,213212.75,156383.0,122180.0,417905.0
a8712873fe9accd992e9b306cf2d1f25,abnormal,8,0,8,4,False,False,161529.88,101028.0,58969.0,445816.0
a8750c349b5dac834473304bad0f2877,abnormal,6,0,6,3,False,False,184430.33,182432.0,15372.0,377916.0
a87dc1505bcdb64c00c84b096799bdab,abnormal,5,0,5,4,False,False,160124.4,56511.0,1575.0,362231.0
a8845638da074eb2496b1fd2dda75071,abnormal,3,0,3,1,False,False,72105.33,71463.0,65149.0,79704.0
a8887bae37bd218a89be7a6e2dc1499b,normal,0,0,0,0,False,False,,,,
a8ae76a6902d594f90596f039ffca026,abnormal,7,0,7,4,False,False,669403.86,705019.0,101386.0,1136889.0
a8bc630e9b4f2cc1a94468143ed35428,abnormal,6,0,6,2,False,False,225606.17,212279.0,56563.0,407364.0
a8d3a6a443563d90270c2d0c790b925f,abnormal,4,0,4,2,False,False,133396.5,65445.0,60984.0,341712.0
a8d64d95235580532652f69ce634b687,abnormal,5,0,5,2,False,False,238934.8,289590.0,65536.0,393420.0
a8db71e482a4dc2e83a1f5eecd9568cc,abnormal,6,0,6,3,False,False,79110.17,23326.0,7665.0,381612.0
a8dd1496dde8d6f63316c8ec2a823b38,abnormal,8,0,8,4,False,False,118075.0,94262.0,53795.0,346212.0
a8f1ef14b75d62f292591997909c258c,abnormal,3,0,3,1,False,False,92217.67,80605.0,71500.0,124548.0
a9029c62f52fcd875b4e40d85b0d3b2a,abnormal,9,0,9,5,False,False,365666.44,232521.0,130410.0,765040.0
a90c09c0b59115253c982074694b3972,normal,0,0,0,0,False,False,,,,
a9109d137db24859730111a8b8c3996a,normal,0,0,0,0,False,False,,,,
a9141690efddf683c82a9d90af347ab1,abnormal,6,0,6,4,False,False,143139.0,148127.5,17034.0,249290.0
a914589fe6b948522475f7bf7e7b1136,abnormal,10,0,10,4,False,False,130859.2,54117.0,24400.0,362780.0
a93d6d3861a432fd2d85d8b41448daf4,abnormal,5,0,5,2,False,False,256140.2,148780.0,126824.0,491730.0
a946684583c7bf346b18e1d69d17e9cf,abnormal,12,0,12,5,False,False,116078.92,122942.0,23556.0,199962.0
a94ecf839c2405342ebcb57648444e2a,abnormal,18,0,18,4,False,False,32167.39,21771.0,11711.0,122419.0
a95d641ac8ee1a9f186cd0b8c0dca7ef,abnormal,6,0,6,3,False,False,106000.83,62127.5,1628.0,286200.0
a961a6c1687700c95124510bbffef266,abnormal,12,0,12,6,False,False,301469.67,397162.0,8103.0,750486.0
a9833de8a15ca2840b3bf23d4f6226ef,normal,0,0,0,0,False,False,,,,
a98bf3259fda4941663b88ff1efc7625,normal,0,0,0,0,False,False,,,,
a99265d8c1d5b7759b7be824d3828ae5,abnormal,4,0,4,2,False,False,363418.25,299123.5,200970.0,654456.0
a995b7251057480098c9c9d34b615b2a,abnormal,8,0,8,4,False,False,622637.0,370361.5,310651.0,1212834.0
a99a720cab88405baaf789e85ce20c45,abnormal,9,0,9,5,False,False,109815.56,69324.0,1760.0,228420.0
a9a29ae5fc19afe7e720cf97be94160f,abnormal,6,0,6,2,False,False,233365.67,213637.0,113668.0,383362.0
a9a8fc1deb941099c0b729d566926d5b,abnormal,3,0,3,1,False,False,524047.0,536580.0,494137.0,541424.0
a9ab4843564feecfc052a300af02cf71,abnormal,5,0,5,2,False,False,133515.0,93522.0,43659.0,253722.0
a9ace70f0331bf293ca1fb56f40af36e,abnormal,9,0,9,4,False,False,179680.89,117360.0,15625.0,422752.0
a9b3444f50e7ab612641a6fe1e4f8cb9,abnormal,17,0,17,5,False,False,70991.18,21777.0,3480.0,276028.0
a9cc2f2d386fc3de3d20da289cdce689,abnormal,8,0,8,5,False,False,92209.12,81067.0,7644.0,199230.0
a9d588e278a7f8a681c1160a32e1673a,abnormal,8,0,8,3,False,False,119723.0,50533.0,14355.0,264813.0
a9d62204bf898b94d63107c6f51893ca,abnormal,5,0,5,2,False,False,216547.2,129580.0,78705.0,392974.0
a9ed4b5aaf129325369ebae1cfd5e321,abnormal,11,0,11,3,False,False,536697.18,501515.0,4736.0,1272639.0
a9f2816d377349f221a96f46c728d36e,abnormal,10,0,10,5,False,False,396409.1,66377.0,6800.0,1758284.0
aa08370eb6114a474adfd0accb6a7238,abnormal,5,0,5,2,False,False,131168.4,67818.0,48231.0,255448.0
aa0a24df022cd97cc1dff4f7ea2131cc,abnormal,4,0,4,2,False,False,87890.0,96834.0,39162.0,118730.0
aa12ea6652b3b8bea37df74e4e127e8f,abnormal,8,0,8,3,False,False,81623.12,62850.0,10998.0,205920.0
aa1ebd488f7f3cab0aa784073b0a9d70,abnormal,7,0,7,4,False,False,39152.86,19844.0,6930.0,113710.0
aa3535cb70d8142fdbdac165de546a8c,abnormal,14,0,14,5,False,False,121076.29,25896.0,5320.0,430464.0
aa4370e72e37cb955a24369f7fc9f35f,abnormal,9,0,9,4,False,False,165159.67,121940.0,48384.0,438009.0
aa7fd75c84c03f4eec5b9e0468043d68,abnormal,8,0,8,4,False,True,241062.5,115815.0,55096.0,550206.0
aa84f25fcbe7ca4ff31053a0a7de0f9a,abnormal,6,0,6,2,False,False,240113.5,204973.5,60291.0,461440.0
aa89a83d50a147e44d6dc72893f01fef,abnormal,15,0,15,5,False,False,77007.67,38535.0,19600.0,309624.0
aa91a19616d9ea16284536f902a58b92,abnormal,4,0,4,2,False,False,166998.25,184616.0,109626.0,189135.0
aa974c2b6ea5fcf05bab269a9c9d4437,abnormal,8,0,8,3,False,False,548860.25,516489.5,50151.0,1514785.0
aaae825ac199f7a07b03af4622b1746e,abnormal,3,0,3,1,False,False,288631.33,296758.0,193695.0,375441.0
aab340b68fb6481774913dd75523e15e,abnormal,6,0,6,4,False,False,203038.5,173449.0,44254.0,412091.0
aabbf5ce0173007aaba2e6df836b10ea,abnormal,15,0,15,7,False,False,113708.93,66325.0,11600.0,338675.0
aabc4acd6a8f6c27828a11701675a6e7,abnormal,14,0,14,5,False,False,128174.64,31388.0,13680.0,673794.0
aac515fae9d93ada4abddab6b1118aae,normal,0,0,0,0,False,False,,,,
aac7be2bd0b4a2eeea474ffeac78ad13,abnormal,17,0,17,7,False,False,163859.53,159354.0,18048.0,329400.0
aacb56677ce974f054fdb59c5c39af10,abnormal,6,0,6,3,False,False,32648.33,4615.5,3245.0,90812.0
aad2e740715e926cee0a56a56efa26db,abnormal,7,0,7,2,False,False,300260.29,44240.0,20691.0,899146.0
aadca4c2d680af0c23325b0f16cedb97,normal,0,0,0,0,False,False,,,,
aae2387bb66db167eed5051e14ca784c,abnormal,6,0,6,3,False,False,237013.67,238982.5,38640.0,376915.0
aae2c7e023bb6b4d9df30fda884d7b15,abnormal,5,0,5,2,False,False,241933.6,321480.0,69120.0,392280.0
aae8f5574784d4343ab50b4f0cef671d,abnormal,6,0,6,2,False,False,235210.0,217403.5,53599.0,456672.0
aaef6f8db63b90e24660b8d788103ff6,abnormal,11,0,11,6,False,False,133443.55,97500.0,16830.0,413706.0
aaf7eca124ab4fd9fc5b7d842a0dfca7,abnormal,3,0,3,2,False,False,16226.67,16625.0,14124.0,17931.0
ab11a974837f5313912804939bfae79e,abnormal,20,0,20,5,False,False,252278.6,24934.5,8918.0,1214844.0
ab1b8d362de0b272def82e68b7bdc718,abnormal,3,0,3,1,False,False,399075.33,405990.0,367780.0,423456.0
ab2f860cddd3f85410d8cbc3280dbdd6,abnormal,7,0,7,3,False,False,286530.57,185029.0,117045.0,482575.0
ab2fa61dbfb45bfa62491cd3240a37eb,abnormal,5,0,5,2,False,False,161876.2,87290.0,82075.0,321750.0
ab37cbf66e86936027846e53ac03e3c0,abnormal,5,0,5,3,False,False,108313.4,27674.0,12360.0,395136.0
ab39f5256d8cd84c1704757c4ae2b49c,abnormal,8,0,8,4,False,False,65050.12,45827.0,12096.0,174618.0
ab4146d29b600f971b22f88b9852ae0a,abnormal,10,0,10,5,False,False,70703.3,85726.5,23383.0,133728.0
ab51ed37f90ea78c93f1e92aa8a9d749,abnormal,8,0,8,5,False,False,26274.62,6309.0,837.0,111192.0
ab5a33b1a98f405f60d41b563e741164,abnormal,6,0,6,3,False,False,131631.5,124991.0,42826.0,193325.0
ab659f1080296ba99ca110763beb2f72,abnormal,11,0,11,4,False,False,155620.73,54718.0,19822.0,503076.0
ab719171f74e1469b2cb50645ff6b7c7,normal,0,0,0,0,False,False,,,,
ab730707fed0edaf38a9b788b226b9f2,abnormal,20,0,20,6,False,False,166449.25,122774.5,16576.0,550128.0
ab7c4fd74b4be8ccb135dad2ae7de2c3,normal,0,0,0,0,False,False,,,,
ab8276dba30d7268b96c07a0fff9bbdb,abnormal,14,0,14,5,False,False,275095.64,140226.0,9344.0,976640.0
ab92572887da3377ccc7d68f10407b5d,abnormal,4,0,4,2,False,False,282121.25,321884.5,96390.0,388326.0
ab9d58c665c19627affd36ec20815090,abnormal,10,0,10,5,False,False,98416.5,92383.5,8280.0,254334.0
aba445ebea68177bc4f3a519ee27daff,abnormal,8,0,8,4,False,False,185155.12,101707.0,34235.0,442093.0
aba91dac22aa6142a169a002c81fb49e,abnormal,7,0,7,3,False,False,229779.43,86944.0,17935.0,454701.0
abac6c7bdaf2149035157fd02883dbcd,abnormal,9,0,9,4,False,True,129131.0,68580.0,9540.0,335392.0
abad0d103508405be6dceb70b2b3d5ec,abnormal,5,0,5,3,False,False,370008.6,525084.0,26676.0,619830.0
abb91bdaa9d02f50bde1eaa88e13afab,abnormal,9,0,9,5,False,False,112905.56,72094.0,15780.0,397838.0
abef2c15f19cc4822c9aac666cafe144,abnormal,3,0,3,1,False,False,11117.0,10366.0,10010.0,12975.0
abffa843a8032bc9d0fd85b85ee99ca3,abnormal,17,0,17,5,False,True,81891.24,18624.0,775.0,346296.0
ac023841616ad1f665c0ce60ba5ed7b5,normal,0,0,0,0,False,False,,,,
ac07b01154a498c1e5bec041f620fa96,abnormal,4,0,4,2,False,False,284405.0,346562.5,52437.0,392058.0
ac0d5180cbac66eead6195728563d5e2,normal,0,0,0,0,False,False,,,,
ac0f6a69e78c3adae6905693914ba80f,abnormal,7,0,7,4,False,False,189377.71,133907.0,26274.0,462375.0
ac1d94eefdeeb76ee96e56b8856f7209,abnormal,22,0,22,7,False,False,64311.09,55277.0,14950.0,119000.0
ac2383f94e250feb34c72b4851cd4a11,abnormal,6,0,6,2,False,False,246720.0,220380.0,80088.0,470288.0
ac2a615b3861212f9a2ada6acd077fd9,abnormal,8,0,8,5,False,False,136109.12,63819.0,19481.0,357589.0
ac3e0af6a22d73ed96f05d43037a1e7a,abnormal,4,0,4,2,False,False,508876.0,610796.0,70587.0,743325.0
ac48248c4e0441f92f2e5b55048bf73f,abnormal,3,0,3,1,False,False,135081.33,129720.0,98592.0,176932.0
ac74ec4ce879ddfe2cb00be038821457,abnormal,8,0,8,5,False,False,113328.25,155882.0,12626.0,197938.0
ac752b0b8cc19def83152828e39ddc71,abnormal,4,0,4,2,False,False,134642.5,124568.0,42966.0,246468.0
ac77155e8aea752d32fb1448c99a533b,abnormal,7,0,7,3,False,False,165212.71,97328.0,49932.0,314175.0
ac84f263701e0d8668a47ac3e59e4e48,abnormal,10,0,10,5,False,False,99960.8,46086.0,13160.0,251712.0
ac98e2021c6cb0e87d323a712ae1276d,abnormal,6,0,6,2,False,False,387192.17,375673.5,59998.0,745416.0
acb556c64a4b230f77a02103b34afe7a,abnormal,10,0,10,4,False,False,313490.9,247525.5,96992.0,647085.0
acc6529ff7e03c2a225fd1ddb5319db8,abnormal,9,0,9,3,False,False,159938.11,52200.0,18711.0,807694.0
acc7065e73590820d1fa944488092d59,abnormal,6,0,6,3,False,False,193079.67,54863.0,33180.0,556192.0
acd377b981077dfd46028b37d3efb502,abnormal,12,0,12,5,False,False,35150.75,29971.5,3978.0,87175.0
ace398a669b2e39eb12fdd80d5e526a1,abnormal,9,0,9,4,False,False,302674.11,151704.0,60836.0,673836.0
acf300f2bafea4a7050e1189c1419c7e,abnormal,6,0,6,2,False,False,226259.83,218823.0,131625.0,373626.0
acf77cd6d5785f7f95c041f350c9d017,abnormal,23,0,23,7,False,False,208354.87,32523.0,8460.0,1753405.0
acfda6253dc16e15950cbd4622395528,abnormal,6,0,6,2,False,False,186099.5,172351.0,58395.0,339014.0
ad0fa9668da66d13e4d8cdbd7d9b215c,abnormal,11,0,11,3,False,False,66646.82,64367.0,37851.0,159280.0
ad14d47f4b21f0c9d8f47c9570e6135e,abnormal,6,0,6,2,False,False,205594.5,204665.0,41412.0,391035.0
ad21e3f856bd69daf2ee8b6699bd32cf,abnormal,6,0,6,4,False,False,22152.67,3272.5,2652.0,67932.0
ad24d94862a28b03fed0deb2030a311d,abnormal,6,0,6,2,False,False,234340.0,193417.5,88179.0,463506.0
ad2a12be7e44277e041c435e8b526632,abnormal,12,0,12,3,False,False,32513.33,26370.0,14651.0,56232.0
ad52065fa03e78f1a4d5046e8434ec1f,abnormal,7,0,7,5,False,False,187546.0,281274.0,11650.0,316050.0
ad58ac84f676ff6813a5df7a0057829b,abnormal,10,0,10,5,False,False,170250.2,76122.0,27263.0,452907.0
ad59955ebf23a15362787e6407e31deb,normal,0,0,0,0,False,False,,,,
ad65ef4667adaa5e3bc774ad80158540,abnormal,5,0,5,4,False,False,110191.2,119075.0,58916.0,149778.0
ad6e1fe898fb41a7c76718428f7c80a9,abnormal,7,0,7,3,False,False,212415.0,159132.0,7134.0,444559.0
ad74c895feae8a322c54bbce08626812,abnormal,9,0,9,4,False,False,93703.11,57057.0,35136.0,338896.0
ad7ccd5224c39c8f0c6675044e95f185,abnormal,9,0,9,6,False,False,118357.44,48697.0,13728.0,372761.0
ad86f42123384e2441cce36347aa7d1a,abnormal,13,0,13,7,False,False,182589.08,165093.0,20124.0,468494.0
ada5ba2e729f9b4518de5a6bc31e1eca,abnormal,8,0,8,3,False,False,409679.88,268551.0,116958.0,845598.0
adaf0261d0c111e5928ba94ab6b36e2d,abnormal,4,0,4,2,False,False,271100.25,321237.0,73437.0,368490.0
adbdf73b309ebdd0b0adcbcfed6c88f7,abnormal,3,0,3,1,False,False,330410.67,308772.0,294216.0,388244.0
adc01b67d1d426c270e7d2f26bfa71ef,normal,0,0,0,0,False,False,,,,
adc6f4b5339f7178055838776bf49dd7,abnormal,3,0,3,2,False,False,78227.67,76665.0,68502.0,89516.0
add6e79a3c93a11bdd9a74886b480840,abnormal,7,0,7,3,False,False,135402.43,58776.0,5490.0,304878.0
adec73c9152d88ac38c830602cd8b1ad,abnormal,3,0,3,1,False,False,329930.0,330648.0,305578.0,353564.0
ae127045cca13da6dbfee11df1f08c7e,abnormal,15,0,15,7,False,False,243983.47,89568.0,20739.0,748224.0
ae2ee40dc4a0a53a87e85f1b3f9e159a,abnormal,9,0,9,4,False,False,276104.44,110827.0,11741.0,736225.0
ae3382840414ce4de46c3827674b9709,abnormal,16,0,16,9,False,False,258963.06,184569.0,71919.0,637362.0
ae36d480c2a2fc78c9ff95f4266bd059,abnormal,8,0,8,3,False,False,120486.0,129948.0,8208.0,247988.0
ae5cec1517ab3e82c5374e4c6219a17d,abnormal,5,0,5,5,False,False,489888.8,622595.0,28431.0,842295.0
ae6dd2d7f46bb9d1d2f9e4a9917dc151,abnormal,4,0,4,2,False,False,301777.5,367386.5,62178.0,410159.0
ae7e40fec9afc78a66a48232532faa07,abnormal,6,0,6,4,False,False,25859.17,10715.0,3744.0,100473.0
ae93342f946e59b019b3554610c6f760,abnormal,6,0,6,2,False,False,64056.0,58509.0,9514.0,102272.0
ae995f3866b1bd3f06dc4d713407a0be,abnormal,6,0,6,2,False,False,274804.0,357638.0,19594.0,460596.0
ae9d5b3baccd0f0f32f178b85aa868ff,abnormal,10,0,10,5,False,False,220480.0,215118.0,72628.0,404992.0
ae9d832badb7dcd02d2e8cfbcf128ce6,abnormal,3,0,3,1,False,False,387237.33,408432.0,288750.0,464530.0
aea448a9f33bf9919de6c74e0aa488e7,abnormal,5,0,5,3,False,False,1236734.8,1570144.0,85228.0,2310946.0
aef156a41ae971bfabc47f28d1c81dc9,abnormal,4,0,4,2,False,False,575173.75,691390.0,6844.0,911071.0
aefca6fbdab82ce59b2c7cceed75d062,abnormal,9,0,9,3,False,False,428699.33,479479.0,13760.0,572792.0
af201da8a5f8354c4c3291995d5cbafd,abnormal,6,0,6,3,False,False,671213.17,540476.0,119028.0,1505120.0
af274ab115b34a7c0eca41ed997fd214,abnormal,3,0,3,2,False,False,331400.33,354333.0,231686.0,408182.0
af3c3d9f70164856281f8f3444483100,abnormal,7,0,7,3,False,False,53918.86,54912.0,5865.0,134082.0
af4ab9c77eca05d706b877bb52a23303,abnormal,3,0,3,1,False,False,509498.0,541044.0,423852.0,563598.0
af4c1f381399cfac17a6e0b983261a4e,abnormal,6,0,6,2,False,False,338333.67,330873.0,119394.0,603192.0
af4f5a12b32b5d76951f3994cd7e9ad6,abnormal,19,0,19,6,False,False,116208.79,64512.0,4712.0,397635.0
af545c8cabc4dec52e5dbc7698876869,abnormal,3,0,3,2,False,False,168709.0,132762.0,10665.0,362700.0
af66878efd9bd33140109790f78ca297,abnormal,5,0,5,2,False,False,401677.6,501480.0,54880.0,737272.0
af793b61efb4ac8fba4bc62475506e23,abnormal,16,0,16,6,False,False,742423.25,366934.0,17907.0,2845040.0
af7bc6de796b5a2399c962fead126547,abnormal,4,0,4,2,False,False,64725.0,75777.0,5320.0,102026.0
af9a9224cf1f0dd1bacdb95a1b8ea36b,abnormal,16,0,16,3,False,False,41779.5,3122.5,780.0,213993.0
af9e637ceefdd477dd305fe750ff75b5,abnormal,9,0,9,4,False,False,130910.11,128860.0,14464.0,286425.0
afa4de6570c31504ba4b77978377ccc9,abnormal,4,0,4,2,False,False,772608.5,947434.0,88832.0,1106734.0
afb41a2217d37b54f0427fc1c69336be,abnormal,6,0,6,5,False,False,155815.83,182498.0,4686.0,259434.0
afb6230703512afc370f236e8fe98806,abnormal,17,0,17,6,False,False,156454.82,115401.0,94563.0,349236.0
afb8601b20f73b8ca44fbb72ceb39a1a,abnormal,9,0,9,2,False,False,76900.67,83352.0,2795.0,138580.0
afb8a317a1c70191a4169cf5dd4e1da6,abnormal,5,0,5,2,False,False,281651.0,160160.0,140494.0,517598.0
afcbed04ed7232fb28279ef81f7c4bc1,abnormal,8,0,8,4,False,False,44823.5,32970.5,8904.0,131028.0
afd8ce1c8c525815a5f2709dcf072c70,normal,0,0,0,0,False,False,,,,
afe9c9c0bcc2c72f4fab87d9bc63cc8e,abnormal,7,0,7,2,False,False,540763.29,738719.0,57603.0,806133.0
afea04a48a160dbd7418423e6bc4f243,abnormal,6,0,6,3,False,False,817679.83,748679.0,226182.0,1416024.0
aff45c4a432e02d85ff83fc3de55cbb9,abnormal,14,0,14,4,False,False,262375.5,216712.0,41250.0,617652.0
b0065509f042f4a2ac97481b6c7c0dc5,normal,0,0,0,0,False,False,,,,
b01037a08ba72220deddf845bfd02466,abnormal,11,0,11,3,False,False,103509.82,2666.0,648.0,412875.0
b022e92b9271babbc6a7a734fd7b77cc,abnormal,4,0,4,2,False,False,40741.75,37844.5,858.0,86420.0
b0262bc4aa5a47704a3c3d1cbc150bd4,abnormal,8,0,8,2,False,False,440122.62,557310.0,4067.0,646350.0
b065d3b4da92b8015b47224341661fd8,abnormal,11,0,11,5,False,False,1045383.82,1003932.0,443244.0,1652502.0
b06c6e447980a2561175026ad10ae04d,abnormal,7,0,7,4,False,False,213400.14,118961.0,15576.0,621068.0
b08d54426c6af35ea469ecb63d047fbc,abnormal,10,0,10,4,False,False,225239.5,204505.0,17346.0,500917.0
b0a52e18d443efb28d082f0ae8e7b893,abnormal,13,0,13,5,False,False,349805.85,226801.0,32768.0,963000.0
b0bef1b57611726c4b0c636264fe5061,abnormal,6,0,6,6,False,False,199343.0,89021.5,22700.0,791282.0
b0c015954f4b80fddd0ed4d105e9e434,abnormal,6,0,6,2,False,False,259638.17,255525.0,79680.0,466015.0
b0c179bc7f39eeb0add4d6e00e51732c,abnormal,7,0,7,3,False,False,168729.43,85833.0,9639.0,350752.0
b0c31d017d7fb817457a7d9a49b03d6c,abnormal,5,0,5,2,False,False,122939.2,110160.0,71583.0,225765.0
b0cc2c92c421a86197cf135253e57e51,abnormal,4,0,4,2,False,False,113641.0,123980.0,44280.0,162324.0
b0ce7cceb5ad859254814cb3f75a33df,abnormal,6,0,6,4,False,False,61307.5,37353.5,5616.0,209202.0
b0df2d378c04b59dbd0f7c20352c35e8,abnormal,8,0,8,4,False,False,424018.88,287777.0,50778.0,802374.0
b0e76a5226cdee7e8e17b45f117d9ed5,abnormal,10,0,10,5,False,False,189003.3,182973.0,16629.0,398574.0
b0f6a0c19f3b18beda2c9197d1c4440b,abnormal,12,0,12,6,False,False,121186.33,46225.5,2318.0,643645.0
b0f70ba8840ab9c8f39f37768c97e78d,abnormal,5,0,5,2,False,False,221803.6,225600.0,191052.0,233383.0
b0f891aceeaa1e6fe1de0fd072389686,abnormal,7,0,7,4,False,False,34644.43,12183.0,3304.0,174468.0
b0ffdd76d9b722fc8720913b34d36d03,abnormal,5,0,5,3,False,False,264986.2,169950.0,133062.0,433468.0
b1061d4cdf14dd101734a129b89a85de,abnormal,7,0,7,4,False,False,95580.86,52538.0,14300.0,260768.0
b108458c4649e4bc6c85d773f45728ae,abnormal,5,0,5,2,False,False,299379.0,282000.0,84502.0,531484.0
b10952e32b77bd8acf557d7856856156,abnormal,4,0,4,3,False,False,23382.0,10434.0,8288.0,64372.0
b117813585c3d832d90eabc3cce04721,abnormal,12,0,12,6,False,False,65419.5,20020.0,10731.0,307812.0
b11960f23db725bb4ba6f6741586a5f7,abnormal,9,0,9,6,False,False,126242.11,90146.0,18323.0,354200.0
b127a6da511c3c1d544b54fc52e9c6b7,abnormal,3,0,3,1,False,False,216854.0,222507.0,186030.0,242025.0
b12b6c605dbf92119ae65310a7bc55d7,normal,0,0,0,0,False,False,,,,
b1317b9c87824f682908a6c503f8d39d,abnormal,6,0,6,3,False,False,327446.0,432097.0,41724.0,508362.0
b14394ca65966a3ea6e21e9b596d75da,abnormal,3,0,3,1,False,False,834989.33,869206.0,739762.0,896000.0
b154780d4c3de6dfedeb1efcb2411575,abnormal,14,0,14,6,False,False,151842.5,129023.5,20881.0,339940.0
b17dabf3bf866e22c5c9a342e2412002,abnormal,7,0,7,3,False,False,222819.29,126882.0,22002.0,555675.0
b17fa1439061ffd2a0b36e8acd83bc32,abnormal,3,0,3,2,False,False,145928.33,55269.0,33196.0,349320.0
b18121dc37e2914d7a630c3ac781c9d7,abnormal,12,0,12,5,False,False,205732.08,101987.5,52003.0,614666.0
b18616900ff4b4ec90b24128d309b546,abnormal,6,0,6,2,False,False,150713.33,133752.5,39960.0,285360.0
b19140c03d24dd602afccafbb6485930,abnormal,5,0,5,1,False,False,132358.2,110622.0,81608.0,254650.0
b192b0ddffed39cf6894a6beab870f9e,abnormal,12,0,12,6,False,False,235174.75,296319.0,23571.0,498802.0
b19ed7f40285fbd541be0bacde17fae3,abnormal,7,0,7,4,False,False,113289.14,83524.0,37620.0,253626.0
b1d44013e0b4fab1d38af22901e312c4,abnormal,16,0,16,8,False,False,270641.62,146584.0,13176.0,688800.0
b1d599b4bf50932fb66d8a9aaf41ba3e,abnormal,5,0,5,2,False,False,52771.4,51645.0,27664.0,69687.0
b1d7cd4432f36fc46d4e49f01def1cbe,normal,0,0,0,0,False,False,,,,
b1deab22cfb50881b47c52daa9993ab3,abnormal,7,0,7,4,False,False,142206.43,100980.0,59427.0,361227.0
b1e31fb059b5a49bb70bb4f274c56841,abnormal,8,0,8,5,False,False,146246.75,38461.0,20430.0,522727.0
b1e63a68c95bda1c50667decd3989ca0,abnormal,7,0,7,3,False,False,12752.0,5832.0,3528.0,59340.0
b1f71b5ef16dce633e4033237b761cdf,normal,0,0,0,0,False,False,,,,
b22bd21cfb3258bad7d934f036c34b5b,abnormal,9,0,9,5,False,False,426758.67,445875.0,57071.0,850857.0
b23548e92d78f28ac323a4609751c152,abnormal,6,0,6,3,False,False,38053.0,28617.0,8091.0,117810.0
b23ee0544bba6ed7301111820f8de415,abnormal,5,0,5,2,False,False,98142.0,149557.0,4836.0,171915.0
b2506496d79b479a6b1427288235190c,abnormal,8,0,8,3,False,False,160720.75,33938.5,24192.0,435456.0
b27c879787934c51d42095098dd313b2,abnormal,8,0,8,4,False,False,120063.88,80589.0,1176.0,263233.0
b28339816a52309160153d0e27833cef,abnormal,15,0,15,4,False,False,264736.93,44678.0,9300.0,1047508.0
b29294e12f7aacc8f31ffa0f13959c3a,normal,0,0,0,0,False,False,,,,
b293d02e9eb0ddf6f13ae424f3aec2b1,abnormal,3,0,3,3,False,False,137067.67,18122.0,9513.0,383568.0
b29679d2251dd63917530a6eb83e0493,abnormal,6,0,6,3,False,False,65828.83,60354.5,2380.0,147190.0
b2a0d46de6a845624835477b8207cbe8,abnormal,9,0,9,4,False,False,199044.0,94242.0,7697.0,550188.0
b2a52a18d74c641353762a0c1569a695,abnormal,6,0,6,3,False,False,292969.17,186480.0,116339.0,581860.0
b2c97c1426a846ada2d815a4ecc67893,abnormal,4,0,4,2,False,False,175654.25,115838.5,94848.0,376092.0
b2ef37ed5522134cc9ec28895ed4d932,abnormal,6,0,6,2,False,True,166442.83,166193.0,66887.0,269392.0
b305ccbbf99b1f59b9a7edffd46659f1,abnormal,17,0,17,4,False,False,86592.88,46224.0,26334.0,368774.0
b311e9ad56a71aadfcd8be7009111352,abnormal,10,0,10,5,False,False,271074.7,214858.5,16880.0,812743.0
b325d5dcf507c8cce2c5de3e9afb2847,abnormal,5,0,5,3,False,False,146152.2,148836.0,120960.0,187915.0
b32a218326ec600eb1bdc3297eed2c16,abnormal,4,0,4,4,False,False,12641.0,3357.0,2600.0,41250.0
b3510302f95f75a91e0fd49e04767f02,abnormal,8,0,8,4,False,False,163870.12,74928.0,7849.0,435972.0
b355bd7207c70cdc8b499739edaaa8ab,abnormal,3,0,3,1,False,False,232888.0,186436.0,173348.0,338880.0
b3588a07ee672507c31f69109089b805,abnormal,7,0,7,4,False,False,236534.14,246507.0,46920.0,322504.0
b359c14158afff8ef7d00c59d2211ebc,normal,0,0,0,0,False,False,,,,
b366c0801a5f5e8f59fa76b30e67f4ae,abnormal,5,0,5,2,False,False,51677.0,55860.0,22814.0,80925.0
b37cd57257591d19366e5a6f23ceb8f6,abnormal,6,0,6,4,False,False,33932.5,14188.5,13225.0,81312.0
b37f9bfd1002374e06d03379807967db,abnormal,5,0,5,3,False,False,216592.8,308100.0,16100.0,366528.0
b39a285d468234c4934c6d5489727fa2,normal,0,0,0,0,False,False,,,,
b3c5bcf8d6a3059af4c048169710ffd6,abnormal,4,0,4,2,False,False,188824.25,115985.0,81466.0,441861.0
b3c7d38fa039c4550491cf77cb52bea8,abnormal,10,0,10,6,False,False,139815.8,116913.0,11648.0,357335.0
b3cc453518cf826875edcd3d5778ee87,abnormal,9,0,9,3,False,False,42654.0,37851.0,14062.0,73406.0
b3cf4f7aab7e62964dd965e768178e32,normal,0,0,0,0,False,False,,,,
b3d1eabc4bb5b66d92f3fae7ddb67b29,abnormal,8,0,8,3,False,False,56233.12,59748.0,6450.0,99603.0
b3f160c75b16300c0f4a89ce8814d1bc,abnormal,9,0,9,6,False,False,142745.56,94752.0,29670.0,308574.0
b3f4af84fa71fe204eb105ce430deef3,normal,0,0,0,0,False,False,,,,
b403b5824536defcaab0702f29c180a9,abnormal,5,0,5,2,False,False,295675.4,386496.0,54502.0,498265.0
b40a6f0ea09c4d305ef296e0d8b73cde,abnormal,7,0,7,3,False,False,239329.29,102544.0,50094.0,597012.0
b4105a81821522d6bfe3d18d9b757eb4,abnormal,13,0,13,6,False,False,435020.92,343227.0,36332.0,1090440.0
b412dfe3a17da1fe404b67ec756b8a67,abnormal,15,0,15,4,False,False,80450.93,82620.0,9900.0,128736.0
b4148f125cfe78550775272f6b8c965a,abnormal,6,0,6,4,False,False,96262.33,79033.5,1978.0,326928.0
b41de357cd8bbef33ae563b6299f802c,abnormal,3,0,3,1,False,False,466200.67,473031.0,410844.0,514727.0
b41fd5f3e08360e72cc4d73a83a1b610,abnormal,6,0,6,2,False,False,201181.67,188654.0,61745.0,369595.0
b42962e103033ae66afb049d00cb477c,abnormal,15,0,15,8,False,False,77522.4,84384.0,3717.0,190080.0
b42b72d0fcbdf8b3b811fe219193e397,abnormal,3,0,3,1,False,False,126583.67,122590.0,84280.0,172881.0
b42e930c16c0166dbeae813b47bb8b07,abnormal,11,0,11,6,False,False,56907.64,48094.0,21935.0,94864.0
b440269d96e31c7f99b7fd9bcf08eda3,normal,0,0,0,0,False,False,,,,
b455c6067fa5e154a2c48ac187029022,abnormal,14,0,14,6,False,False,95237.21,46060.0,16120.0,453330.0
b482f72073e73cea73cc82ea02b353da,abnormal,5,0,5,2,False,False,245043.2,154656.0,112634.0,456400.0
b4872c4ae2b5733b5d0c025949d077da,abnormal,5,0,5,3,False,False,80259.4,54325.0,10780.0,246510.0
b489964b59d3f6f9070e45a02e469d8b,abnormal,15,0,15,6,False,False,133643.6,134685.0,16132.0,346104.0
b48d6f9b38b698b6ac534ec7ded5c4e8,abnormal,17,0,17,2,False,False,30129.59,30090.0,12272.0,60996.0
b493be668f28b801ecaa2278069825eb,abnormal,8,0,8,3,False,False,296031.38,143529.0,12642.0,857376.0
b4a7269d3fcbed43638a44892088ac4a,abnormal,5,0,5,3,False,False,141601.4,111333.0,16820.0,287154.0
b4b6e377eedea6b7a33ce8958d79fe71,abnormal,14,0,14,6,False,False,517783.29,548166.0,7800.0,1014260.0
b4c00291b57d489dbe6665c789c6d360,abnormal,5,0,5,2,False,False,202821.6,289826.0,56048.0,307800.0
b4c6f7fd99fa215a9634736b8a0cd5d1,abnormal,6,0,6,2,False,False,199637.83,187738.5,63648.0,347982.0
b4db27f83c152fb40adc9bd6a4e742d8,abnormal,7,0,7,3,False,False,194756.0,71199.0,12213.0,435100.0
b4dd6dada2ebdf6899c21a3bc081d796,abnormal,6,0,6,2,False,False,296872.83,270600.0,96577.0,518320.0
b4ed7fedb5fd04e7a72bf8bc2f8aa91c,abnormal,4,0,4,2,False,False,135146.75,136792.5,116522.0,150480.0
b4faf90679534ac80ab9113365203dc0,abnormal,9,0,9,6,False,False,64612.78,16107.0,9265.0,260442.0
b4fc5e0bb44a19fcb308e73639746915,abnormal,5,0,5,3,False,False,630624.4,99600.0,23800.0,1518992.0
b508112a2b015ec159ce926661b6b23a,normal,0,0,0,0,False,False,,,,
b50d4c9c23a26b4391d508a5d6a32f7a,abnormal,4,0,4,2,False,True,321761.5,369730.5,123005.0,424580.0
b527a2b66bb1c7a3c31fd9b1fe665712,abnormal,10,0,10,3,False,False,110601.7,87127.5,19734.0,297390.0
b5351b37d8d3944228ff46e9cc7139a4,normal,0,0,0,0,False,False,,,,
b53d1dd80e99ca6bcef9d592f65d3321,abnormal,8,0,8,5,False,False,130393.62,118122.5,49662.0,258944.0
b552fb1120a4211fd165a73ddb91e6e7,abnormal,5,0,5,2,False,False,211083.2,134463.0,120328.0,375015.0
b5585b9fe48edd5d89069a8d6ca07543,abnormal,13,0,13,6,False,False,265783.23,168961.0,2208.0,1072140.0
b55a0fc49ba34ddf21e50dde0f11edca,abnormal,9,0,9,5,False,False,42652.11,36616.0,28080.0,78368.0
b5632581be1d7da89d9d01a9983c4afa,abnormal,20,0,20,7,False,False,96300.2,26656.0,1248.0,541780.0
b576400860f1e271b820f959e8b4b9b8,abnormal,4,0,4,2,False,False,340124.75,431993.5,42586.0,453926.0
b57763fed61d020d0338a35dd06a4011,abnormal,3,0,3,1,False,False,87729.33,74074.0,73984.0,115130.0
b57e21ea64ba9736e0711bdbbe53c221,abnormal,10,0,10,4,False,False,34907.7,17500.0,6844.0,97632.0
b5822471fa3aef526081f6a64d7bec2f,abnormal,4,0,4,2,False,False,105867.25,121759.0,12245.0,167706.0
b58f3853512c47b9d88eca193031b650,abnormal,5,0,5,3,False,False,98434.0,100440.0,88502.0,101394.0
b59dc05efd7fe99cc96902b2c04ad8c3,abnormal,3,0,3,1,False,False,98679.67,99120.0,82754.0,114165.0
b5a3de338d33d96e3bfa129f7a4172ca,abnormal,3,0,3,1,False,False,525492.33,534061.0,480480.0,561936.0
b5bd1410c0347b22fba82f6bb6a3a45c,abnormal,7,0,7,4,False,False,114785.43,67488.0,6142.0,315076.0
b5be61351d358e354a42633e5d853352,abnormal,8,0,8,3,False,False,60801.62,45644.0,16898.0,121510.0
b5c56a5624857bd608eeadd16a7f566b,abnormal,13,0,13,7,False,False,545092.69,486000.0,68820.0,1808055.0
b5e2ebedcb69b842ee6b751e5a4991a8,abnormal,6,0,6,2,False,False,355283.33,344045.0,143780.0,584472.0
b5eb86bdfcbce8d8536e608124d0f9ed,abnormal,6,0,6,3,False,False,197307.83,195044.0,2754.0,361884.0
b5fa2fc3b3e2a3bbf93884481fb08b74,abnormal,6,0,6,3,False,False,470004.83,491898.5,93930.0,730014.0
b60cac600ed504d8cfe8a669d3e3448f,abnormal,6,0,6,2,False,False,217083.83,198557.0,57088.0,450462.0
b61e3688e902469aeda86709a31c475e,abnormal,5,0,5,2,False,False,407037.8,455240.0,185090.0,500094.0
b63468d09854f322d5e371915e5591d0,abnormal,6,0,6,3,False,False,138737.17,115639.5,6889.0,297350.0
b66bd49e532dc5b3d043aff504c5f165,abnormal,10,0,10,5,False,False,113096.9,112442.0,3905.0,380457.0
b66d58ed04096cca4e4fbb0da6e74592,abnormal,6,0,6,2,False,False,254335.0,253145.5,60155.0,452232.0
b685d041e15fd6b5ffbac258f0673518,abnormal,8,0,8,3,False,False,278213.12,305730.0,21395.0,724070.0
b691366d6d838d521c053720ef950e54,abnormal,7,0,7,3,False,False,167308.29,81482.0,2800.0,474000.0
b6acc59400a48d9306c1560daada75ba,abnormal,6,0,6,2,False,False,262575.67,223902.0,133210.0,450120.0
b6b3626c00261d525ff80435fe25eb5b,abnormal,6,0,6,2,False,False,215372.83,166793.5,85094.0,423384.0
b6bb5088976d0d3d51f3041b2172cffb,abnormal,11,0,11,4,False,False,165366.55,185999.0,27450.0,287278.0
b6c1ab12c31f8330977696c199b0592a,abnormal,13,0,13,5,False,False,79525.08,100156.0,10890.0,146850.0
b6c5be2e2facca99c47e133769a065ce,abnormal,7,0,7,3,False,False,228556.57,138996.0,39156.0,478440.0
b6d81cd3e996c836eeeadcc896afdfe4,abnormal,12,0,12,6,False,False,84060.67,29156.0,1225.0,503915.0
b6e15b40a6370f847f1cb97f73528068,abnormal,13,0,13,4,False,False,471287.85,158661.0,16960.0,1262357.0
b6e87644b798ae36a29fc57cccf14f8e,abnormal,12,0,12,5,False,False,119890.83,52441.5,4290.0,581640.0
b6ec5b8679737f741fb225e79a849ac9,abnormal,9,0,9,2,False,False,48498.78,58296.0,21000.0,77860.0
b6f07c3256419d2afece328ae2f7ebc5,abnormal,5,0,5,4,False,False,108240.2,118988.0,19932.0,200870.0
b6f4abe4d21f1e44827e26f640f626bc,normal,0,0,0,0,False,False,,,,
b71274108d1bfb8bf7a96b8f512da72b,abnormal,12,0,12,2,False,False,54782.08,1233.5,525.0,205134.0
b720e511bfdfb393b77a26c29fc8cd91,abnormal,11,0,11,5,False,False,44169.82,44512.0,13650.0,92904.0
b73a869bb8f8397e10c6910a0bd8072f,abnormal,8,0,8,3,False,False,648337.88,39117.0,10735.0,1821256.0
b73e16e580992f545e375c2d3d6f7387,abnormal,6,0,6,4,False,False,392823.33,305207.5,98136.0,883581.0
b75075aceaa139ea4a971c652005c665,normal,0,0,0,0,False,False,,,,
b7531cbe38186e2d9aeb1b5de83984b3,abnormal,17,0,17,5,False,False,68718.18,50325.0,10246.0,151404.0
b75b0115ce7e890c8d3cc739cfc8c089,abnormal,7,0,7,3,False,False,40970.86,22272.0,7360.0,104430.0
b75bba1e9dfb84fe1bd84c88c638c339,abnormal,8,0,8,4,False,False,161133.88,130018.0,12095.0,336570.0
b761841b1bffc40e56e97a869f994f69,abnormal,9,0,9,6,False,False,300089.22,204911.0,66856.0,858741.0
b76cca59757045fa3cedad238c878354,abnormal,9,0,9,3,False,False,44383.11,37062.0,10396.0,109218.0
b76de23d23b7418566348c413efa1a3f,abnormal,15,0,15,6,False,False,119121.4,38773.0,9180.0,456820.0
b770403a1d0ab861f1944f8b896afcae,abnormal,8,0,8,4,False,False,154072.88,89392.0,10480.0,461711.0
b775ef55984de7ff2b12941010f9d968,abnormal,7,0,7,4,False,False,356839.29,94860.0,2907.0,920777.0
b78367d7be3c92afe88f13efcb6dcaf5,abnormal,19,0,19,8,False,False,95348.95,113442.0,11336.0,265401.0
b7837ea29dd8bd1386f09cc1474320f0,abnormal,3,0,3,1,False,False,78683.33,56966.0,46926.0,132158.0
b79e4a0140ad6e02038d6de55ab1a3fb,abnormal,12,0,12,4,False,False,228111.42,235131.5,35040.0,681384.0
b7b84cc718930bb70aa2fdcb53cfb98e,abnormal,3,0,3,1,False,False,59995.0,55071.0,45198.0,79716.0
b7cb4aab02fe2cdcf2de5b7a93f49d73,abnormal,14,0,14,6,False,False,375788.14,439276.0,15575.0,613800.0
b7cde19a331d3ba71fcb8efc361af419,abnormal,19,0,19,8,False,True,61459.0,54500.0,13493.0,134799.0
b7ce898bce636076cff5d2267500bc18,abnormal,10,0,10,6,False,False,897223.9,1069630.5,172250.0,1533056.0
b7d87f19a1daba2fa97a0eae0a033a9c,abnormal,7,0,7,4,False,False,136218.0,105470.0,93562.0,336958.0
b7e9e8a42a7581a9f40b67f4ed3bab72,abnormal,15,0,15,5,False,False,134761.27,90560.0,5888.0,527758.0
b80be20a79e5a7539bd00f4907b444b2,abnormal,6,0,6,3,False,False,423874.5,377910.0,36308.0,926136.0
b8202fc93f201492ab7880cb6b4c9165,abnormal,11,0,11,5,False,False,744402.82,482724.0,62524.0,1700082.0
b821bbaa6723f749a915b00b94a69977,abnormal,5,0,5,3,False,False,95252.6,111012.0,16206.0,123463.0
b8322e1a06179954c5b5f5ed05083c05,normal,0,0,0,0,False,False,,,,
b872e348b0ba7c7259853c8312f9daa4,abnormal,10,0,10,3,False,False,150445.4,122808.0,30210.0,340770.0
b87b691b9ceeaf0c9539b2844be6e1e1,abnormal,7,0,7,3,False,False,37000.14,37392.0,2754.0,128180.0
b88d596bf6fd4664434f6525ac632f74,abnormal,5,0,5,4,False,False,180606.0,108225.0,12221.0,447739.0
b89103ceb6d47e45889eb9a21d04542c,abnormal,4,0,4,3,False,False,237076.25,256570.0,14874.0,420291.0
b8a7669b5debce390c877d087380722d,abnormal,5,0,5,2,False,False,333526.2,445320.0,139950.0,485261.0
b8b8c9ae5afd3e8d2dbd5d69fa0f9378,abnormal,17,0,17,7,False,False,316781.53,209200.0,39528.0,1987362.0
b8d0602c3d243b1f833bc0e5885a0b0c,abnormal,19,0,19,6,False,False,29418.37,16732.0,990.0,66030.0
b8d3a0bb21e3e536728b13aaea587974,abnormal,5,0,5,2,False,False,234534.8,246506.0,102362.0,411782.0
b8de83edc69e3eb2e8837f74ff988557,abnormal,3,0,3,1,False,False,513401.0,503625.0,405328.0,631250.0
b8df1b270c5447fdac022ab51540f949,abnormal,4,0,4,2,False,False,309570.0,317298.0,95700.0,507984.0
b8e264216ade48723aff628067080b04,abnormal,4,0,4,2,False,False,33599.0,27945.0,19500.0,59006.0
b8e5248b4e87c2775642f2b5c7bdbade,abnormal,15,0,15,4,False,False,43750.73,28906.0,19090.0,253128.0
b90e929709147ef63dfebf74c0cbe454,normal,0,0,0,0,False,False,,,,
b9174fe081e3839ed1f7c8169d85739e,abnormal,5,0,5,2,False,False,99824.2,118978.0,28798.0,153450.0
b919471290e71f53a6b9c1a672662854,abnormal,6,0,6,2,False,False,335369.67,381650.5,148851.0,458470.0
b91b76bcb6e0b005ef98719bd719b488,normal,0,0,0,0,False,False,,,,
b934b20d2bc6a9ad44b46aef2776268b,abnormal,10,0,10,4,False,False,142225.3,101350.5,18445.0,493953.0
b9374768fadad510f514c5b81b048881,abnormal,6,0,6,3,False,False,233656.33,241092.0,22484.0,416100.0
b948592be9abd5dcf1a570c72887c033,abnormal,6,0,6,2,False,False,261550.5,244723.0,112217.0,443040.0
b995057fed5cd441821c8a954697ea57,abnormal,14,0,14,5,False,False,148441.21,122950.0,24024.0,471121.0
b99a097e12daedcc1d269899c813db0c,abnormal,14,0,14,8,False,False,226580.79,241854.0,7332.0,557128.0
b9a2c726f8a39ea3cc841fa6d3100cc6,abnormal,7,0,7,3,False,False,196476.0,122499.0,24893.0,418912.0
b9b2a7a46b88db57379c59db58cc2228,abnormal,12,0,12,4,False,False,386116.17,181656.0,36556.0,1217580.0
b9bf0f1b540eaf41cb590ee0a15fe0e7,abnormal,10,0,10,5,False,False,370263.0,292521.0,32980.0,1005928.0
b9e484fa14cf5877736daa59b2ce2b24,abnormal,12,0,12,6,False,False,87169.83,36954.0,4312.0,335916.0
b9f09915187c2cc01e958da90d97ac89,abnormal,11,0,11,4,False,False,153307.27,137880.0,10318.0,450957.0
ba0d29d84db98416a0858ad30c4d41a7,abnormal,10,0,10,5,False,False,113000.7,85507.0,6808.0,567115.0
ba0ee85ac58311c7f1413a3af2f3f7c7,normal,0,0,0,0,False,False,,,,
ba0f97b49906ccf1bf205dd7ca108c06,abnormal,8,0,8,5,False,False,164063.75,45603.5,13344.0,404914.0
ba142c273c1f6e0fcccfeec5751351b2,abnormal,5,0,5,3,False,False,229875.8,128759.0,66234.0,490230.0
ba1795ee5daae1ed415756c3f4f21b48,abnormal,4,0,4,2,False,False,1047842.0,1214545.5,176013.0,1586264.0
ba1d2a4e889b03f2d79aabfbf0804062,abnormal,5,0,5,2,False,False,401941.8,383540.0,219744.0,636189.0
ba301b6e6ace2f31edf20efdd78cd286,abnormal,8,0,8,4,False,False,97465.88,70854.0,7776.0,298680.0
ba4344465d9f3d34328ee5ee2e96dc61,abnormal,7,0,7,5,False,False,89554.43,54752.0,4233.0,390456.0
ba46dcb445340df33566b52d7192ab6e,abnormal,13,0,13,6,False,False,104859.31,96645.0,13662.0,231693.0
ba4a00ea7764b5ee772792a50531e9e7,abnormal,5,0,5,3,False,False,36628.4,23278.0,10185.0,77441.0
ba566bf98caaa797816d7a2ffa296d5d,abnormal,10,0,10,4,False,False,582782.8,411461.5,61258.0,1496250.0
ba5e3409250a85483d6e39be759bc102,abnormal,14,0,14,7,False,False,258844.21,174576.0,36540.0,701407.0
ba665972d68d2cb8b55839ad6592961c,abnormal,21,0,21,7,False,False,414961.52,497607.0,15958.0,949242.0
ba683c0053ad11332810ecc509b6c17b,abnormal,3,0,3,1,False,False,119208.67,95937.0,95472.0,166217.0
ba68c12f2141bba79d9c29322c2c295a,abnormal,9,0,9,5,False,False,45586.33,10500.0,3705.0,192042.0
ba8c1cd9bceb450054920b79af773650,abnormal,9,0,9,4,False,False,589303.0,729670.0,9676.0,1008000.0
ba8cf1b843900f3e754f6e172f62efc4,abnormal,11,0,11,4,False,False,326653.91,262880.0,186613.0,473822.0
bace601f50d2f324022ae6a9ad608123,abnormal,8,0,8,5,False,False,64115.75,80094.0,11234.0,115150.0
bad42a62c993ad12cc37da8f9a33e490,abnormal,5,0,5,2,False,False,175274.6,74244.0,60435.0,352622.0
bad57ce327ed96a0ae3e01c930f297cc,abnormal,7,0,7,2,False,False,77560.43,64326.0,6976.0,163925.0
baf56818e451ed175e7cbd7d94e01bb0,normal,0,0,0,0,False,False,,,,
bb315b4bc113c0506a9e24593cb06a6b,abnormal,4,0,4,2,False,False,385126.0,378018.5,217257.0,567210.0
bb39350ab564d44de74b77ad863a8ae6,abnormal,5,0,5,2,False,False,88232.2,85652.0,27417.0,150945.0
bb3d26414a85af5edf485b330607860d,abnormal,8,0,8,4,False,False,105930.25,81316.0,60652.0,228228.0
bb4c165fbbc02116fb18be5f2e21a2a5,abnormal,3,0,3,1,False,False,116046.67,105488.0,103659.0,138993.0
bb541cb8a793063968903bf3fc5b68f7,abnormal,6,0,6,2,False,True,173397.83,176241.5,52536.0,286020.0
bb60194195e9a5eaa27685d2fa688085,abnormal,6,0,6,2,False,False,262048.5,211354.0,73983.0,521852.0
bb6c5c14ec3550cf81d67c8298ea5f41,abnormal,5,0,5,3,False,False,15813.6,18078.0,12348.0,18147.0
bb72868e96a7c3c5b82dae9f1d814eec,abnormal,4,0,4,2,False,False,301870.25,347447.5,82800.0,429786.0
bb7d4479b3065e5912e328c065733504,abnormal,10,0,10,6,False,False,299642.0,223265.0,17105.0,734753.0
bb8f70bb23d06edce7b87df6f529d0b4,abnormal,6,0,6,5,False,False,117486.5,139440.0,5797.0,145080.0
bb93a8a5285c48a0797bc5216e99f861,abnormal,5,0,5,2,False,False,114288.6,128366.0,11025.0,151843.0
bb99c58b3e18ca4a52dbd27495d88216,abnormal,11,0,11,5,False,False,111148.91,66276.0,1160.0,377982.0
bb9f4f20dd8f4e5c5ab518d7f1818b1f,abnormal,8,0,8,3,False,False,110849.88,109706.5,10379.0,297776.0
bbac60d6c7695f5eeccb56cb56336f6d,abnormal,13,0,13,7,False,False,99328.31,65988.0,1700.0,284376.0
bbc8cca2bda1c6bc5b66715a12830d78,abnormal,18,0,18,8,False,False,123322.56,90465.0,11205.0,479570.0
bbcafeecae64804e1e0780b49bafd5bd,abnormal,10,0,10,4,False,False,51355.3,44278.0,12095.0,128778.0
bbe4356faa4ee427169a71d8ed020921,abnormal,6,0,6,2,False,False,246328.5,232497.0,97328.0,434434.0
bc0e94e539fcc6c3f623d6ce5db07370,abnormal,7,0,7,3,False,False,253005.86,103950.0,65494.0,593670.0
bc2be005526db7ab9d5ec6741ddee945,abnormal,15,0,15,6,False,False,40680.47,20608.0,5428.0,154880.0
bc38a48bbec6ee4e1ccb6eb453529cae,abnormal,13,0,13,4,False,False,111076.54,50778.0,20713.0,357357.0
bc7483c563cf172e46390a235cdc63b9,abnormal,8,0,8,3,False,False,681847.5,634420.5,201894.0,1273608.0
bc765f1145a3390f6b231f0d05193458,abnormal,5,0,5,3,False,False,124647.2,113029.0,5280.0,289784.0
bc849fedf97c9eb2bc7707bac17329bc,abnormal,4,0,4,3,False,False,72837.75,79390.5,10695.0,121875.0
bc87c2265556912b25d36f2fef105a01,abnormal,7,0,7,4,False,False,445337.43,484792.0,299957.0,493845.0
bc87ef332a3c532a7e86893cae30e127,abnormal,6,0,6,4,False,False,92871.67,4908.0,3723.0,459659.0
bc89dfd66b1662e2aaf94bc7e1e7f630,abnormal,5,0,5,4,False,False,236969.0,122130.0,31200.0,525784.0
bcd6064c48c99c6557d0876ec2e47883,abnormal,7,0,7,3,False,False,153522.57,186172.0,40385.0,279594.0
bcdf0364c02fc489f7a8a7b94e913c5e,abnormal,8,0,8,4,False,False,190537.25,89748.0,7632.0,469436.0
bce076b117178591a7dad5ab9296ba74,normal,0,0,0,0,False,False,,,,
bcfe72dc85490721c3c39870e6eea3f6,abnormal,11,0,11,4,False,False,161511.18,111630.0,44776.0,619360.0
bd152be0a921cfee79bffbdbf53e84d6,abnormal,5,0,5,3,False,False,97992.0,67104.0,7360.0,329476.0
bd23539b8fb116791fe16b9854601c1a,abnormal,9,0,9,5,False,False,15794.0,9936.0,437.0,63685.0
bd24133a5c72fdd62ad820445627b718,abnormal,8,0,8,5,False,False,56499.62,14835.0,12100.0,305360.0
bd2783f6ab7795e45ccdbd4bb96250f3,abnormal,13,0,13,7,False,False,376586.54,253568.0,54426.0,1010326.0
bd3042360365944aa845f34f0aa70424,abnormal,8,0,8,4,False,False,176487.75,125450.0,26288.0,350298.0
bd3257de200124da83881b37840d3987,abnormal,12,0,12,4,False,True,120901.08,27886.0,13041.0,505141.0
bd392937baf9a09b697937d8bb607989,abnormal,5,0,5,2,False,False,197156.2,93450.0,80025.0,399000.0
bd3f8d06c2eab0bfe5428dfe3f9a1499,abnormal,6,0,6,2,False,False,883813.0,868354.0,166666.0,1640584.0
bd3fa1499eba12696a695b952f9218a3,abnormal,7,0,7,5,False,False,158289.0,65636.0,11880.0,363888.0
bd3fe876153eeddad8bab49b129ea081,abnormal,26,0,26,7,False,False,106531.23,62269.5,2296.0,358280.0
bd60f56f346490b1b62e6cfd02cbe7f5,abnormal,7,0,7,6,False,False,44459.43,37440.0,3420.0,135408.0
bd6eb525438d6da1ced0ed1810857772,abnormal,10,0,10,3,False,False,322973.0,159366.0,28060.0,918791.0
bd82bfb604a82629f08b99b1c165db35,abnormal,3,0,3,1,False,False,469735.0,489951.0,379008.0,540246.0
bd931b74386e3e3f2934b1741c77d5b1,abnormal,4,0,4,2,False,False,252365.75,305762.5,73983.0,323955.0
bd94013e719d3bf243bdf5771490bb0a,abnormal,7,0,7,3,False,False,280851.71,53934.0,48672.0,684138.0
bd9a6c424edb2e622c1f4b6a59a58e91,abnormal,6,0,6,3,False,False,611852.17,551600.5,171288.0,1154864.0
bda862be2d20d538b558300c97b8255c,abnormal,7,0,7,4,False,False,74262.29,48399.0,8970.0,269955.0
bdaace04fa79a60e8542a3b573288076,abnormal,14,0,14,4,False,False,96967.86,45458.0,1376.0,306666.0
bdd0bebed953f69413213d387c9717e7,abnormal,11,0,11,6,False,False,106537.09,79040.0,7446.0,335891.0
bdd7f0b920e6c5ea82526986ffb63001,abnormal,14,0,14,5,False,False,43034.0,16330.0,4588.0,259894.0
bdd8423e5deae0ae5dc7e0547887fafc,abnormal,13,0,13,6,False,False,214162.38,179707.0,52215.0,619604.0
bdda2e2d06f7d1bdc6e410a5dad455d7,abnormal,5,0,5,2,False,False,721732.6,1051272.0,104958.0,1228752.0
bdddb2fbd93102ff052738ae31ff7e75,abnormal,11,0,11,3,False,False,22205.82,19250.0,11305.0,45370.0
bdde108a7d024a734cdbed2952f64fe1,abnormal,14,0,14,5,False,False,198488.21,227920.0,25239.0,285088.0
bdde865328435f214633b4858d9a4d20,abnormal,5,0,5,4,False,False,92174.8,87204.0,43200.0,163200.0
bde4bfa149bc13cee2de7c2e942979e7,abnormal,10,0,10,5,False,False,44426.9,43047.0,13272.0,84864.0
bde7cb2bd708d3d928b6ad9e32038fe1,abnormal,29,0,29,4,False,False,48836.83,20016.0,5964.0,237183.0
bde911be299cef4ecbdf6c63af33cdf6,abnormal,10,0,10,5,False,False,91154.3,65779.5,1720.0,258300.0
bdeeec185619e393d3cbd8f532f95c15,abnormal,14,0,14,6,False,False,232791.64,60774.5,33976.0,1081808.0
be01f8ea4bf3a231d39378be5a167bc4,abnormal,5,0,5,2,False,False,485484.0,652380.0,103037.0,890255.0
be0cc63b7335bd1fb95a2ad432209a14,abnormal,6,0,6,2,False,False,205343.17,193204.5,57603.0,398708.0
be1bb194dfb986bf7554b491852b8901,abnormal,9,0,9,5,False,False,284539.22,370252.0,82935.0,443625.0
be3bbacb9b3c148eae9549bce68bf0db,abnormal,6,0,6,3,False,False,265477.0,147596.5,31314.0,586795.0
be505971cc0f51f3cf4a5717767b42da,abnormal,3,0,3,1,False,False,56365.33,59250.0,49712.0,60134.0
be53fe5a49231f1c1be020b0bdd8561f,abnormal,3,0,3,3,False,False,26444.0,26166.0,14520.0,38646.0
be66657e907a732207237b75b7e105c4,abnormal,6,0,6,2,False,False,253628.33,210934.0,56244.0,522428.0
be6a2a69a923979c38e8e83fed53ff89,abnormal,7,0,7,5,False,False,94035.0,69345.0,9880.0,171864.0
be78bb12b31ef59665212f778a7ca895,abnormal,4,0,4,2,False,False,86307.25,86358.0,80053.0,92460.0
be85b7d55e0ef589729ef4dd6ffc38fb,abnormal,14,0,14,6,False,False,154009.79,104078.5,2640.0,423522.0
be869b141b0483aaa10e62ec407c0010,normal,0,0,0,0,False,False,,,,
be8747c0a1878e0230868c016a47f523,abnormal,6,0,6,2,False,False,246514.17,245630.5,115910.0,377754.0
be904250a48381ded92ee7d690cf3687,abnormal,5,0,5,2,False,False,190442.2,236052.0,60515.0,293888.0
be92ec2aee088c56d3ba79598461cb9a,abnormal,7,0,7,3,False,False,154628.0,74787.0,17204.0,308115.0
be9503d3b32da3ca2d06d6df8b1a997b,normal,0,0,0,0,False,False,,,,
be95363066a0f6e2d9644cc14b39d3e1,abnormal,12,0,12,4,False,False,237764.08,230515.0,94377.0,425340.0
be965185f4128002ad591b91c41e0211,abnormal,11,0,11,5,False,False,115218.27,57120.0,6336.0,276811.0
bea7018176b6d5d871fe0cb1c87a64a6,abnormal,7,0,7,3,False,False,276981.71,125560.0,26800.0,528198.0
beaa1ae511a49bd86ee5c090f91c80d7,abnormal,16,0,16,5,False,False,141506.75,159057.5,22599.0,447990.0
beb81be7f3b55d47fa70e7972c9dc9e1,normal,0,0,0,0,False,False,,,,
becab72d8a1f599d4a3d3650d3fffe54,abnormal,3,0,3,1,False,False,66733.33,64944.0,62920.0,72336.0
bedecebc0349e52e9afe5cc8f2e067a0,abnormal,8,0,8,4,False,False,53073.75,31874.5,12744.0,124384.0
bee427b74f77002c1a4faa71e65d5744,abnormal,11,0,11,5,False,False,19475.18,19328.0,4200.0,32810.0
bee99c179da019550328e64a55713d5e,normal,0,0,0,0,False,False,,,,
bf0ac90b81bd62e7444fbe3142506e3d,abnormal,9,0,9,4,False,False,340518.89,134354.0,20596.0,1078563.0
bf123de5827d72ba0d0e71683bbe819d,abnormal,9,0,9,4,False,False,460164.44,268299.0,37772.0,1497650.0
bf2d10fe88254cf97b08fab2e7c80232,abnormal,12,0,12,5,False,False,402665.17,347977.5,193500.0,753864.0
bf33d826094fabd938f69b3ba663f607,abnormal,5,0,5,3,False,False,543053.6,589577.0,41886.0,829704.0
bf429fed8c01a5d6014d86f2aa3385fa,abnormal,6,0,6,4,False,False,44915.0,52919.0,17967.0,69438.0
bf59a73e51a04d9e381630527339ad43,abnormal,8,0,8,3,False,False,176347.5,93492.0,70560.0,509523.0
bf5c7a815313c2d2853494cf766237b5,abnormal,6,0,6,2,False,False,213524.33,218747.5,35910.0,378798.0
bf63f10c778016ebea60f7bacf1fbec9,abnormal,3,0,3,2,False,False,127179.0,82181.0,60516.0,238840.0
bf742708d94bd9f8620db2f6f4b596f5,abnormal,15,0,15,5,False,False,825854.4,748066.0,111874.0,1449525.0
bf9bba0703ec2a74740fbb891b9f6322,abnormal,12,0,12,5,False,False,178131.75,144875.5,10712.0,449030.0
bfbbb3c77f965726e05343efafb2eb86,normal,0,0,0,0,False,False,,,,
bfd794933b6d06cc9e840ae7b90b1cbe,normal,0,0,0,0,False,False,,,,
bfdd2b7d930f17b450e1d1e7ec7a57bb,abnormal,7,0,7,3,False,False,177511.0,133667.0,19840.0,439450.0
bffb5303ac64552996db400e0f7058b0,abnormal,8,0,8,5,False,False,126530.75,54211.5,7038.0,452640.0
c008cfaf7009c94d297cc2e715e81c03,abnormal,12,0,12,2,False,False,65759.0,58646.0,28658.0,132549.0
c00a2b726b1d7854efc73ef3611c7591,abnormal,4,0,4,3,False,False,49606.0,47571.5,47368.0,55913.0
c02bd11de5cf471fa502f5bebe133904,abnormal,6,0,6,2,False,False,7289.67,7085.0,6864.0,7920.0
c0440c09698f89df168dc146af067fe7,abnormal,16,0,16,7,False,False,316588.12,147094.0,16352.0,1128259.0
c04ee933a8fed37ebbeb697b03356a56,abnormal,8,0,8,3,False,False,193993.5,202222.5,166400.0,233363.0
c09a2d6a72b0f14763619224335d685e,abnormal,6,0,6,3,False,False,279136.17,256017.0,28054.0,536310.0
c0a788fb3c78173e4a2a447b5fc70a93,abnormal,3,0,3,1,False,False,95182.0,86765.0,68992.0,129789.0
c0b2806d0baff57d885063624d744ac1,abnormal,7,0,7,4,False,False,623295.86,482495.0,15510.0,1432417.0
c0e801c67186fc05d8bed52353b4486c,abnormal,6,0,6,2,False,False,168427.5,154669.5,48070.0,310616.0
c0f992e23de30afb875371c3630cb9af,abnormal,7,0,7,3,False,False,110602.71,101008.0,28012.0,241958.0
c12df5422711be0ed7b17a657c68fc8d,abnormal,7,0,7,3,False,False,91234.71,73359.0,3942.0,258326.0
c13533b61e97274091200c6ceab55cb7,abnormal,4,0,4,2,False,False,125852.0,92785.5,55029.0,262808.0
c14b94a6ebfb3a4b828bd71537f682c7,abnormal,4,0,4,3,False,False,511805.25,430948.5,56508.0,1128816.0
c156a4adc33cd20a2ad75a07ff245b09,abnormal,6,0,6,2,False,False,155028.0,117284.5,69310.0,283040.0
c18362ca7e7d5df7a4dd8db31dfed194,abnormal,8,0,8,5,False,False,109023.5,62011.0,12788.0,246246.0
c184ac40eb6c1713f28f34582f768c5d,abnormal,7,0,7,5,False,False,246100.86,270840.0,15857.0,388368.0
c191a7c7c0e1847b1aebc8e8ef628aed,abnormal,6,0,6,3,False,False,125952.0,75584.5,53889.0,308085.0
c1b09655bffba16895cfed1be6ccdf6d,abnormal,5,0,5,2,False,False,139188.2,100035.0,59175.0,272008.0
c1b56c6b38aa09f0f32f0605deb5a240,normal,0,0,0,0,False,False,,,,
c1c9528727dd016bad131ff8c3863774,abnormal,4,0,4,3,False,False,104985.5,105037.5,44254.0,165613.0
c1ca66539955f94f6dbd74fb5ba7208d,abnormal,7,0,7,2,False,False,289152.14,298920.0,152460.0,416852.0
c1ef70e18d73c3fe0b0d741b1b0b59fb,abnormal,5,0,5,4,False,False,61941.2,55322.0,50160.0,87216.0
c201c69926e59f0c1dfeeeb8365ff05a,abnormal,13,0,13,7,False,False,268110.23,228403.0,59925.0,922114.0
c20ca4cd7589fa3a77578769bf82ea1b,abnormal,7,0,7,3,False,False,270786.57,134875.0,92016.0,573000.0
c21c6e6969dcd46d9441110183ade633,abnormal,5,0,5,3,False,False,329670.0,326772.0,75336.0,614572.0
c24029f31fb9ae265934082ce6b47d33,abnormal,9,0,9,4,False,False,55628.0,56571.0,9500.0,159220.0
c249e006c2f7340f6fc550ede970e0d3,abnormal,8,0,8,4,False,False,260484.75,220641.5,11325.0,587790.0
c25a87784e4a9dd01911f626cbd1faeb,abnormal,6,0,6,3,False,False,191356.33,194843.0,8650.0,313410.0
c26185210303f6c638a4ac60e635df21,abnormal,10,0,10,4,False,False,214143.8,22419.0,8742.0,720005.0
c26bb71d19d1f57200b4bf9b8bb596d9,abnormal,8,0,8,5,False,False,377427.75,408342.0,6144.0,788400.0
c2a2ce443b43b82ae5bd29d06716a44e,abnormal,8,0,8,4,False,False,233033.5,222144.0,37740.0,434970.0
c2bdc729e1623c6c142d9f4e6ed48418,abnormal,4,0,4,2,False,False,53694.0,52560.0,32904.0,76752.0
c2c54eed2dd73e20ef0e5af5a4aa1feb,abnormal,9,0,9,3,False,False,41435.44,17298.0,5184.0,139181.0
c2d4ab1622ab34e5680710a63501c8b6,abnormal,4,0,4,4,False,False,68707.75,38804.0,18421.0,178802.0
c2d843a231c6aa30c9239083bc612f7b,abnormal,13,0,13,5,False,False,225876.92,149202.0,8892.0,582590.0
c2f01c1eb7b249b706ea3f1ee549e05f,abnormal,6,0,6,2,False,False,183620.83,184404.5,52644.0,315112.0
c2f51a2b9785c772ef611db089bf528e,abnormal,7,0,7,3,False,False,292534.29,196730.0,64125.0,591850.0
c2fafca7a6e8316c8bc0a3dc400b8aba,abnormal,7,0,7,4,False,False,196119.71,153036.0,143717.0,439300.0
c32573547f924b6b663798730d915724,abnormal,13,0,13,6,False,False,103983.69,55000.0,10148.0,316830.0
c32ec722d0608e89e8d6eaeab36191b1,abnormal,8,0,8,4,False,False,146961.62,80006.0,56068.0,474990.0
c337c0c48cb14bcfac1ba739a785c2cb,abnormal,6,0,6,2,False,False,96756.5,88423.0,35086.0,141930.0
c341b3f8a0353bab2ec49147b97ce9d0,abnormal,8,0,8,6,False,False,63616.0,5831.0,4558.0,450160.0
c34e6aa7a5db3386850b830dd3c45a98,abnormal,10,0,10,4,False,False,180169.3,104517.0,23838.0,486178.0
c351e3875444070992012c35126bf41f,abnormal,10,0,10,5,False,False,139541.3,75379.0,34848.0,449917.0
c36e768eae71d51ac540131145d4c101,abnormal,7,0,7,4,False,False,146965.29,134232.0,107880.0,218466.0
c37c1b0387090f95fa7f6b38542f1d19,abnormal,6,0,6,3,False,False,510783.5,525952.5,197640.0,802620.0
c38c9a98d30027a18e88f39346987f78,abnormal,6,0,6,2,False,False,231798.33,200682.5,102396.0,386482.0
c39440999e8b3e376911ab851a7c56f6,abnormal,8,0,8,4,False,True,302392.62,245510.0,87318.0,568764.0
c394eadea89e5795c8037280492d116d,abnormal,11,0,11,3,False,False,571445.64,572852.0,230243.0,1012242.0
c399b71d7f853206cdf9bfa916252b4d,abnormal,5,0,5,2,False,False,253241.2,204920.0,140968.0,400091.0
c3a7cdd9fb36706cfd3a4fdb86b65061,abnormal,6,0,6,2,False,False,20256.0,18056.0,17176.0,25536.0
c3abe21f7e07452e6760cdc2cab95296,abnormal,25,0,25,6,False,False,74269.96,76375.0,13095.0,158672.0
c3adefe651baf211a73e391f3068e916,abnormal,7,0,7,3,False,True,87201.0,50778.0,27825.0,266590.0
c3d222900b4131b148a9943db0e1bcc6,abnormal,5,0,5,2,False,False,45703.4,38556.0,27168.0,70610.0
c405835a086b2f7d7c9ef3976b69e677,abnormal,5,0,5,3,False,False,92905.6,76950.0,18170.0,200160.0
c407f9bc14eb1d87dbb961aa226a43b6,abnormal,8,0,8,4,False,False,283722.38,340200.0,13287.0,426964.0
c4135c9dce53b084dd7423af76626eb8,abnormal,9,0,9,5,False,False,72442.0,116130.0,7920.0,144774.0
c4135fa4ca67c0ae5697988741f7842d,abnormal,3,0,3,2,False,False,168068.0,102846.0,70320.0,331038.0
c413baf55bfb894ee5af02d991b452ce,abnormal,17,0,17,4,False,False,548649.29,644751.0,97335.0,1094184.0
c4179d7d6f19e1b4b27460c03810f651,abnormal,7,0,7,2,False,False,85992.0,126378.0,13552.0,146650.0
c41d4f698ccccbf7068c44c8c14f4e16,abnormal,32,0,32,8,False,True,86286.09,69171.0,7095.0,495060.0
c41f9e2dd4f6b5524d93b3229085b26c,normal,0,0,0,0,False,False,,,,
c42997b00e59f4523788aa9fbe1f7526,abnormal,15,0,15,9,False,False,221470.33,242634.0,18360.0,394964.0
c42b5e8105ed48a96bf7273e25f2a047,abnormal,6,0,6,3,False,False,259114.0,187497.0,79608.0,479044.0
c439d7071a6929d38db1b86e577806c3,abnormal,8,0,8,3,False,False,311452.12,258879.0,83616.0,679900.0
c440f25216153cfc2bcf4af70c3d59c4,abnormal,11,0,11,5,False,False,194457.36,85158.0,63987.0,427990.0
c465dd63a0c768fac5d985c9d14c4aa8,abnormal,8,0,8,4,False,False,190084.12,92898.5,8955.0,444288.0
c47b49c8a45e467ea86c02d53936b39b,abnormal,3,0,3,1,False,False,422094.67,402154.0,399208.0,464922.0
c47b6592b70ba7c5bdb919f92f4ec07a,abnormal,6,0,6,2,False,False,216699.0,215707.5,73250.0,360870.0
c47bf1efb40dc9e8eb8975abcb539ab8,abnormal,17,0,17,7,False,False,124577.88,93496.0,16632.0,370500.0
c47d248c49d70684d8638910c126ccae,normal,0,0,0,0,False,False,,,,
c4a03cb1a35df1a042140fa01620995e,abnormal,3,0,3,1,False,False,75867.0,68880.0,64291.0,94430.0
c4a330dbf5845a6f53f102eb3cd771e0,abnormal,6,0,6,2,False,False,151745.17,120470.0,43316.0,297897.0
c4c1ef63bd568c89beb4ae3ab9eeb1bb,abnormal,5,0,5,2,False,False,866385.4,1267596.0,13843.0,1663104.0
c4c2b57389bb4eac8ce685dfe8f5b965,abnormal,18,0,18,6,False,False,160620.56,131250.0,14586.0,517608.0
c4d68aad9fdec87b76853d26744026bb,abnormal,7,0,7,4,False,False,92080.14,90315.0,8240.0,166635.0
c4e6dda386e88a2c9164f19024359f45,abnormal,6,0,6,2,False,False,203124.33,198659.5,47730.0,353431.0
c4e8d9bb21040cbe94f1763856bfcfe2,abnormal,3,0,3,1,False,False,362620.0,384867.0,289191.0,413802.0
c4f7b110380be6bee542f5c26c78f36d,abnormal,7,0,7,4,False,False,902532.71,946572.0,235320.0,1626576.0
c5010a72f3e20e9b59d7bb991d3c633b,abnormal,5,0,5,3,False,False,58721.0,49532.0,31820.0,95625.0
c50bb66530634bfac9d5487a607e8211,abnormal,4,0,4,2,False,False,144137.5,167615.0,63714.0,177606.0
c516ff097d60479f58a797cefad2c80f,abnormal,11,0,11,5,False,False,346511.09,406614.0,15936.0,833940.0
c5326a0f289b91e4fe88b86d5b00a7bd,abnormal,9,0,9,4,False,False,311164.11,359040.0,43677.0,595344.0
c53c9441ef4e5df63d8dfb34a983900e,abnormal,6,0,6,2,False,False,299198.83,266173.0,113085.0,529188.0
c55486a359cc99e2d1518ceba3020967,abnormal,9,0,9,5,False,False,210011.33,96016.0,18590.0,661804.0
c57e2790b60c949160c90679c711066a,abnormal,5,0,5,2,False,False,262429.8,144207.0,97854.0,570636.0
c58bc096aa929d9645f0a15a62771893,abnormal,15,0,15,5,False,False,125183.87,105716.0,22022.0,310689.0
c599c619d44a05ed87854caa6977fd18,abnormal,9,0,9,5,False,False,327991.67,87962.0,33015.0,1017870.0
c5a45ede0cbd270bf54e8a5e7fd27813,abnormal,11,0,11,7,False,False,145743.18,53865.0,31833.0,480624.0
c5aa9d492605510ce5fc2403df57cd6a,abnormal,4,0,4,4,False,False,22245.5,18272.0,13456.0,38982.0
c5ad7caaee32f3d5647a993ab299b1c1,abnormal,22,0,22,8,False,False,76252.5,19352.5,918.0,376800.0
c5ae256b23f9336ac61c393b3d1607b3,abnormal,6,0,6,2,False,False,251781.33,203186.5,87612.0,474138.0
c5b761d0fefbe5b1c05822a4df670c09,normal,0,0,0,0,False,False,,,,
c5beeca4042003ebfeac1f3a786dbe6a,abnormal,6,0,6,3,False,False,14605.5,14272.5,3564.0,23807.0
c5c36ce7f8adbd045bfe59a325eeae47,abnormal,6,0,6,2,False,False,290376.0,264088.5,67512.0,548728.0
c5d6ea0776a448a0e43bb1f1638044cd,abnormal,6,0,6,2,False,False,244712.0,204808.0,81950.0,504630.0
c5dfd21f7ffbb5183cb8a2b7874de381,abnormal,7,0,7,4,False,False,56244.0,55296.0,4148.0,155820.0
c5eb5f71bfa01fe274e5f6a19f6006ed,abnormal,5,0,5,2,False,False,188485.4,207621.0,60490.0,301781.0
c5f612ff593f8d5568d3b5d5594d96d4,abnormal,7,0,7,5,False,False,116771.43,85183.0,61410.0,182648.0
c60b87f681462b74b5cc58bc78f5b99e,abnormal,6,0,6,4,False,False,269572.33,272624.0,241945.0,294148.0
c619a784636c085eb798f98a5ba1102d,abnormal,7,0,7,4,False,False,120466.43,71997.0,7802.0,536716.0
c6221295778a330b5b3fa85e719ee9e8,abnormal,4,0,4,2,False,False,314394.5,386803.5,70691.0,413280.0
c629819adb86c5d0cfd7d454a64d508a,abnormal,4,0,4,2,False,False,198222.25,197657.5,98365.0,299209.0
c65efe41cef6390d70796a2947dbcc91,abnormal,9,0,9,4,False,False,205351.11,241542.0,15931.0,274920.0
c67b6e145e57b4fbd4db367f114bd879,abnormal,3,0,3,1,False,False,424654.0,439824.0,322050.0,512088.0
c6821f9488fa1827726c54dbf5c862b8,abnormal,16,0,16,3,False,False,91607.19,59402.0,8576.0,374319.0
c683b3808de205ecfd3d3e09f4de44a2,abnormal,5,0,5,3,False,False,139697.2,108032.0,82008.0,281725.0
c699f16ba0b86f474390da9515bcad7a,abnormal,42,0,42,8,False,False,143193.95,21640.0,780.0,660016.0
c69c8b15929c66d8756acc34fe456713,abnormal,7,0,7,3,False,False,26753.14,11948.0,9360.0,66880.0
c6a67dc0d36b5e231b4a1789d00be3d9,abnormal,5,0,5,4,False,False,15859.4,2610.0,1620.0,69695.0
c6ad29cb15e0476259fdf56305b286d4,abnormal,4,0,4,2,False,False,103835.25,104506.0,71100.0,135229.0
c6ada34016e7fdffbba5cbccc996e395,normal,0,0,0,0,False,False,,,,
c6ae45cbd57420cf4937b9f9299a5667,normal,0,0,0,0,False,False,,,,
c6c19cc8f966c6353e663a4e299d9a39,abnormal,35,0,35,7,False,False,133381.17,15444.0,3132.0,657312.0
c6de0bd21c84a2c1eac1b869e79e7ffd,abnormal,6,0,6,2,False,False,247162.67,235973.5,50960.0,435412.0
c6e432dd2d937af0c6c404f59e82524b,abnormal,21,0,21,7,False,False,33266.76,28194.0,1320.0,106276.0
c6f36808b0208f5011ecb1ea21aef1b3,abnormal,6,0,6,3,False,False,422287.83,430831.5,45828.0,843404.0
c6fe78d03c9d12783f3451ad237351f4,normal,0,0,0,0,False,False,,,,
c70dce909198abf8b39a7e0d41c9a895,abnormal,6,0,6,4,False,False,301418.5,341613.0,33000.0,590238.0
c71ce6345cf70b23ab481a2d66e9c288,abnormal,10,0,10,4,False,False,29379.9,29024.5,19511.0,42158.0
c723c6ffb2f746dff02c9538c6c593f4,abnormal,12,0,12,5,False,False,428424.42,437169.0,30756.0,828004.0
c74b6a0a59b10d81e57158890803fae4,abnormal,4,0,4,2,False,False,53163.0,50457.0,22792.0,88946.0
c74b97e75097396e9f159c80d5a4a268,abnormal,6,0,6,2,False,False,175668.33,131111.5,66937.0,448224.0
c7544daad44cfaa27e274b88dce60c46,abnormal,4,0,4,2,False,False,540288.0,546360.0,505500.0,562932.0
c75d652b2cd934bb797a9a02c6aec8ee,abnormal,9,0,9,3,False,False,798663.78,642984.0,127794.0,1622376.0
c75f825862144dbdff940d9c4ecccde8,abnormal,5,0,5,3,False,False,185098.6,143412.0,11193.0,491568.0
c7629ae7a638c5892d90c49fd90401f0,normal,0,0,0,0,False,False,,,,
c772fcde08c1e9cb49ab6c11b8fe6e42,abnormal,13,0,13,6,False,False,67196.85,5092.0,875.0,330902.0
c78a429b728a3b35c6e4b4a560dee407,normal,0,0,0,0,False,False,,,,
c797ab3749e39389929f6b188eee412e,abnormal,8,0,8,4,False,False,308800.38,227338.5,51072.0,669612.0
c79916dc9b5b70cbd4138366358976a2,normal,0,0,0,0,False,False,,,,
c7afdce95181c731e79f72d4ad6d4447,abnormal,5,0,5,3,False,False,34319.6,31820.0,18209.0,51700.0
c7ce99e81ceea73f99d919b38d8df460,abnormal,10,0,10,7,False,False,137037.1,81676.0,57054.0,365532.0
c7d940c13f1be3feeb46adb7e8206de9,abnormal,13,0,13,3,False,False,33419.62,7125.0,2600.0,264320.0
c7dfac0ca6b7382d2d51a92ebdf6169e,abnormal,4,0,4,2,False,False,11514.25,13792.5,1462.0,17010.0
c7e5ddae40ae657e6dd89aba0e113a66,abnormal,6,0,6,2,False,False,407256.0,398855.0,55638.0,787508.0
c7ea6667211c1999c15af0e228a6e040,abnormal,5,0,5,2,False,False,44576.6,29988.0,7420.0,86147.0
c80fe973b34b764cf37e43efb755c0b8,abnormal,6,0,6,3,False,False,259793.67,252787.0,15621.0,510125.0
c818320ffaaa28c866549769e23a3b1d,abnormal,7,0,7,3,False,False,156026.0,104813.0,14649.0,310023.0
c8205cbdfff77ee90770156c3075a38f,abnormal,10,0,10,3,False,False,1178017.2,1290878.0,160270.0,1422798.0
c82a4c022beafccbd3bb2d1e8a50a0ee,abnormal,4,0,4,2,False,False,95865.0,99168.0,75936.0,109188.0
c837c5bfbeedca68690f51b2e07aaabd,normal,0,0,0,0,False,False,,,,
c854dff7593a38e6e7a83330ff32ac86,abnormal,4,0,4,2,False,False,33929.5,38520.0,17278.0,41400.0
c85587ddf15dbf7ab134208647cb9856,abnormal,12,0,12,6,False,False,88082.58,76202.0,25277.0,224532.0
c855e2fc7a8fea601a568f546e466d4b,normal,0,0,0,0,False,False,,,,
c8634131ee43469be8f4f75ab4595b10,abnormal,15,0,15,6,False,False,44961.93,18860.0,3969.0,207324.0
c8772752985ad53b7c0214c4c954dd01,abnormal,5,0,5,2,False,False,520416.0,511360.0,494606.0,550754.0
c87a39abf714b710d0539e246739d783,abnormal,12,0,12,4,False,False,52797.25,41166.0,36636.0,94239.0
c88c3cfbb6ed6198f4e13b5e4dda7f5b,abnormal,4,0,4,3,False,False,195104.5,155076.0,57816.0,412450.0
c8a24a5d72c93b72685287c27e0d4623,abnormal,8,0,8,5,False,False,45658.0,39492.0,11110.0,91749.0
c8a56cc3c310b1619ec6559afab11089,abnormal,5,0,5,3,False,False,102907.6,102120.0,77490.0,150664.0
c8a782d151fc7bc3305ec970901b7bfe,abnormal,8,0,8,5,False,False,179174.62,86165.5,9680.0,459315.0
c8cd4cf2230684b7185aa05d0cefe6b6,abnormal,3,0,3,1,False,False,98448.0,93072.0,82845.0,119427.0
c8cef7f9bbed9e8303371f940dcfc495,abnormal,9,0,9,5,False,False,309666.78,180200.0,57436.0,761842.0
c8e9aaf309d856f9a7275115fef4a423,abnormal,6,0,6,2,False,False,244823.5,219397.0,92335.0,415800.0
c8f305c30eccf48e12cf024df3d24e26,abnormal,5,0,5,2,False,False,146743.2,73062.0,42066.0,301158.0
c8f75e6529a051827b8b7952a3e65f5b,abnormal,5,0,5,4,False,False,79382.4,58520.0,56426.0,140280.0
c8f9493ed65b68adb82000cb7ca7baf3,abnormal,7,0,7,4,False,False,159951.43,189766.0,10944.0,313857.0
c8fe4972b001dfc2e11a06c800da0d6a,abnormal,3,0,3,1,False,False,47616.67,52942.0,35476.0,54432.0
c9178abde9d3400103cf7f925bc38782,abnormal,9,0,9,5,False,False,408577.78,294065.0,81012.0,816501.0
c918bc36b064c7fb97f95503181a4d60,abnormal,5,0,5,3,False,False,49684.2,58960.0,12741.0,65330.0
c922a445f08f22058a4a979c5de23586,normal,0,0,0,0,False,False,,,,
c925e4d4be7a67db1cda23c93f9414ec,abnormal,4,0,4,2,False,False,335155.0,346453.0,138688.0,509026.0
c92a0bd2d3c781a82946934351821e9a,abnormal,13,0,13,4,False,False,190154.0,54020.0,16064.0,809878.0
c9380a132776f6d999ed5a72a1212bcf,abnormal,14,0,14,7,False,False,78899.64,60146.0,7585.0,396675.0
c93d43336ef6d28348794b5ced1886a4,abnormal,8,0,8,4,False,False,472534.75,408497.0,227106.0,866762.0
c978cdb3275ab78fe11929e145dedab2,abnormal,14,0,14,6,False,False,291322.0,255039.0,76728.0,465883.0
c989d46402b855ed7f825b7e6e4c17b2,abnormal,12,0,12,5,False,False,101320.0,74019.0,10703.0,264000.0
c996a67b615c29ae24418c918bd44c69,abnormal,17,0,17,6,False,False,57313.18,14478.0,714.0,479600.0
c9c761e1d3bf899273a06ca2e24610ef,abnormal,5,0,5,3,False,False,50504.4,59558.0,16008.0,77197.0
c9e29220b5d0f9cfdb250f0872648a89,abnormal,6,0,6,3,False,False,368993.67,361399.5,9072.0,729027.0
ca06e2f4999e77fe76003a86b64a0710,abnormal,8,0,8,6,False,False,78457.12,55907.5,5301.0,160882.0
ca1f29978ccbee874f58148f4148e278,abnormal,3,0,3,1,False,False,1121617.0,1094793.0,1089978.0,1180080.0
ca2367e34e80cf17deb67602a24e4920,abnormal,11,0,11,6,False,False,101823.27,66720.0,15088.0,302868.0
ca23e139746a14d9de312dc7271d84e4,abnormal,7,0,7,3,False,False,143615.57,95844.0,68796.0,220780.0
ca2a64d3c50654de6327f3880bbc17d3,abnormal,13,0,13,3,False,False,1150066.77,1351203.0,83076.0,1652112.0
ca300a7c90492a6f03220a3f9efe7c4e,abnormal,5,0,5,3,False,False,500812.6,595406.0,19564.0,802256.0
ca3e09e7614df68776156e7388fa5edb,abnormal,3,0,3,1,False,False,508795.67,462984.0,434658.0,628745.0
ca45eff411274d3a20007bfbc5b68bc1,abnormal,7,0,7,4,False,False,298108.43,116939.0,16226.0,694232.0
ca51a918dfb1408e97204c7dbf8a6f39,abnormal,3,0,3,2,False,False,10688.33,9790.0,8051.0,14224.0
ca527d7c532ec5810f5b73ab2ff7170a,normal,0,0,0,0,False,False,,,,
ca6ad3f597ed0079bf27187e72855c15,abnormal,8,0,8,3,False,False,176289.5,88953.5,17767.0,397440.0
ca6c1531a83f8ee89916ed934f8d4847,abnormal,17,0,17,6,False,False,185044.18,44460.0,5198.0,698566.0
ca72b54e1dc0ba04d64631ccd30acb9d,abnormal,8,0,8,3,False,False,229027.62,167019.0,16614.0,532800.0
ca96c5f3611278776d1f6027bbd41005,abnormal,6,0,6,2,False,False,237311.83,212410.5,90048.0,422100.0
cad7f3b0b26e674d67eb5a735c0a9bbe,abnormal,9,0,9,3,False,False,487815.44,212355.0,23166.0,1447352.0
cad8e7e5f5034a50d4b1ebb30db533c5,abnormal,4,0,4,3,False,False,114811.5,109419.0,13860.0,226548.0
caf1b7af2b0caf57a7ae5d23b5dd2aba,abnormal,7,0,7,3,False,False,749874.0,680850.0,136640.0,1353540.0
cb0165cbc17f5d8d0fc4deab637aa2ae,abnormal,12,0,12,4,False,False,42223.5,15580.5,9882.0,111201.0
cb206cb073c2685558a0ef6dece16fa7,abnormal,5,0,5,2,False,False,111858.2,108800.0,93360.0,132210.0
cb8fd53c4498aa62dd48c184beb050bd,abnormal,5,0,5,2,False,False,191557.2,187172.0,165410.0,235873.0
cb9658d61c84a99ba31665f40cb0788d,abnormal,5,0,5,4,False,False,225520.0,150552.0,116436.0,371176.0
cb9cfff99f0aa6a0e618e2310a68f186,abnormal,10,0,10,4,False,False,109387.1,76668.0,8385.0,424568.0
cbae689446b034eb2204751c65e08af2,abnormal,7,0,7,3,False,False,282072.0,109140.0,23940.0,609840.0
cbc971fb918adb51914a165519ba121a,abnormal,6,0,6,2,False,False,18640.33,22375.0,10500.0,23046.0
cbcb95889f621abbd2e9b46220267c98,normal,0,0,0,0,False,False,,,,
cbfe3d59be5549fee6a56e73fc8b2803,abnormal,6,0,6,4,False,True,160149.67,83867.0,14364.0,387600.0
cc47c14b9aa97e08fad1925a6dc1efee,abnormal,6,0,6,3,False,False,197079.5,272249.5,9108.0,305660.0
cc5ca13d504354fc7c1e75bf2ca9857b,abnormal,4,0,4,2,False,True,385469.5,493040.0,60888.0,494910.0
cc625b64cd45864eb85bdf4446e813a4,abnormal,8,0,8,3,False,False,179008.0,106957.0,14200.0,595696.0
cc6fc3c91c3d9061b11b65f8257a2ad0,abnormal,11,0,11,4,False,False,275391.73,230454.0,19885.0,931805.0
cc9a84f1f3942ceb845c5f174e5b70cd,abnormal,15,0,15,7,False,False,355759.0,160094.0,4864.0,1914299.0
cc9b6ee01a01702434ad789eef9432fb,normal,0,0,0,0,False,False,,,,
cca122e46a24a6ccfeba9ade9f7b933c,abnormal,9,0,9,2,False,False,5234.78,1645.0,357.0,12971.0
cca5fa8df1efa35b42580fc781efadb7,abnormal,12,0,12,4,False,False,138408.33,110113.0,14580.0,353058.0
ccce794d56a43641c1bb3d6b0253e794,abnormal,6,0,6,3,False,False,60573.33,62124.0,45652.0,73944.0
ccd403a2a0b24d9d67ebf996e03224d3,abnormal,6,0,6,2,False,False,273387.0,225336.0,79268.0,510431.0
cce1682c4fbfc0f04fb84136651a3813,abnormal,11,0,11,4,False,False,83179.09,78325.0,6498.0,226950.0
ccff375f4139cef65b98385224cfc810,abnormal,5,0,5,2,False,False,1024045.0,135141.0,70272.0,4500496.0
cd1290a0b49dd799d0c77475b1953868,abnormal,5,0,5,2,False,False,352594.8,226008.0,171936.0,618230.0
cd1a6e3e5352f7b0dd5f596f29b74390,abnormal,7,0,7,3,False,False,144896.14,73656.0,3818.0,306117.0
cd2ca6c232cc1c107ad1249579b457be,abnormal,8,0,8,3,False,False,54408.0,59961.0,17336.0,103304.0
cd33be932bca447f6bf5b83b03018806,abnormal,12,0,12,3,False,False,159389.58,144206.0,97637.0,245287.0
cd42d4220f19d14291f1cf7c2a194f07,abnormal,7,0,7,3,False,False,295462.86,104469.0,27520.0,690879.0
cd49c1e8e2c3e37a4dc3325c986a609f,abnormal,4,0,4,2,False,False,39981.75,42310.5,7040.0,68266.0
cd61bab9751a2dc321165c975901bb23,abnormal,8,0,8,3,False,False,213093.62,95245.5,13041.0,585798.0
cd857b26125043e9eee272433187f3a6,abnormal,7,0,7,2,False,False,55873.57,39744.0,12500.0,118347.0
cd92b5a85b85e254d101eb7b1deed668,abnormal,7,0,7,4,False,False,272726.43,242408.0,16140.0,419013.0
cdad4eefae33e95d6fb7e6422cf84758,abnormal,4,0,4,2,False,False,71757.0,76438.5,25899.0,108252.0
cdbd07a6e9e17958d4cafd4278872806,abnormal,14,0,14,6,False,False,195673.57,155245.0,50373.0,561317.0
cdc44f8510ed779fade14a506d2bbd8c,normal,0,0,0,0,False,False,,,,
cdc9449b58f831981f7df30de936077d,abnormal,7,0,7,4,False,False,86401.14,74529.0,34038.0,161784.0
cde07682ce7758568b5a3701eee9f46a,abnormal,12,0,12,5,False,False,67923.25,21430.0,4920.0,410025.0
cde438e260e3b75a814cd3519a2c28b5,abnormal,8,0,8,4,False,False,56394.0,55578.5,999.0,112788.0
cde6b59dc5447237fd9f9b264567a653,abnormal,7,0,7,3,False,False,182816.0,95282.0,52138.0,358208.0
cdeda235172891a9886537799cd57d76,abnormal,8,0,8,4,False,False,81134.12,6345.0,1404.0,510300.0
cdee8199f2b74923889994f67789dae8,abnormal,7,0,7,3,False,False,172627.43,84626.0,4446.0,340599.0
cdf9f0eb45572fe32a1c66db5755fc20,abnormal,3,0,3,1,False,False,239923.67,239292.0,185891.0,294588.0
cdfac35a0800774db5fe8a6354df64ef,abnormal,6,0,6,4,False,False,85170.33,91044.0,5928.0,136335.0
cdfb27f0268e0803530e4511ed89b0c1,abnormal,6,0,6,2,False,False,240126.83,238117.0,69168.0,426312.0
ce05e2dfd28685a861263561a123fb05,abnormal,5,0,5,3,False,False,60092.8,25842.0,7100.0,164362.0
ce0a7268695e0f82d7350f8646ea8c86,abnormal,5,0,5,2,False,False,190088.4,157353.0,91504.0,290360.0
ce124e4ecf1e643ca350bbc75e7f8658,abnormal,7,0,7,3,False,False,221176.86,145740.0,21060.0,507577.0
ce1809b48b0ba6519f6f7b3a01155173,abnormal,7,0,7,4,False,False,85958.57,5880.0,4650.0,434042.0
ce229a03f797a78f5c482af89d78c988,abnormal,5,0,5,3,False,False,126453.4,65925.0,4680.0,399503.0
ce2445abc396911bace06d962bf9b6e6,abnormal,8,0,8,5,False,False,171333.75,66516.0,7000.0,437138.0
ce2c5376b597eb067395da4c7f9960aa,abnormal,20,0,20,7,False,False,274536.8,245185.5,10686.0,835390.0
ce2c97cafc1a2ef349e996e91abd554a,abnormal,19,0,19,8,False,False,316824.68,76120.0,7344.0,881640.0
ce371ba7a1fb344e711357b2a55c8754,abnormal,9,0,9,6,False,False,250270.56,246945.0,72576.0,399096.0
ce4e8ead795a19444e7b9dc1c27cfb66,abnormal,4,0,4,2,False,False,366291.25,398336.0,197200.0,471293.0
ce51a9ef3a4afc873a483972c2264c2f,abnormal,18,0,18,9,False,False,83891.83,55906.0,7440.0,220665.0
ce5d79a7cdd6e58c3c4e858abf9c4101,abnormal,3,0,3,1,False,False,100453.67,92412.0,89401.0,119548.0
ce5e76544b8c1d0ec34783b0f1bc471d,abnormal,31,0,31,5,False,False,158517.42,7200.0,2070.0,1321275.0
ce6877e88fc20990497099e6196b6ae4,abnormal,4,0,4,2,False,False,163794.0,182628.0,6240.0,283680.0
ce99128124dc2e9cb8795a06342c00a2,abnormal,3,0,3,1,False,False,47968.0,51750.0,39277.0,52877.0
cea1568b0614b071775567674391519d,abnormal,6,0,6,4,False,False,71994.17,51317.5,16120.0,214851.0
ceae25112f71e514cb5772484f9434f7,abnormal,6,0,6,2,False,False,247463.0,222240.0,95850.0,448032.0
ceb5e06ea1a66fedab43e8bdb51890eb,abnormal,4,0,4,2,False,False,155544.25,188559.0,9870.0,235189.0
cefc63f9ff49d9da82c49144f05a13cd,abnormal,3,0,3,2,False,False,14428.0,6480.0,6132.0,30672.0
cefc99738c5307f12d9104f31ff2c1c4,abnormal,15,0,15,4,False,False,157543.0,6314.0,1840.0,1103040.0
cf32a2bc41deeb7436a36bcc4ff324fb,abnormal,10,0,10,7,False,False,209467.2,118694.5,43134.0,806927.0
cf3f071a229e2d4433abcb38c4b35cac,abnormal,21,0,21,5,False,False,292230.19,119970.0,10115.0,1100274.0
cf412a6f906091434c19ffd30f2df9b6,abnormal,18,0,18,7,False,False,67096.56,57337.0,6600.0,242193.0
cf4d4dc28551c17c0d33d0326d4a201b,abnormal,5,0,5,2,False,False,204031.6,304042.0,13671.0,347600.0
cf5594b365507845c417b03b93107877,abnormal,3,0,3,1,False,False,10206.67,10509.0,7956.0,12155.0
cf62220b6647aa19043a9bd46a04f61a,abnormal,6,0,6,2,False,False,221291.83,222114.0,107440.0,334950.0
cf7b4c06372d21a1d7dc81dcd6757dfe,abnormal,11,0,11,5,False,False,373305.0,202401.0,8450.0,2160732.0
cf95785b8e8bf924e9cf0b51faef41aa,abnormal,10,0,10,6,False,False,99538.0,73584.0,5488.0,278850.0
cf959acfa91add68f9f4b35aca1abbce,abnormal,5,0,5,2,False,False,126205.4,89280.0,10962.0,273223.0
cfb0f1134227a67c3c30809e424fba01,abnormal,7,0,7,3,False,False,80532.57,55216.0,19250.0,313636.0
cfbac484f94686cd93d564487d9e5a8a,abnormal,4,0,4,2,False,False,93439.75,90706.0,75504.0,116843.0
cfcd11e1470297208eb39c9e82d6618a,abnormal,5,0,5,3,False,False,26306.4,22625.0,2079.0,47304.0
cfd708bfc4b35a7a4d6aabde5c0799ae,normal,0,0,0,0,False,False,,,,
cfe3e67ca5f8235d64e51416a26e70cc,abnormal,8,0,8,3,False,False,1093698.12,1225721.0,43802.0,1873608.0
cff98ac92877ed0954dad4fefb125d1e,abnormal,21,0,21,7,False,False,81021.1,52246.0,323.0,391902.0
cffa67149b86b1359623d25f061a2063,abnormal,18,0,18,4,False,False,636752.0,425430.5,96612.0,2351830.0
d0043062cebce85f2487407bc033d405,abnormal,14,0,14,9,False,False,526803.07,452436.0,55062.0,1373472.0
d00773ee4a01cc570b35d2f86a22d961,abnormal,7,0,7,3,False,False,349073.71,237424.0,4851.0,661250.0
d015e02257639b55b196e26820e10081,abnormal,11,0,11,7,False,False,163246.55,139194.0,34580.0,416185.0
d0252f72f9db197d04d2f59c8f77f908,abnormal,13,0,13,3,False,False,1213342.54,1291472.0,120175.0,1416981.0
d04d4c8e2d4a4338994e37f3eec158ca,abnormal,14,0,14,5,False,True,137269.93,32922.0,6142.0,615420.0
d04f6328a4f309158aabe9818ab3e2eb,abnormal,4,0,4,2,False,False,277344.75,351576.0,29799.0,376428.0
d055c6563b7d1059b2488cd239aa328e,abnormal,16,0,16,6,False,False,109658.94,109870.5,6592.0,277200.0
d058b141769a9791bb2547c44f08c79e,abnormal,7,0,7,3,False,False,247942.71,295074.0,63133.0,490500.0
d0698d11e0b9d2f343888948f5fccb83,abnormal,6,0,6,3,False,False,244340.5,306543.5,33330.0,382030.0
d06c3bda18d5dc7ff656faf4358615a4,abnormal,6,0,6,4,False,False,40451.67,33258.0,6916.0,79596.0
d07557904cbe57fc1bdebac1e8aeefa1,abnormal,14,0,14,4,False,False,32110.5,24776.0,750.0,86112.0
d07da8a9b93d7c684264ec8be14c0fe7,normal,0,0,0,0,False,False,,,,
d087fb5597b73624c84203ca9633a2c1,abnormal,4,0,4,2,False,False,65405.0,57167.0,31408.0,115878.0
d088c22989ec259a26d64efe51eb276d,abnormal,6,0,6,2,False,False,264025.0,246239.0,89879.0,530751.0
d08fe6d0819f1ca56bc29422f8d8a408,normal,0,0,0,0,False,False,,,,
d09d12dab1ee691049e51dfd69722a09,abnormal,4,0,4,1,False,False,42254.25,47400.0,21840.0,52377.0
d0a8b798569ce701b96f52058e99e5f4,abnormal,3,0,3,1,False,False,1531038.0,1529720.0,1453830.0,1609564.0
d0d9778108b9059fd91572f77ed96e51,normal,0,0,0,0,False,False,,,,
d0e7b36dd1975188809340a634301e87,abnormal,6,0,6,3,False,False,506730.33,597493.0,55296.0,655292.0
d0ea942db524a895c4bc433e03c3cd3a,abnormal,17,0,17,6,False,False,113194.0,56274.0,4355.0,465405.0
d0f5c4ab003b51700ba82fab2eeef905,abnormal,5,0,5,2,False,False,317247.6,383570.0,68900.0,540864.0
d106ec9b305178f3da060efe3191499a,abnormal,39,0,39,4,False,False,183928.15,9628.0,1260.0,2601663.0
d10befbaf9fa291ed319f7118515a20c,abnormal,5,0,5,3,False,False,57385.2,62712.0,34188.0,88692.0
d1192634c95b9018fe25890bf74d45ab,normal,0,0,0,0,False,False,,,,
d11b2ce53ce195af06de80a5076f8126,abnormal,10,0,10,4,False,False,56097.8,42210.0,10349.0,133575.0
d13883c248f9a28b6f50e3ac77ccb756,abnormal,3,0,3,1,False,False,461926.33,466176.0,444391.0,475212.0
d142a0fed8a258c8093a0e0e9c4e48ce,abnormal,5,0,5,2,False,False,307873.2,419920.0,87725.0,475020.0
d14f7d9469a5cdf6a60feea8f190f38d,abnormal,7,0,7,4,False,False,224221.29,185288.0,19470.0,597168.0
d15440be54e5314679b36d0e7c9c0da1,abnormal,8,0,8,4,False,False,380647.25,287236.0,137497.0,739381.0
d15e6278a65dfc72e8a437c5836ba4a6,abnormal,6,0,6,2,False,False,208962.5,197198.5,107970.0,320960.0
d1605d4007fbbdbec96acce4a834d10b,abnormal,7,0,7,3,False,False,102194.71,106547.0,13572.0,148190.0
d16b67fee07971da41a3d08707ccd864,abnormal,4,0,4,3,False,False,417814.25,448520.5,36024.0,738192.0
d16f5fd6c9f2c17efe75b084d527c2a5,abnormal,6,0,6,3,False,False,420698.67,458483.0,69498.0,567886.0
d1713f5cf5838c1592e5f712b5d4928e,abnormal,6,0,6,5,False,False,155446.33,177416.0,40976.0,202938.0
d1840dda98dafc76f201fa30bda3ef94,abnormal,6,0,6,3,False,False,238592.33,263993.0,139545.0,318588.0
d189ad84aa78fffbb5bea14f1c230e54,abnormal,16,0,16,6,False,False,135719.62,115739.5,12264.0,428204.0
d18baf80b9c942af3688e9ddeb3dd18b,abnormal,5,0,5,4,False,False,244519.2,151500.0,32421.0,619140.0
d19b822e1f1cb392d172d1ee4fa73005,abnormal,4,0,4,2,False,False,498610.5,426740.0,387182.0,753780.0
d1ae8f8c681cf7e9ad6fc1f8ab02dc3a,abnormal,13,0,13,5,False,False,359325.15,376320.0,92247.0,536664.0
d1bb581de986967b12d4ee6a064d70e8,abnormal,4,0,4,1,False,False,147255.75,104141.5,9540.0,371200.0
d1bcef094e9b8c86c70192220b8e1648,abnormal,6,0,6,4,False,False,281962.5,289529.5,214550.0,346484.0
d1dbddfd0d130d400e81deeef783007a,abnormal,20,0,20,7,False,False,107134.95,63080.0,1971.0,563160.0
d1ded9f78544969878049b01149d0dd2,abnormal,8,0,8,4,False,False,85106.25,67075.0,16533.0,248442.0
d1dfd6ac02ac34ebaf9788ec9b2de1f3,abnormal,10,0,10,3,False,False,60173.7,59764.0,6525.0,111180.0
d1e95f585e1094cb8ddf94c1d97a4d1a,abnormal,16,0,16,5,False,False,379732.38,320952.0,26016.0,677370.0
d1eb013c56b49d88034915dbee6c5f68,abnormal,8,0,8,5,False,False,135657.25,139765.5,17201.0,272586.0
d1ee146b55af8b9cd84ec605a9aa36bd,normal,0,0,0,0,False,False,,,,
d20563eda118661e39a855fa825539fe,abnormal,6,0,6,3,False,False,218622.0,123177.0,62208.0,481780.0
d211355c013edb6306146222ebb2082f,abnormal,10,0,10,4,False,False,51541.7,24238.5,2494.0,268668.0
d23024cde82d22b8e1cf899c3c0207c7,abnormal,6,0,6,2,False,False,171137.5,139946.0,61744.0,337960.0
d2305891b7a1433e06323ea610d47884,abnormal,7,0,7,5,False,False,241819.43,102312.0,51392.0,498095.0
d23be2fc84b61c8250b0047619c34f1a,abnormal,4,0,4,2,False,False,462641.25,546184.5,136620.0,621576.0
d23f3e07cbc9ef75f47407eccac43d73,abnormal,5,0,5,2,False,False,268699.0,238680.0,224159.0,400388.0
d252062152a9c144706233c2a544c711,abnormal,11,0,11,5,False,False,126289.45,106305.0,39483.0,297836.0
d25885006314439d3d359c94d1ea63e9,abnormal,3,0,3,1,False,False,144291.0,145017.0,133434.0,154422.0
d260497f6120426c51399f5f846c16b6,abnormal,6,0,6,2,False,False,197969.0,188251.5,95040.0,316632.0
d280f2ad03ad22e2fdcdcd0d26869e47,abnormal,7,0,7,3,False,False,168559.14,142912.0,4284.0,399432.0
d28436f3bcb1f8a129b35a812d5c8cfb,abnormal,11,0,11,7,False,False,106263.73,104725.0,11160.0,239776.0
d28f1f4fdbb37d98f802678fc174ff21,normal,0,0,0,0,False,False,,,,
d29e22e5ef93b44aef8810130ef9acca,abnormal,6,0,6,2,False,False,390166.67,373554.0,172960.0,691935.0
d2ba8e95f185391a08f009c8e2a9ca12,abnormal,7,0,7,3,False,False,153367.14,82845.0,15651.0,312062.0
d2bc15eab8150cfcbcd9364c20c7297d,abnormal,8,0,8,5,False,False,81717.25,36024.0,8526.0,224196.0
d2de60c06501603f1d4842fa71808636,abnormal,10,0,10,5,False,False,85076.6,81542.0,30992.0,114945.0
d2e80d6cae14b72a824f1ac625d23472,abnormal,8,0,8,3,False,False,263310.62,195032.0,44109.0,930528.0
d2ee971a8b41f013def83648617b43cc,abnormal,12,0,12,4,False,False,33059.83,27636.0,8700.0,76995.0
d3013a1bf9748593f9a413cf4f067d7f,abnormal,4,0,4,2,False,False,487205.5,558394.0,118856.0,713178.0
d312cdd620b130479bfea6128e47b2c4,abnormal,21,0,21,7,False,False,299683.43,253356.0,56642.0,960449.0
d32509da6cdeed96643392245b6ab8e8,normal,0,0,0,0,False,False,,,,
d32677062d9b64918b27c648d2da50d1,normal,0,0,0,0,False,False,,,,
d33e30f362a5e816c72f2d2e81b810bd,abnormal,6,0,6,2,False,False,222586.0,226280.0,72002.0,357544.0
d3627a59bdf97f89094cbcee823ba057,normal,0,0,0,0,False,False,,,,
d3637a1935a905b3c326af31389cb846,abnormal,11,0,11,4,False,False,125375.18,45458.0,1247.0,406232.0
d3780a0c70b4737cd12874433023c40a,abnormal,8,0,8,5,False,False,57793.75,58771.0,12874.0,96968.0
d3823d24855b6ef03c188e962948b4b9,abnormal,12,0,12,3,False,False,398648.67,293460.0,20672.0,910052.0
d382f7b5c1608ed890527962c60eda05,abnormal,6,0,6,2,False,False,374406.83,356927.0,73505.0,698544.0
d39514e0a4ab55df4e5f6e0426aa8fed,normal,0,0,0,0,False,False,,,,
d3b82f17d58da80f02e2b0812606cee2,abnormal,12,0,12,5,False,False,313099.08,320943.0,140928.0,453876.0
d3dfd38de2eecc6492fa8101d8245b76,abnormal,11,0,11,3,False,False,290428.64,372240.0,45570.0,520959.0
d3e275e681d082bcc003336b8355b2f2,abnormal,4,0,4,2,False,False,450661.5,441868.5,367608.0,551301.0
d3e2d6c3f0b85c65e3bd7561b2ece66a,abnormal,4,0,4,2,False,False,105176.0,84618.0,57820.0,193648.0
d3ef9ae515fb3cd3565e2c9875b3e0aa,abnormal,14,0,14,4,False,False,51814.86,18625.0,5312.0,200165.0
d3fcec7cbaa93e9e4845724118cae73c,abnormal,4,0,4,2,False,False,166237.25,140584.5,111232.0,272548.0
d414a0d3435dd64628dd3b72e6ecd6be,normal,0,0,0,0,False,False,,,,
d42c8cdbeea7094d8a3e4899742cdda0,normal,0,0,0,0,False,False,,,,
d433568de3111a8536c18e27eff73a47,abnormal,22,0,22,7,False,False,235399.86,154445.0,20700.0,941985.0
d4368452d937230208748ce2c819b971,abnormal,6,0,6,2,False,False,200775.83,179910.5,86520.0,342360.0
d43960df26db044d6b9caa7e4ec2ac08,normal,0,0,0,0,False,False,,,,
d439808cf55114c97c3b244c54e5ab34,normal,0,0,0,0,False,False,,,,
d43c6680c56521ab6aafd6babf8bd7c6,abnormal,8,0,8,5,False,False,105325.25,95288.0,20655.0,330994.0
d44766bf0eb902fbc1848f418417c45f,abnormal,4,0,4,2,False,False,301945.5,379071.0,48504.0,401136.0
d44b907ffbef18483e074eac9a4783dc,normal,0,0,0,0,False,False,,,,
d44deb5774617d3e89893bae3994489f,abnormal,8,0,8,3,False,False,61246.25,35991.0,8800.0,284148.0
d45374a1b323c34b8418b36b819783e3,abnormal,7,0,7,5,False,False,155375.0,169420.0,51714.0,307359.0
d45c88116610fd72a56688d29bf2771d,abnormal,4,0,4,3,False,False,203151.25,189160.0,30960.0,403325.0
d46fcfc88827c952da48421ecdac7e30,abnormal,10,0,10,4,False,False,843081.1,1052266.0,78144.0,1245820.0
d47bdbcba4b30efdc224e8d6ab79f647,abnormal,7,0,7,4,False,False,338378.0,103212.0,30400.0,873842.0
d47efdd2527ed1646f31bec6dcbbcdc1,abnormal,9,0,9,5,False,False,152063.67,103356.0,30128.0,324987.0
d4a201049322f6130e8ee837c22ed803,abnormal,4,0,4,2,False,False,330641.0,432683.0,4221.0,452977.0
d4a67043b09bca469a46c16b763c0391,abnormal,9,0,9,4,False,False,153995.67,109956.0,23010.0,423885.0
d4a8a32d495cd0d49ec8ad2eee3afa3e,normal,0,0,0,0,False,False,,,,
d4b3527d37d04d52eef04650b7c45c1d,abnormal,6,0,6,3,False,False,966147.33,858391.5,97148.0,2117210.0
d4b495a674f603616f7f418f41e4e0bf,abnormal,6,0,6,2,False,False,266565.0,250300.0,63294.0,509450.0
d4bcbefefd480d4362d7d373a23e8729,abnormal,19,0,19,7,False,False,431454.63,223036.0,49980.0,1744662.0
d4dcc6b21675250fcf6697b8b1b65e5d,abnormal,3,0,3,1,False,False,91634.33,96915.0,72624.0,105364.0
d4e8665286a7fd59bcd408868c247a5d,abnormal,6,0,6,3,False,False,52956.33,33902.0,23652.0,164300.0
d513454347dd168afa0b6bb6c328a2ee,abnormal,4,0,4,2,False,False,389897.25,390345.0,224100.0,554799.0
d5203efda6708309bae1c60534f16192,abnormal,6,0,6,4,False,False,206531.67,94830.0,68478.0,454168.0
d52590d27ebd08d17277ef794e31337f,abnormal,3,0,3,2,False,False,164666.67,147740.0,58788.0,287472.0
d530ec3596a3e7e7dd73fbe369178c07,abnormal,5,0,5,2,False,False,233182.0,159160.0,68160.0,512100.0
d5331c5488785e73b81760e5418a192d,abnormal,22,0,22,5,False,False,154579.5,42828.0,11628.0,478192.0
d547ff1995b2b5cd7904cb0052857dd1,abnormal,6,0,6,3,False,False,12255.0,12391.5,10296.0,13668.0
d54f205e3f01d2ead98f02fc1bd4c164,abnormal,14,0,14,5,False,False,146574.29,119589.0,8282.0,312004.0
d558629d10923b5a498508ac4b65f7d2,normal,0,0,0,0,False,False,,,,
d55bf1212f45e38da405d8bde20f6a7d,abnormal,3,0,3,1,False,False,305292.0,310590.0,241200.0,364086.0
d56ea789585115ee47580ed320a8532e,abnormal,7,0,7,3,False,False,149197.57,106353.0,17328.0,272246.0
d56fd281ce49dd0ed4dfcf1d72ca78d0,abnormal,6,0,6,4,False,False,111293.17,52827.0,30668.0,273552.0
d571f85ab9434bcb8bc11bd175453c96,abnormal,7,0,7,4,False,False,228211.86,186416.0,83839.0,499366.0
d5802f146ff1cde67791855f2b531420,abnormal,5,0,5,2,False,False,87262.8,92824.0,21816.0,146804.0
d59d5dcc1601a29509f91dab5f8550bc,abnormal,23,0,23,8,False,False,78323.65,49202.0,504.0,244800.0
d59e8b41b1b2b15cd6a7ae3ec6882781,normal,0,0,0,0,False,False,,,,
d5a6b16e6de1f5f21a7a549a84af463f,abnormal,6,0,6,3,False,False,274420.17,153790.0,89157.0,650267.0
d5adeb5f9d36c06c466a45acfb35d4d8,abnormal,4,0,4,3,False,False,71803.75,64670.0,22935.0,134940.0
d5b2a2c4177eb355dd3c0bfacbfd39bd,abnormal,10,0,10,6,False,False,250180.4,282777.5,108438.0,350865.0
d5d504bb44506c3d2b96fc68b085305b,abnormal,3,0,3,1,False,False,161414.33,188048.0,106529.0,189666.0
d5e37f977eb0774ed01dda67ba31adb2,abnormal,8,0,8,5,False,False,193996.5,96512.5,17473.0,483750.0
d5eaa2c2ae8e05956394f24470224843,abnormal,3,0,3,2,False,False,72649.67,69426.0,53298.0,95225.0
d5f6e4ac57771303fe96ac40b177a28d,abnormal,13,0,13,5,False,False,735446.85,855900.0,106666.0,1021644.0
d5fd5c2233862d3d73a5e4f7b57be280,abnormal,17,0,17,7,False,False,412246.47,282450.0,20608.0,1268915.0
d60002856387ce505f27d4a6dd8d2bec,abnormal,11,0,11,5,False,False,58255.18,32864.0,4425.0,155445.0
d60854afebf749f87a8c95a07cb30d48,abnormal,15,0,15,6,False,False,604167.0,731136.0,2205.0,1128603.0
d60fdd6237c71b741d10c85895723d16,abnormal,9,0,9,4,False,False,291204.33,227859.0,8471.0,735930.0
d617b24dad98aa3b1f2d645828095355,abnormal,10,0,10,6,False,False,573600.5,474500.0,155660.0,1069336.0
d61eb45d47ad48020286203b1f1362f8,abnormal,6,0,6,2,False,False,242642.33,213800.0,98496.0,450992.0
d625684a437d0b9f622fec5329c6d7af,abnormal,7,0,7,4,False,False,165447.71,215061.0,17794.0,280686.0
d630459c8036ef43b0fdb55625289101,normal,0,0,0,0,False,False,,,,
d6352ccc0bf75017b99820231822ab6b,abnormal,5,0,5,3,False,False,120936.4,108330.0,79380.0,154528.0
d647ae4618fc943d965b25c3aab3fb4c,abnormal,9,0,9,5,False,False,589124.67,721721.0,10600.0,940514.0
d653c05dad30d8c04fa23fdac2572ab6,abnormal,14,0,14,5,False,False,277906.36,25748.0,7345.0,1943232.0
d6569366db7f18f343963d9119307f89,abnormal,8,0,8,5,False,False,35961.25,22298.0,3420.0,102845.0
d6599d989c75982e68a7f277ddf170ff,normal,0,0,0,0,False,False,,,,
d65e8ebeaf0add8c9491ba9d8b35931e,abnormal,11,0,11,6,False,False,151752.36,99218.0,46576.0,442005.0
d661504676709e84d3075bb96462e7a5,normal,0,0,0,0,False,False,,,,
d6b38dc0d4cb99ead6ff30cc999f17ca,abnormal,6,0,6,4,False,False,25948.67,23289.5,1968.0,60828.0
d6d2896d8c4e3cf8b74fc981e7218678,abnormal,7,0,7,3,False,False,29255.29,1702.0,1155.0,77100.0
d6d95f11e158dafc5fe2955b81192f51,abnormal,10,0,10,5,False,False,82236.4,55620.0,18960.0,180544.0
d700828f067b24ac9bc70bc8bbee1bea,abnormal,6,0,6,4,False,False,339184.33,355324.0,183274.0,443760.0
d7049d549349da79c6fce9744a52e470,abnormal,20,0,20,6,False,False,217583.35,123306.0,13724.0,823620.0
d70837c881f01f8c51afe9616879de50,abnormal,17,0,17,7,False,False,208608.18,106673.0,10220.0,798648.0
d70e8f6924ff1e80d6b008965df94e08,abnormal,12,0,12,5,False,False,44670.92,30066.5,17080.0,123624.0
d7112ac1c4800858be0b871cb50c3c18,abnormal,7,0,7,3,False,False,133810.86,140272.0,66080.0,257985.0
d7163e05dad88864eb0111956c16eb66,abnormal,7,0,7,3,False,False,37366.57,33748.0,18819.0,83006.0
d7210d8d2f377ab74e46acfb4a158e79,abnormal,20,0,20,6,False,False,113434.65,88369.5,18928.0,314736.0
d7242fc163c07f6d286ed049914d962e,abnormal,19,0,19,5,False,False,329775.74,97504.0,35030.0,1085148.0
d73add6550804e3da302f96e50e463af,normal,0,0,0,0,False,False,,,,
d742a4e61899a7a7408754397737a3ea,abnormal,6,0,6,2,False,False,148493.33,150856.0,63215.0,226941.0
d746a3f16ed61bfebbdfab1b9086e3aa,abnormal,6,0,6,2,False,False,201699.83,171829.0,54390.0,426150.0
d74aa13b3bc96f254461e842232dbfce,abnormal,9,0,9,3,False,False,275505.67,311355.0,93310.0,454355.0
d7509ae432cae9e7062e1e78582e64d5,abnormal,6,0,6,2,False,False,207142.5,197505.0,55596.0,389624.0
d75471409759c988b3380b9a675fd12c,abnormal,8,0,8,3,False,False,177974.75,161014.5,11184.0,370357.0
d754c0b8f318f683355ec2b11954abb4,abnormal,18,0,18,7,False,False,160993.94,116181.5,22525.0,647185.0
d77ef79ee4580a65dcb1e0e26b91d017,abnormal,10,0,10,4,False,False,143743.9,78124.0,43860.0,377069.0
d786442ae2ad8b9bec49fece2659d564,abnormal,3,0,3,2,False,False,162838.67,52114.0,44202.0,392200.0
d79068eb77a5aa51eb57904fbfce1720,abnormal,5,0,5,3,False,False,68559.8,78312.0,5459.0,105924.0
d791f10dbcb0ab7c0c34dafd2fdf8b08,abnormal,13,0,13,6,False,False,113939.15,56576.0,2074.0,299666.0
d79e29f792f1225d45994d75d624f8d1,abnormal,5,0,5,2,False,False,165684.2,192215.0,76665.0,255633.0
d7a418b9be0b9981e1a5e81f97e70690,abnormal,16,0,16,6,False,False,82928.25,66895.5,7826.0,204060.0
d7aea6f37597df566725da73655edcc2,abnormal,20,0,20,7,False,False,433740.8,496238.5,31351.0,1289832.0
d7b69078f953c292ffe719e864f53b21,normal,0,0,0,0,False,False,,,,
d7bbb290f6691900ee45ea1ed1d5787f,abnormal,9,0,9,5,False,False,197380.0,43264.0,13189.0,602703.0
d7c148eb16f56462447f7f9c78ce390d,abnormal,6,0,6,4,False,False,141886.17,109120.0,96040.0,245676.0
d7c8b14cc4c55e569c6bb92637b27595,abnormal,5,0,5,2,False,False,1114504.8,1689912.0,86490.0,1949628.0
d7d10dd5db989860a2758763e97edc05,abnormal,8,0,8,4,False,False,46099.12,25197.0,16016.0,118728.0
d7d4917de30bc1fe416ca55703dfae65,abnormal,6,0,6,3,False,False,99920.33,80033.5,23141.0,259844.0
d7d4e27e5a9b3752fddcf5c6080026d5,abnormal,5,0,5,3,False,False,541902.2,607920.0,1332.0,1148634.0
d7d7a197eb6dae4936fc641168a7abe8,abnormal,4,0,4,2,False,False,163587.0,119207.0,61184.0,354750.0
d7eafe6a9ffafc052512cac5aa378efb,abnormal,9,0,9,6,False,False,478770.89,573040.0,75848.0,663142.0
d7eda97fb8a4ab94a7c0dfd1d3d1c17e,abnormal,3,0,3,1,False,False,226447.0,206219.0,192930.0,280192.0
d7fab14d2d4bb9d001b64f4fb59cee80,normal,0,0,0,0,False,False,,,,
d80e04e5a52a954fcc1004a53f2ef4a5,abnormal,3,0,3,1,False,False,75161.33,64078.0,57680.0,103726.0
d8220f2e082dae72b6db9b8a86637695,abnormal,9,0,9,5,False,False,165561.0,119416.0,90560.0,417960.0
d8275cd2eabf34a7f7bf22bdd838bc70,abnormal,40,0,40,7,False,False,49577.82,35496.0,3348.0,306912.0
d84454d6b6109ee5d68a81e49a45cb4f,abnormal,6,0,6,2,False,False,282310.0,263305.0,91760.0,491568.0
d846ef7992c9efb128ba7e3c25fa6a64,abnormal,6,0,6,4,False,False,62752.67,51746.5,20592.0,148938.0
d86ef0cf8f2fe8de11926a45bbce5379,abnormal,13,0,13,5,False,False,318467.23,46230.0,26908.0,1195582.0
d876777df161eb8f02cc9e134916f104,abnormal,5,0,5,2,False,False,330724.6,372664.0,98340.0,548800.0
d8863e2fc68e2bb33caa4c05bdbbd363,abnormal,6,0,6,3,False,False,275460.83,259398.0,5185.0,520608.0
d888fbee05acda2b655ba4136c1958fa,normal,0,0,0,0,False,False,,,,
d8a3fe9536afba5813aa8025506c810a,normal,0,0,0,0,False,False,,,,
d8b297c773294eb23707c0a7f693c5fc,abnormal,12,0,12,7,False,False,312907.92,307024.0,69936.0,583160.0
d8b75d2a0acb6e0fa20ef05300b7e006,abnormal,8,0,8,4,False,False,148653.75,113400.0,59000.0,342244.0
d8bed8c7cbb164f7e8dcc5708ef41f7b,abnormal,20,0,20,6,False,False,90594.75,64791.0,4992.0,224352.0
d8d73dcf93b13ff0bd2f11639abd0003,abnormal,18,0,18,5,False,False,110377.28,55443.0,8888.0,368186.0
d8dbee83116aef5c27b78b8b6aa53170,abnormal,7,0,7,3,False,False,177747.14,100473.0,23280.0,466752.0
d8df1cd5564e9a9f4d72b17049d5d79e,normal,0,0,0,0,False,False,,,,
d8ecc4a091d838d9a615f100a907d5ec,abnormal,10,0,10,4,False,False,44491.9,50776.5,12322.0,83037.0
d905cbadc9456dc3ad054496c5fa9289,abnormal,5,0,5,3,False,False,123703.8,59202.0,17982.0,277722.0
d91079b185012d745fb4c1aa0e04d3b9,abnormal,4,0,4,4,False,False,74687.25,79018.5,19869.0,120843.0
d914b535b048cf5f93363556b0c2b16e,abnormal,8,0,8,3,False,False,130864.5,100032.0,4368.0,268432.0
d91b584f369006155e911a1dce5261da,abnormal,7,0,7,3,False,False,255191.57,137772.0,13542.0,482202.0
d9245845860a540560404f47bcda1716,abnormal,3,0,3,1,False,False,123771.0,138348.0,75880.0,157085.0
d925309691e7929d905eaa42f081833f,normal,0,0,0,0,False,False,,,,
d926d49104e258332d45e8afb02dd575,abnormal,7,0,7,4,False,False,84003.43,21414.0,12087.0,343200.0
d93676d54152dd6a7a78cdf2659171d8,abnormal,12,0,12,6,False,False,160374.58,123242.5,3874.0,335472.0
d936f8115e8be8a46c5933decd3b6b94,abnormal,15,0,15,6,False,False,337028.73,146832.0,39760.0,911988.0
d9486490c0d42c5e7060a64f5d0176d4,abnormal,3,0,3,1,False,False,91118.67,97890.0,64752.0,110714.0
d94b4e689299d6eb3cc8f5ac772d759b,abnormal,14,0,14,8,False,False,228253.21,144011.0,9558.0,656366.0
d95da4b845c9eee6dbf93b1c27bd4dad,normal,0,0,0,0,False,False,,,,
d9910b0b179e65a23b33b1ec0a8b4bb4,normal,0,0,0,0,False,False,,,,
d997f71818df03dd9ba8d4214dcf1856,normal,0,0,0,0,False,False,,,,
d99ee7158fccfc6add49cd6b8389fb55,abnormal,10,0,10,4,False,False,41626.4,25530.0,11330.0,164492.0
d9a6b1f6a4175eaee343eef3c1134928,abnormal,4,0,4,2,False,False,377860.25,366019.0,117624.0,661779.0
d9ca6a56d878b6c9f46571e35afb725d,abnormal,7,0,7,4,False,False,173893.57,53872.0,3268.0,428288.0
d9d272d8282ba9ce1ce1065f45cd0456,abnormal,6,0,6,2,False,False,310290.5,298593.0,194388.0,472983.0
d9e1d3236f81f2cbdbe29bb94b7d45e2,abnormal,6,0,6,2,False,False,237934.17,238225.5,45126.0,437616.0
d9f6c5f7623550374aff527ad8ba6ccd,abnormal,12,0,12,3,False,False,72495.75,47700.0,28130.0,408108.0
da0364cb98ded8ccbdea0d70fc8fa38c,abnormal,18,0,18,7,False,False,365963.5,167241.0,19328.0,1179560.0
da080bbceada7f806710be3c22f34c48,normal,0,0,0,0,False,False,,,,
da1f25221a05f7b1852b8191f89aca1f,abnormal,12,0,12,3,False,False,412042.67,435600.0,61306.0,735900.0
da1f5d4d40b9a1b9e5c3f4adf092e68c,abnormal,6,0,6,2,False,False,226901.0,233075.0,117650.0,315138.0
da43f621e092ce20c96b5f4efcc2ea43,abnormal,19,0,19,4,False,False,180732.84,265590.0,4148.0,382120.0
da4cfaa6343960e89066e60b678bbbd7,abnormal,9,0,9,2,False,False,34230.89,20925.0,3717.0,177232.0
da4f74aa1442d910174204f6dfb0d074,abnormal,4,0,4,2,False,False,136423.5,85791.0,75888.0,298224.0
da6434d2962b74259909abfdf93d4e6c,abnormal,5,0,5,2,False,False,205575.8,105732.0,61411.0,428928.0
da648f4e3bf110e8c31b0fd1859c19c2,abnormal,3,0,3,2,False,False,62760.33,68419.0,23250.0,96612.0
da668869900c862ce12bd06fde5feb8d,abnormal,14,0,14,4,False,False,356146.21,315637.0,16120.0,960336.0
da7182a1b541864c1687329689b3c438,abnormal,6,0,6,2,False,False,329628.67,313116.0,116235.0,559550.0
da7ba2750699edc297c106c314963f15,abnormal,4,0,4,2,False,False,183089.0,101028.0,47730.0,482570.0
da80aff78196208d9395ced4a9f0d485,abnormal,3,0,3,2,False,False,17485.67,18240.0,11645.0,22572.0
da8a1f7ff197b044c9080c8ad34b1df2,abnormal,15,0,15,4,False,False,40303.07,19008.0,900.0,135437.0
da922b5ee573e770260d4f6c849a17a5,abnormal,5,0,5,4,False,False,20233.6,10664.0,10146.0,57505.0
da95c308ecf6b869be4930aa124c0d7e,abnormal,12,0,12,4,False,False,117940.0,53293.0,1280.0,371756.0
da9778a74d1eb6016acd497948eae1d1,abnormal,6,0,6,4,False,False,229223.0,135018.0,8600.0,600790.0
da996e211b26bd509d3ca7136c1e9435,abnormal,6,0,6,2,False,False,290215.0,279942.5,101697.0,501963.0
daa2bf07bac956d6742ac7fda965cf99,abnormal,9,0,9,5,False,False,116007.33,102680.0,45240.0,179410.0
daa38c68b720696d6d0c59fe690dc2a5,normal,0,0,0,0,False,False,,,,
dab8bef96e96c74e44e44b513760086b,abnormal,16,0,16,6,False,False,314410.31,198071.5,3976.0,1580436.0
dad083d8150288db33157fde49ab35f9,abnormal,10,0,10,4,False,False,297818.9,319959.0,61740.0,437460.0
dadb809c6e432781996add21a4543cd3,abnormal,5,0,5,2,False,False,251308.8,350480.0,77112.0,368080.0
dadf619a987c90a4f2c250ae26ed2041,abnormal,7,0,7,3,False,False,32987.29,47610.0,891.0,52200.0
dafe6d3ffe818409176b801fc4798881,abnormal,9,0,9,4,False,False,462500.33,464032.0,37961.0,725400.0
db0409f17482d968dc350ae12a91d913,abnormal,14,0,14,3,False,False,70744.0,70095.0,32606.0,103800.0
db14c5746cc1525384f3865b4a20c7b2,abnormal,4,0,4,2,False,False,62747.5,62756.5,28952.0,96525.0
db169d0be36123bd55b866d6aa73983b,abnormal,15,0,15,6,False,False,307822.47,268965.0,14940.0,910005.0
db1942c4b69ecc90ff870f987b7c5284,abnormal,6,0,6,3,False,False,110467.33,79830.0,8099.0,264061.0
db30e6a7a66927f57bf3cbfd440e377a,abnormal,5,0,5,2,False,False,71724.2,67588.0,25753.0,135320.0
db33ef6234c141325aa449789c23d869,abnormal,7,0,7,3,False,False,267985.57,214485.0,14950.0,490052.0
db3e54a9097fc39788693da5bbcef8cf,abnormal,8,0,8,5,False,False,104682.0,123216.0,7854.0,179692.0
db458f41a65184d55c82cdbee65ed10b,abnormal,8,0,8,3,False,False,42248.12,45412.0,18540.0,60444.0
db462203729870bda6162307e7d2f319,abnormal,7,0,7,3,False,False,117928.71,65314.0,15840.0,331150.0
db49c96665f4fe0ff5f4420578e2f185,abnormal,3,0,3,3,False,False,169419.67,48620.0,30738.0,428901.0
db56d92cb8648d1bd80eff002eefdbf7,abnormal,23,0,23,4,False,False,54364.43,27084.0,6308.0,206271.0
db57f6b752f8f5485e04d8fe8877ab90,abnormal,3,0,3,1,False,False,76462.33,80868.0,60984.0,87535.0
db65300cb20b50abb1e3b30f908ef3e0,abnormal,4,0,4,2,False,False,1673289.0,1676912.0,1601596.0,1737736.0
db724caf57a7adc90648a092e9fa2395,abnormal,8,0,8,2,False,False,955607.5,683785.5,270402.0,2093312.0
db7da50ba329b52f6779db53689c289f,abnormal,3,0,3,1,False,False,157968.0,157080.0,128554.0,188270.0
db8cef631031c241d7eea067c09fde94,abnormal,8,0,8,3,False,False,48136.12,20855.0,9315.0,253704.0
db8d818bc4047e5c02af17c31bb78009,abnormal,14,0,14,5,False,False,158305.93,48917.0,40352.0,619743.0
dba73ad098671788c3ed72fc9b07bdd3,abnormal,5,0,5,2,False,False,141964.6,94554.0,80454.0,244720.0
dbca1fb4fbbfbd6032a9764f3e922ad3,abnormal,5,0,5,3,False,False,217016.2,284914.0,17822.0,440748.0
dbcfcf58619fc013b719b680aa71b91b,abnormal,5,0,5,3,False,False,237826.8,310500.0,56797.0,343730.0
dbd95448052d2fd61f31da0c52f05845,normal,0,0,0,0,False,False,,,,
dc0fcb0e8d98ec8065bee19fb06670df,abnormal,3,0,3,2,False,False,68678.0,61870.0,61690.0,82474.0
dc16611b33711249ce1605b2d7148bc0,abnormal,5,0,5,5,False,False,48467.6,41447.0,4698.0,89996.0
dc249d912181102a5875015b61b92d70,abnormal,4,0,4,2,False,False,373802.25,431352.5,57600.0,574904.0
dc31ce81fcf53c987f2c8ddcb8c162d4,abnormal,6,0,6,4,False,False,250832.67,228954.0,104192.0,358360.0
dc3d3675ea30a5f3885dcc1b258a6a2e,abnormal,16,0,16,6,False,False,143535.0,15999.5,11218.0,477360.0
dc4d73c10876b27e063b584d49eea496,abnormal,7,0,7,3,False,False,95539.71,59769.0,36260.0,296925.0
dc50912f4b027506434b409550322d6c,normal,0,0,0,0,False,False,,,,
dc67d031d4eba63b63da5e8da9ca965d,normal,0,0,0,0,False,False,,,,
dc7d6c6fa1fdde25e0aa64a1f6fd594a,abnormal,19,0,19,6,False,False,95615.11,85272.0,8099.0,249600.0
dc822ebcbb0cb4879d794f0f1bc3638d,normal,0,0,0,0,False,False,,,,
dc8aa159b1b1bfe781235fb843de2e78,abnormal,10,0,10,5,False,False,201412.6,210772.5,65720.0,289073.0
dcb081bb5e1dac41000e96fc37c8c322,abnormal,10,0,10,7,False,False,1023982.7,1203300.0,37846.0,2079508.0
dcbe7cd300844e5e702e7dd68a54794c,abnormal,4,0,4,2,False,False,57907.75,59684.5,7200.0,105062.0
dcc6c3c2c149299292afc9004774505d,abnormal,10,0,10,4,False,False,169525.2,143910.5,35526.0,369054.0
dd0d24793fa18a607a734a0d66d0d760,abnormal,5,0,5,2,False,False,780030.6,962736.0,206148.0,1390375.0
dd1ec1034edd4e6b9696ea5cbeca6168,abnormal,4,0,4,3,False,False,96236.25,85832.5,30130.0,183150.0
dd229e11cb18d836618643df8129b2c4,abnormal,5,0,5,2,False,False,286692.8,167137.0,125928.0,536712.0
dd2fcc4feaa9544f3691e1db071e7e8b,abnormal,10,0,10,4,False,False,136819.6,95624.5,12540.0,355752.0
dd375650caabb420aff92ee4a5d833df,normal,0,0,0,0,False,False,,,,
dd736e1b1729796f6212e55b7fef44b7,abnormal,11,0,11,4,False,False,252320.73,255948.0,56375.0,503930.0
dd83b3e293e8801c9fb167c53f96e2b6,abnormal,25,0,25,6,False,False,322046.32,220527.0,5661.0,917280.0
dd8944d0fd8028eae388491f0d0ed3e1,abnormal,5,0,5,3,False,False,233209.8,308596.0,15826.0,410503.0
dd915e69c819b34a0cd6a9120289e8e6,abnormal,6,0,6,2,False,False,346836.0,324597.0,113696.0,634480.0
ddb599239817420d3cc38fd0eb881c8a,abnormal,7,0,7,3,False,False,267762.57,154424.0,87688.0,522342.0
ddc2e81bc04195f7f72109ee5873a2fb,abnormal,6,0,6,2,False,False,636901.17,599968.0,232960.0,1171872.0
ddc38d560476be1d8fc06f8867c0277b,abnormal,7,0,7,3,False,False,311682.71,143424.0,64224.0,615825.0
ddc78bd83fc1feb6823701c803bc7f9a,normal,0,0,0,0,False,False,,,,
ddcd8866dd04a1b1e87bbcf3ab9c6760,abnormal,9,0,9,7,False,False,49984.67,44540.0,10656.0,88266.0
ddeb40737928ae87d4f71257d5b29c3d,abnormal,4,0,4,2,False,False,187032.5,231924.0,20636.0,263646.0
ddec878b93cd18918c2b81bca339a5e9,abnormal,18,0,18,5,False,False,32493.89,25373.0,11330.0,138224.0
ddf1ec27c68bb40da0bebdff2dd95175,abnormal,11,0,11,6,False,False,40987.91,9680.0,2303.0,282968.0
ddf85fd2c17b59964206fd00d8a71917,abnormal,7,0,7,3,False,False,325627.0,447168.0,91140.0,534852.0
ddfc9d530d66058f1dcec6b2685bc254,abnormal,5,0,5,2,False,False,200555.8,247520.0,65040.0,315900.0
ddfe291fa3e2d21ce8681a2e9e4b300a,abnormal,6,0,6,3,False,False,111084.33,36326.5,14900.0,479964.0
ddff143851d1399b550480a41b4c6fe2,abnormal,23,0,23,8,False,False,122236.52,86730.0,7208.0,415650.0
de029bf544556d1fe712ee43f2614c5c,abnormal,6,0,6,2,False,False,256009.67,238325.0,72062.0,462444.0
de15c0fca6c7441dd089122ad074a7f3,abnormal,5,0,5,3,False,False,462015.6,446550.0,446550.0,502044.0
de20b8c80c04bd2dbe0782fb21738588,abnormal,10,0,10,4,False,False,586771.7,422340.0,68288.0,1654191.0
de45e56d725f9c1e2d3dec69587b2682,abnormal,6,0,6,3,False,False,188856.17,144499.5,50940.0,440955.0
de4917c51024b4f810868d211e4f4d40,abnormal,4,0,4,2,False,False,69488.5,86382.0,5041.0,100149.0
de4ab903cee751d979e2a7c14f51500f,abnormal,9,0,9,4,False,False,30402.11,16456.0,2907.0,91392.0
de6783eb70869268dbd796a1d27de7a8,abnormal,3,0,3,1,False,False,458119.0,459798.0,327714.0,586845.0
de6d6efd88431d3253198106bb070471,normal,0,0,0,0,False,False,,,,
de6e41835b9455151e4e6bed43e31244,abnormal,6,0,6,2,False,False,204796.83,193674.5,72414.0,363726.0
de6e8f086381d773cb6290df0d6a7eb9,abnormal,5,0,5,2,False,False,989494.4,1192860.0,20398.0,1367730.0
de7c0acddd7ed5fb90f5f5e12458235b,abnormal,4,0,4,3,False,False,135813.0,136794.0,127104.0,142560.0
de7de41f2a0c21dc5fa8c1b3e05f469d,abnormal,10,0,10,4,False,False,280508.9,239176.5,10534.0,735430.0
de8c78afea91064bd977bb7092b99a63,normal,0,0,0,0,False,False,,,,
deb4afdb821024fd5dfedaddbd7800d3,abnormal,5,0,5,2,False,False,258530.8,163982.0,136125.0,464880.0
debcc0c8e3b22dd08b85037c91da1df7,abnormal,7,0,7,5,False,False,199668.14,170280.0,8820.0,474430.0
deca3ba844d501eb3ea145dc15c2cfb0,abnormal,6,0,6,2,False,False,274903.5,254278.5,110316.0,490786.0
ded121c1fb2afcda23e7eb5aefa7daa0,abnormal,7,0,7,3,False,False,319436.43,350360.0,114708.0,552475.0
def03f80d3b78a52a6f9af13565343ff,abnormal,16,0,16,6,False,False,669871.19,414077.5,39015.0,1911555.0
def6b60a136b880ef5733241781a803d,abnormal,5,0,5,2,False,False,125995.6,81125.0,49476.0,230010.0
deffec9fbce51979a23bc9932988c78f,abnormal,7,0,7,2,False,False,16512.43,19380.0,4752.0,29050.0
df079ba565294d4e0abd85356d2fdfe4,abnormal,4,0,4,2,False,False,169156.25,121474.5,67596.0,366080.0
df1ba068fad70f8cfa474ee67004067c,abnormal,10,0,10,4,False,False,324725.0,247707.5,88804.0,846600.0
df2e21b90ce0510ed66e161136cf60ad,abnormal,30,0,30,7,False,False,74517.47,40613.5,754.0,445955.0
df4cdf26c36cbf365fc95d261e1d3bcc,abnormal,9,0,9,5,False,False,291598.44,270865.0,36278.0,618268.0
df5aa1123fb533c8865b8eaf0bb9c5c8,normal,0,0,0,0,False,False,,,,
df91d818a193e328405cf8a86ed530bb,normal,0,0,0,0,False,False,,,,
dfb2b9c6d978d65bf5b78728f744c830,abnormal,6,0,6,5,False,False,107389.0,108819.0,87892.0,124528.0
dfb91e05ce090dbd08177c0b4531dae3,abnormal,5,0,5,2,False,False,164935.0,86387.0,56563.0,318464.0
dfb9686c9e1146bd8ff746390ad0ab0e,abnormal,9,0,9,5,False,False,159580.56,101413.0,10767.0,532892.0
dfc7293d19f545e0de7e67dfb7772653,abnormal,4,0,4,3,False,False,321828.0,278082.5,26240.0,704907.0
dfd523a5991fc852654bf1235c6282c6,abnormal,39,0,39,5,False,False,22745.72,14241.0,1666.0,99333.0
dff0b05ec36121a537d59148ac0443ca,abnormal,5,0,5,2,False,False,216894.2,116865.0,63384.0,405812.0
dff6766d2464bfe77de7f6f19edbf51a,abnormal,8,0,8,5,False,False,243677.5,94752.5,7160.0,664058.0
e027dbf13a085669fcae603111c049df,abnormal,3,0,3,1,False,False,180760.67,183890.0,157992.0,200400.0
e034d4e19f562e61b29533f222ec9600,abnormal,11,0,11,3,False,False,279289.64,140685.0,29930.0,766920.0
e038a02993359e092b4b3432064c2ffb,normal,0,0,0,0,False,False,,,,
e04c58b55093d601257c9017dbba66e0,abnormal,5,0,5,3,False,False,301283.0,164340.0,12922.0,810744.0
e04fc8c293aab8b63db7576e123a7d84,abnormal,12,0,12,5,False,False,180006.58,188191.0,19488.0,334055.0
e07b71d8648f36747632a87acc3f2e21,abnormal,4,0,4,2,False,False,168543.0,162238.5,29893.0,319802.0
e0a078144e3167316fa44673aa5e3aab,abnormal,18,0,18,5,False,False,113615.11,24201.5,16992.0,441040.0
e0a7f7a788eedf388b90bf00bd4e39df,abnormal,18,0,18,5,False,False,501722.5,464379.0,25620.0,1362075.0
e0a868625cea9a6ebbec8788070ae098,abnormal,3,0,3,1,False,False,121707.0,125241.0,101752.0,138128.0
e0ad8549835ae5a3208c03ce618e79a0,abnormal,14,0,14,6,False,False,91846.93,51727.0,3952.0,597840.0
e0c85d5a6ff74851b3b1ebdfceca5f48,abnormal,17,0,17,3,False,False,100259.88,31062.0,19832.0,290290.0
e0c8a1f0f9ecb4748b67876c19af37ed,abnormal,7,0,7,4,False,False,82462.29,89910.0,3388.0,208560.0
e0da968a8b88e3ad9cb42b9e7973bc6d,abnormal,3,0,3,1,False,False,365175.33,362824.0,358662.0,374040.0
e102c995058060f394b532a81bc21011,abnormal,10,0,10,3,False,False,90523.8,47979.0,16644.0,232680.0
e17d969fef9169c3460a0817d60da54b,abnormal,4,0,4,2,False,False,212952.25,209540.5,55328.0,377400.0
e18a100e84aefa9da53dc8cc2fd4f22c,abnormal,11,0,11,5,False,False,185347.09,121785.0,21912.0,561756.0
e19c99b75b9523210bfaf40406df82f3,abnormal,5,0,5,2,False,False,142431.6,84568.0,71136.0,275094.0
e1a4353d3e747a7150cb06cac73f4d6f,abnormal,4,0,4,2,False,False,275492.25,297197.5,82336.0,425238.0
e1a4dd4c30b1757eafb095021def4d63,abnormal,11,0,11,5,False,False,108894.09,57021.0,2000.0,355290.0
e1ba0e65d55cff798f5253a5bc108fd7,abnormal,5,0,5,3,False,False,228113.4,234264.0,78867.0,396792.0
e1c76d9a72b804e14b4f93f3e23f1fa8,abnormal,9,0,9,4,False,False,323823.44,242802.0,4473.0,837018.0
e1c7cdc2d2faec46612191158a77a38a,abnormal,13,0,13,7,False,False,177104.31,86387.0,12882.0,515475.0
e1c88be08dcb3f9baca7cb67c77fbcf9,normal,0,0,0,0,False,False,,,,
e1d60fa0e8a70ed91147dd06a6561e29,abnormal,3,0,3,2,False,False,79105.0,94536.0,29376.0,113403.0
e1d60fdb0e8b11d6198093e11afb562b,abnormal,7,0,7,3,False,False,756742.0,386765.0,15576.0,1715443.0
e1e596163010acb347ac7fa1a48d8d9c,abnormal,15,0,15,7,False,False,613866.2,665144.0,13671.0,1279330.0
e1e74a1b970197d2b8a236f4ddd8f3d5,normal,0,0,0,0,False,False,,,,
e1eb9553f694d0eba82535625d70186c,abnormal,5,0,5,2,False,False,138645.8,90072.0,69105.0,362780.0
e231c613316a725fb7f844b9390fa024,abnormal,9,0,9,3,False,False,26158.0,26680.0,8382.0,38142.0
e2321f70d075c658946e167356ef516c,abnormal,11,0,11,6,False,False,156193.55,92414.0,3705.0,529074.0
e23431ed927b6459935d0d5457ca8604,abnormal,7,0,7,4,False,False,443916.14,147957.0,113128.0,1057812.0
e2375b4b6839b3783d0918a689eecfd0,abnormal,4,0,4,3,False,False,86622.5,84280.0,76570.0,101360.0
e238991c30a0138640205bd05314f400,abnormal,6,0,6,2,False,False,326752.67,316791.0,113313.0,569625.0
e2390bb5d4c550b82277f815a8e5fe9b,abnormal,9,0,9,5,False,False,171983.89,63986.0,15416.0,417965.0
e2441e5b3cbecdd27c65aea20353cc1d,abnormal,4,0,4,2,False,False,668317.0,533764.0,492104.0,1113636.0
e24bb429606e5f412625957e627a6fa3,normal,0,0,0,0,False,False,,,,
e2516771535cd2d3550541b91d8b1233,abnormal,15,0,15,6,False,False,208015.0,125656.0,13936.0,538866.0
e25910b3bb83c9fbe7601dfaa4032e55,abnormal,8,0,8,5,False,False,324553.0,238944.0,63168.0,723558.0
e25d75e8e6b0327356d1566d324ecfcb,abnormal,4,0,4,2,False,False,142771.5,141344.0,110976.0,177422.0
e26ef831acab997d0ebbd38bd2773ae0,abnormal,5,0,5,2,False,False,200636.6,134480.0,87472.0,376336.0
e2729583d1f9bbee7c2f1a9f3e483936,abnormal,7,0,7,3,False,False,173708.86,169728.0,106984.0,306228.0
e282be557a81566f8ccc78271c7f2ff2,abnormal,3,0,3,1,False,False,50046.67,43310.0,18750.0,88080.0
e295e1f2ce1695b80db68a73c6042d99,abnormal,6,0,6,4,False,False,693332.33,581357.5,8613.0,1496973.0
e29eceb0a991c17d07de2fe27a8ddf44,abnormal,10,0,10,4,False,False,109932.7,77456.0,9628.0,308730.0
e2aac840e7e6f54e6fe0003c60c51c57,abnormal,21,0,21,6,False,False,710106.52,695286.0,133216.0,2318336.0
e2b6dcfadc876caf1673923ee3cedf7d,abnormal,5,0,5,3,False,False,142070.2,127596.0,24472.0,309488.0
e2ba061bc18b521f763050516e70f87c,abnormal,4,0,4,2,False,False,699683.0,771175.0,277344.0,979038.0
e2c9d3576bec9857de53e8bfedc30e69,abnormal,6,0,6,2,False,False,182622.83,147008.5,44935.0,389790.0
e2cdf4955f581cb30a0e92f006125307,abnormal,6,0,6,2,False,False,210280.33,213530.5,80688.0,365398.0
e2d9292329797abcf80d3a8887a75fff,normal,0,0,0,0,False,False,,,,
e2ddc073ae97138d841b53076baf0b33,abnormal,6,0,6,3,False,False,244764.0,154703.0,56416.0,566000.0
e2de831b92a2dc7237d2b1885ee4bb9c,abnormal,10,0,10,3,False,False,136888.4,121185.0,77439.0,213120.0
e2ec7fc4c6f718c7da540ee96d64b724,abnormal,26,0,26,7,False,False,143745.58,66046.0,2400.0,843778.0
e2edea962c97f3290638096b4f27465f,normal,0,0,0,0,False,False,,,,
e2f74cb96fb90ec20839f4ff497c007f,abnormal,12,0,12,7,False,False,95971.25,64306.0,650.0,508277.0
e307273033fdd5b7e870836a890d1b56,abnormal,6,0,6,1,False,False,54125.83,58177.5,39240.0,66816.0
e312a8c1788a0b47d0ce8c1321a912f9,abnormal,19,0,19,5,False,False,228052.42,110352.0,11570.0,909344.0
e31be972e181987a8600a8700c1ebe88,abnormal,48,0,48,8,False,True,142444.23,125475.0,11050.0,509062.0
e32bf14c4f6930efc80bfd4f4147ac0f,normal,0,0,0,0,False,False,,,,
e33ce975b5a636df54a8a1f592410b0c,abnormal,6,0,6,4,False,False,58156.67,45430.0,8415.0,175890.0
e34c8c01586e531b57fe7e67f9d846e9,abnormal,5,0,5,3,False,False,1594481.2,2002644.0,184240.0,2006886.0
e3769a9e37c159ac96c5d2f155d1826c,normal,0,0,0,0,False,False,,,,
e38bb22eeeb25ec645b19e81883b5759,abnormal,8,0,8,3,False,False,164920.25,117399.0,16832.0,324032.0
e3a37326d6d7c5c35e6f84cfbb8187ca,abnormal,8,0,8,3,False,False,214016.25,154641.0,13536.0,526810.0
e3b834778550579c140f46805b019e78,abnormal,5,0,5,3,False,False,17243.8,6834.0,5670.0,35475.0
e3b9fe4e47c5650cf87c2e556fb7a1f4,abnormal,4,0,4,2,False,False,52170.0,32669.0,24794.0,118548.0
e3c5ff1eb0d55039f3bbc3c4875543c3,abnormal,18,0,18,4,False,False,336370.06,290441.0,81650.0,619554.0
e3c9c54cbd1ca5e2dfec4d5f95c1fb65,abnormal,6,0,6,2,False,False,192606.5,188556.0,57600.0,334642.0
e3cc7ffdbe05d3b7b1696c8a2a61a61c,abnormal,7,0,7,4,False,False,36864.29,37232.0,11520.0,70266.0
e3d5edcf6b873d7738cd50ccaf6182ef,abnormal,4,0,4,3,False,False,43368.25,41888.0,6586.0,83111.0
e3d67e87b9ad31a5795719d97990f3a3,abnormal,9,0,9,5,False,False,68196.22,36156.0,12566.0,346416.0
e3e49b19db364999dc94c01cdc185c1e,abnormal,6,0,6,2,False,False,227040.0,217773.0,77100.0,391560.0
e3e8b186331c3acb1b9f82b1f2cbe56d,abnormal,12,0,12,6,False,False,403631.58,293925.0,222176.0,953293.0
e436d21e957755c5a52edcdbd3d700b0,abnormal,6,0,6,2,False,False,303146.17,251551.5,96465.0,638784.0
e443471026e11f9cdf418dca3f35017f,abnormal,3,0,3,2,False,False,14634.67,12768.0,7392.0,23744.0
e44c4522979ee8d8b50977b9af91db58,normal,0,0,0,0,False,False,,,,
e45bf032d966f8d3e6fdd0f03a7fdec4,abnormal,14,0,14,5,False,False,97785.21,19072.0,7350.0,350900.0
e4980f36744d9a8e0dbb26bb97ccbda9,abnormal,6,0,6,2,False,False,148304.33,127740.0,79189.0,241101.0
e4a528876744e3a37158645935028c57,abnormal,5,0,5,3,False,False,869234.4,120120.0,63438.0,3867160.0
e4a73f3555433a101aa6f6a0ca5006ff,abnormal,6,0,6,3,False,False,67946.5,82208.5,5000.0,117288.0
e4ac7ebc707ed34608338b58d0917e94,abnormal,6,0,6,2,False,False,163931.67,135826.5,50932.0,308704.0
e4b3710c1d18a0fe70a8eb0bfc5de2cc,abnormal,6,0,6,3,False,False,176117.5,75783.0,56880.0,417354.0
e4b4d6910f4be64483f87b1325ce7fe3,abnormal,22,0,22,6,False,False,17461.45,14201.5,3024.0,69048.0
e4be367babe3680af9278fa53a5f6224,abnormal,14,0,14,6,False,False,397635.64,321963.0,63118.0,940654.0
e4d552e0ccc55cd65ed27729e1be30d5,normal,0,0,0,0,False,False,,,,
e4d919ecede4ac171b4815ba0863f2f7,abnormal,15,0,15,8,False,False,186134.4,68640.0,19840.0,657930.0
e4dec9c7cb04e431f5c3b41430030184,normal,0,0,0,0,False,False,,,,
e4e6a45ca9bfadf6a01e7e451539441a,abnormal,13,0,13,4,False,False,111965.38,18590.0,1110.0,371076.0
e4ef5698e1570bed158879d7b5ab20f7,abnormal,4,0,4,2,False,False,137510.5,93120.0,56334.0,307468.0
e4fe775718f2633a8989f20e06612f01,abnormal,14,0,14,7,False,False,138701.71,102373.5,13780.0,382416.0
e50abd173f7b744b87b84cd7a2d17a79,abnormal,7,0,7,3,False,False,163101.57,89817.0,23068.0,354765.0
e521b0e2fca887f754c05d26a9783103,abnormal,4,0,4,2,False,False,50019.0,37303.5,23103.0,102366.0
e521dced7f05cc201fd9e6e30f145dae,abnormal,7,0,7,3,False,False,274358.71,148520.0,36400.0,537711.0
e529c5465cafd94ee9a3b38f7267523a,abnormal,3,0,3,1,False,True,793359.33,795984.0,786654.0,797440.0
e531672ae6083e717cbe83d7fc71ddda,abnormal,9,0,9,4,False,False,149085.78,94798.0,272.0,402584.0
e53aa24d4f2f17891ca8a6e8dfc0d8e8,normal,0,0,0,0,False,False,,,,
e553a378133c655abbda6a0b64b3077e,abnormal,11,0,11,4,False,False,272543.36,201000.0,25270.0,565452.0
e559048794d171b368b3570107840037,abnormal,12,0,12,6,False,False,301716.0,310774.5,88970.0,489323.0
e56080a93578380082f934120565c181,abnormal,10,0,10,5,False,False,186663.2,126163.5,60198.0,430911.0
e563c35ddd67c5124a6787e474dfa319,normal,0,0,0,0,False,False,,,,
e583b6c45b5622f1e714f57521a22a30,abnormal,18,0,18,6,False,False,272251.22,201063.0,15606.0,1158318.0
e58d508f7915d3ada6edb4d88dc1f5f7,abnormal,5,0,5,2,False,False,199555.2,254375.0,43228.0,346463.0
e5a6825407439b31e234e69989ccd542,abnormal,6,0,6,3,False,False,59917.17,59314.5,9858.0,105120.0
e5c03ed2c3823410a7a9571117c776ad,abnormal,3,0,3,1,False,False,345835.0,338734.0,307499.0,391272.0
e5c83f02dfe7265bb10020c2fc7b487a,abnormal,7,0,7,3,False,False,155432.86,50160.0,11457.0,370242.0
e5cdc84592cc075cd953fc65fc57f573,abnormal,4,0,4,2,False,False,48531.5,28529.0,10508.0,126560.0
e5d63ef8a922c6775c51ce9b511235b9,abnormal,10,0,10,6,False,False,49341.0,31372.0,1092.0,269390.0
e60ce67640c934d4fb3bcac5b334983d,abnormal,9,0,9,3,False,False,438050.78,325254.0,55860.0,1488896.0
e613a63ea3e1262cd599a32571d11c2e,abnormal,3,0,3,1,False,False,934430.0,978956.0,791950.0,1032384.0
e62c07fde352cc658af3f989fe0b546f,abnormal,27,0,27,3,False,False,147732.04,108112.0,48265.0,403704.0
e62c2f1897582761b9a5dbc7dbb1a930,abnormal,4,0,4,3,False,False,8518.5,9212.0,5840.0,9810.0
e6399a4d1b7a12a9a4c2fcbdc91ea41d,abnormal,8,0,8,2,False,False,219576.75,41553.5,13200.0,559550.0
e645d9985d6afaacf2722b9c82b2c9c5,abnormal,4,0,4,2,False,False,101126.25,60780.5,25511.0,257433.0
e64adf704d7234993a79be4637514d0b,abnormal,4,0,4,3,False,False,313436.75,311172.5,159986.0,471416.0
e652b2cebae0a6c74e292b3112d29e6e,abnormal,16,0,16,5,False,False,238774.88,264217.5,6536.0,627590.0
e65784ed3ae371e991d3362ab0eb8a35,abnormal,6,0,6,2,False,False,340952.0,362380.0,97150.0,587456.0
e674608b3b3609bdf9a5c8017ddcacba,abnormal,9,0,9,5,False,False,136052.44,44084.0,2816.0,390060.0
e67e4cab40626c54b8fc20ce6e9e4273,abnormal,6,0,6,3,False,False,19247.17,13302.0,10388.0,53823.0
e67e91b27935a01b738eaa01ede863fd,abnormal,15,0,15,8,False,False,184160.8,113313.0,11560.0,506625.0
e68532fbad2aa9d9fee2900c341c8c6b,abnormal,9,0,9,3,False,False,225057.89,177012.0,33792.0,418119.0
e685922feb4f7e397cd47ac418342071,abnormal,3,0,3,1,False,False,325561.33,331240.0,186594.0,458850.0
e6883a6ffa058ed027ac1626175b5aff,abnormal,7,0,7,3,False,False,48333.14,10800.0,3431.0,173706.0
e694841193437bcb89ad2c1acbf95f79,abnormal,11,0,11,5,False,False,179612.18,121835.0,19430.0,434486.0
e6a08696962a275ee2dd46d9ae1c6150,abnormal,7,0,7,4,False,False,35589.0,16714.0,7169.0,139502.0
e6a9b0eb532d8aab0ce29b787d81614b,abnormal,14,0,14,8,False,False,134262.0,82692.5,8591.0,391850.0
e6b4c5c08d6767a47e348b79bf9ab2d2,abnormal,8,0,8,4,False,False,35757.25,33625.5,8976.0,75260.0
e6d737cf8600e9b07168c04ca7541980,normal,0,0,0,0,False,False,,,,
e6dcfd8e8ebe5462b3a6e344384826ba,abnormal,6,0,6,2,False,False,278913.0,222249.0,98192.0,560671.0
e6df9b3fba3fb8745fe06fe9fb84ecfe,abnormal,12,0,12,4,False,False,439708.92,492548.0,106568.0,665266.0
e6e114b28a55ec3e9ecac74c55167fef,normal,0,0,0,0,False,False,,,,
e6e11fcf16e269d36b9496612d7ca537,abnormal,6,0,6,2,False,False,183725.0,159205.0,66340.0,327222.0
e6e1f33532a2f3f93d17d2be963cd122,abnormal,14,0,14,5,False,False,528318.0,586146.0,17700.0,1464000.0
e6fe1659a6cacb4f2ea6ef651481e0ba,abnormal,8,0,8,5,False,False,112863.38,66921.0,8736.0,433376.0
e7136e97a466963b452941e91b6330fe,abnormal,9,0,9,4,False,False,482282.44,588294.0,16038.0,1146624.0
e719b0f794aebc789651fbd91ade8a05,abnormal,12,0,12,8,False,False,283862.75,363001.0,56100.0,447552.0
e722a8f83ef80b62f5b6d73828e1f760,abnormal,11,0,11,3,False,False,148384.45,102612.0,81404.0,390749.0
e724ee60258fda4c7f15e0f8d757ee2c,abnormal,5,0,5,2,False,False,159965.0,100464.0,78080.0,286902.0
e7375b4dfc336c7b166b688f72d86b34,abnormal,11,0,11,5,False,False,125333.27,73326.0,7896.0,348210.0
e746ee7a622d991a0c02b55efe234fb9,normal,0,0,0,0,False,False,,,,
e74856412eeed254480c9d2f78d001d5,abnormal,4,0,4,2,False,False,557783.5,654240.0,155854.0,766800.0
e74b1c3bddcee3e007b6851bd8ff8174,abnormal,5,0,5,2,False,False,221983.2,151525.0,94024.0,443223.0
e75fdf059e59a1560645965b64f51cd2,abnormal,8,0,8,3,False,False,58776.0,23019.5,15614.0,132756.0
e76af44f2856bf89d69d00d43536cf8c,abnormal,12,0,12,4,False,False,106984.25,11342.0,4410.0,344526.0
e76c69a0601a1f3f059a762b7fb0614e,abnormal,9,0,9,4,False,False,292769.11,307980.0,42560.0,532980.0
e7a50b38b3dd034c219fad4c10986fe7,abnormal,5,0,5,2,False,False,246344.8,305400.0,64758.0,423108.0
e7a58f5647d24fc877f9cb3d051792e2,abnormal,20,0,20,6,False,False,417659.8,420088.0,28416.0,1354047.0
e7a911ddb90533a589331cae6aaf82b2,abnormal,4,0,4,2,False,False,34307.5,36089.0,16878.0,48174.0
e7ae00eef602436f48a44b36dc79b383,abnormal,7,0,7,3,False,False,156954.14,85400.0,16268.0,296808.0
e7af557ff6a1782400710d2c8ddb2568,abnormal,7,0,7,4,False,False,61316.43,51060.0,1800.0,177330.0
e7c0727f49a3d279143ed21b382ac1c4,abnormal,6,0,6,2,False,False,42864.83,17937.5,10582.0,117480.0
e7c2c01276add5f38a01ceeec66b7f22,abnormal,5,0,5,2,False,False,177400.2,162174.0,78177.0,315018.0
e7dad9b7047a87bb31b871d98c648d13,abnormal,13,0,13,3,False,False,77646.54,34272.0,15540.0,262514.0
e7dec1ffda66e9a315335afa8e961205,normal,0,0,0,0,False,False,,,,
e7e8948818352b4d800dfac9a8999300,abnormal,6,0,6,3,False,False,325360.17,274521.5,18018.0,821104.0
e7ea94b2fec95a7461b10a7f3eea2897,abnormal,6,0,6,2,False,False,283333.33,219598.0,126224.0,509296.0
e7ee695015acda8604f34f0da3849efb,abnormal,10,0,10,5,False,False,251736.7,152195.5,52540.0,649579.0
e82620b01bbc77792885029d3cd0d8ae,abnormal,7,0,7,2,False,False,194020.0,112252.0,55440.0,450984.0
e82cedee4afa9651a7bd0d57a23280f2,abnormal,13,0,13,6,False,False,244377.15,238590.0,37200.0,467635.0
e85487c53c27918cb638090cc8f16730,abnormal,6,0,6,2,False,False,218465.67,193309.0,98072.0,362112.0
e857debbed22981f3fce009cac3031db,abnormal,3,0,3,1,False,False,487097.67,492072.0,412012.0,557209.0
e86cde1dbe7a082d03b9c38b400e4c67,abnormal,6,0,6,3,False,False,151197.17,150735.0,91793.0,216648.0
e88010a078a87a4c1cc42cf761e2c72a,abnormal,9,0,9,3,False,False,127945.22,83352.0,25920.0,359788.0
e88addf3e1354820d8b1a4b42083188c,abnormal,13,0,13,3,False,False,99954.31,62700.0,4070.0,325038.0
e895c0a84cf6c38ffee0cfd5be9849fd,abnormal,10,0,10,5,False,False,50908.2,28729.5,9523.0,147560.0
e8acde7bd3c521671dae97d0a75cdde0,abnormal,9,0,9,5,False,False,130517.89,63210.0,10282.0,351480.0
e8cccc190246b1950b4eaa9433f295f3,abnormal,5,0,5,2,False,False,324011.6,413538.0,141446.0,454650.0
e8d9fffe6ef4c59d01e8e64cf5c7466c,abnormal,12,0,12,5,False,False,244092.5,245566.0,16350.0,502799.0
e8e6ff19c3be05a4ccfb20abc4202d52,abnormal,12,0,12,4,False,False,81930.75,70293.0,1800.0,184440.0
e9269d70abec8d90f4790c6afaa4a924,abnormal,6,0,6,4,False,False,26998.17,6016.0,2975.0,131334.0
e9278ee61a8a275650baf02c600c382e,abnormal,3,0,3,1,False,False,94955.0,93258.0,77470.0,114137.0
e9581123b6819b2cd1bcf6ed35481520,abnormal,20,0,20,7,False,False,162726.95,109392.0,24511.0,500864.0
e96d18f0d425aaedc12782dc33aec7a4,abnormal,17,0,17,5,False,False,256000.29,105156.0,20298.0,764208.0
e988f84d11f5903f930dd67fa55ce628,abnormal,20,0,20,6,False,False,112568.75,80596.0,10197.0,554278.0
e98a76eaefca34840133986ed53cd210,normal,0,0,0,0,False,False,,,,
e991a1b8b7d4d863205850ceb863343a,abnormal,4,0,4,3,False,False,21989.0,24992.0,4092.0,33880.0
e9954e6e3b2d0c5bf990a519c0ba5abe,abnormal,24,0,24,9,False,False,114104.75,64877.5,3922.0,464800.0
e9986131c41216ce7900ddfe19e38ed6,abnormal,6,0,6,2,False,False,212249.33,212395.0,81008.0,346647.0
e99ba43b91cf30a1df2c4c4adfe7c3b1,abnormal,5,0,5,2,False,False,277927.8,352515.0,76000.0,468930.0
e9af0316eb1e082f0b2fac36ecf9a6c6,abnormal,9,0,9,4,False,False,107132.33,80030.0,11704.0,338886.0
e9bbeb5248b591a86ff636b9f0b68549,normal,0,0,0,0,False,False,,,,
e9c0a723726efbed9a1d43d4db015ff3,abnormal,10,0,10,5,False,False,695434.7,449228.5,6460.0,1473133.0
e9dffce64ee5dd73e861bd8c407c65cb,abnormal,5,0,5,4,False,False,66709.4,42080.0,1680.0,207200.0
e9e1a8854e0bec89e37445f9cbf7bb95,abnormal,5,0,5,3,False,False,143417.4,26026.0,24843.0,539232.0
ea00fab3726550241cd51c2750892d36,abnormal,10,0,10,6,False,False,113997.5,59033.5,2240.0,502875.0
ea0ab2737896670ca5d52dd4b10285ab,abnormal,20,0,20,4,False,False,402237.7,345025.0,18590.0,846510.0
ea14c8ae2edae2b343920df92bfce974,abnormal,7,0,7,3,False,False,143153.57,88892.0,43337.0,380254.0
ea18aab66eff5e0e540553178f9cad4d,abnormal,16,0,16,4,False,False,110641.12,35064.0,18018.0,483060.0
ea4fd210b0300b23ee63f0b8352390be,abnormal,4,0,4,3,False,False,206182.0,179109.0,106465.0,360045.0
ea56b3455c844f324b8c9323ebf2ddb2,normal,0,0,0,0,False,False,,,,
ea61f0761446db10c6286a6e333af0e2,abnormal,4,0,4,2,False,False,163951.0,130540.0,82750.0,311974.0
ea970ed46ada798de375a4be51f701c9,normal,0,0,0,0,False,False,,,,
ea97fdc2b0bf64e712a784849efbab79,abnormal,5,0,5,2,False,False,519625.2,603432.0,186912.0,914992.0
ea99ac7087780248ca58449abd57f377,abnormal,7,0,7,3,False,False,233536.14,139859.0,100796.0,459816.0
eaa4b09922cfd1c4130787403173e93a,abnormal,14,0,14,6,False,False,109106.57,56087.5,5751.0,512720.0
eaa5aa491942a0bbc9a161ed3f08c2b5,abnormal,8,0,8,4,False,False,244649.12,223999.5,84118.0,512894.0
eaa6f57c9cb05f5c4586a5249019001a,abnormal,6,0,6,3,False,False,187721.67,168381.0,8505.0,406808.0
eaaa04823e2280d1cb8cb5b52952d7ad,abnormal,6,0,6,3,False,False,322737.83,292304.5,77000.0,608840.0
eaacad7a533d8c301172386cefc0b0f8,abnormal,6,0,6,2,False,False,336174.33,332789.0,101700.0,599112.0
eab0be019f53390dbbb3225e86506c09,normal,0,0,0,0,False,False,,,,
eab57c526a617da691b80234ed8ee9d9,abnormal,6,0,6,5,False,False,284384.33,195256.0,11264.0,918450.0
eabf04158953bb71ac4e934f4e28d160,abnormal,18,0,18,5,False,False,52737.78,51449.0,8330.0,109145.0
eabff4780c183c33d17681a21f1356b4,abnormal,4,0,4,3,False,False,307808.25,266330.5,23548.0,675024.0
eacc53e9f724bd51a38d76306e6db8d2,abnormal,11,0,11,4,False,False,205516.36,151065.0,45864.0,562016.0
eae9d1efd139bba5e4acbb3333eff429,abnormal,3,0,3,1,False,False,72209.0,79230.0,48837.0,88560.0
eaef6aa0bc70059db2c376b924d29ba2,abnormal,4,0,4,2,False,False,79393.5,100988.0,2108.0,113490.0
eb0c86ba705f5dfebc0d3b4d59d2dcab,abnormal,12,0,12,5,False,False,34182.0,17664.0,12000.0,136512.0
eb268b0b19f47cf268626dafc1d6f45f,abnormal,6,0,6,2,False,False,250066.0,237281.5,58800.0,448322.0
eb319a3149253e25a32a6f2926cf67b2,abnormal,11,0,11,2,False,False,176485.09,147423.0,8925.0,398748.0
eb331754f1d31043109a9cc9aa968ab6,abnormal,6,0,6,2,False,False,281631.83,235451.0,163881.0,495059.0
eb384402d0dee9dc9818a0b65681bf67,abnormal,5,0,5,4,False,False,167816.0,180625.0,116816.0,237072.0
eb38f65822271c1130b1c25cebe98f90,abnormal,6,0,6,2,False,True,330871.17,332042.0,110142.0,553839.0
eb3f408d6ce7818e66b775cbed9b53b1,abnormal,4,0,4,2,False,False,341947.75,337468.0,91584.0,601271.0
eb504655d27862892ea7c99c352d5aad,abnormal,12,0,12,6,False,False,486511.67,110221.5,9359.0,1935960.0
eb6c714df22142229464c6b83e47d7d6,abnormal,12,0,12,6,False,False,315907.5,125223.0,56049.0,931500.0
eb72e2bb09327ca57b150dab46677e1f,abnormal,8,0,8,6,False,False,346102.62,370666.0,109802.0,448485.0
eb76c1606548e4410a5fa74b70ebe5c9,abnormal,8,0,8,4,False,False,118797.0,122439.0,12348.0,336832.0
eb9b834aa6ef13e715d55dac9beb0bb7,abnormal,6,0,6,2,False,False,49175.83,36810.0,9956.0,113146.0
eb9e22a9dbb15c3a9b957945351e651d,abnormal,7,0,7,3,False,False,183074.71,70800.0,43460.0,386514.0
ebb0f756621fb2c6dcfa2b82d4fc8ed8,abnormal,7,0,7,4,False,False,243291.43,276562.0,120253.0,309621.0
ebcf699a8c42843567184fb71f33160c,normal,0,0,0,0,False,False,,,,
ebe4ab991ab3c0551a697e34f5e83b36,abnormal,14,0,14,6,False,False,516376.29,134603.0,13965.0,1662530.0
ebf4ffbcf6de699bf9deab70f0dee8ff,abnormal,6,0,6,3,False,False,626675.33,529354.5,112299.0,1292564.0
ebfa9ce8a25b09fee878068fd7cd9212,abnormal,5,0,5,4,False,False,163949.0,173520.0,87543.0,284710.0
ec0b1ecd417bf735801bf2b971ab61ed,abnormal,4,0,4,2,False,False,267201.75,143915.5,123120.0,657856.0
ec0d8eda3ff0b4fe8d3a7a7b795fed21,abnormal,5,0,5,2,False,False,226223.6,125550.0,99792.0,432174.0
ec513a0af055499f1b188cc6a9175ee1,abnormal,10,0,10,5,False,False,717197.1,65859.0,18270.0,2321400.0
ec6ec12533b8495bb7344d8895dd4f05,abnormal,29,0,29,4,False,False,15609.24,3540.0,600.0,147721.0
ec7572df0f93d21860c5dc1147d1393b,abnormal,6,0,6,3,False,False,148636.83,73257.0,3264.0,346872.0
ec9927d1322b9c33ad265903e06ee108,abnormal,4,0,4,3,False,False,94153.0,70573.5,32697.0,202768.0
eca27ff9495044fbcd347ee51a8f1187,abnormal,19,0,19,9,False,False,92644.05,95076.0,5050.0,423802.0
ecadf9a1eca2152b13f18d3a0b8bfba4,abnormal,4,0,4,3,False,False,21276.0,22856.5,3770.0,35621.0
ecae6af88e3b859c906e9b149a422b3f,abnormal,6,0,6,3,False,False,3349.0,3249.0,2898.0,4200.0
ecb9c0dda8a3ec89624e780ac054d2e0,abnormal,5,0,5,2,False,False,50739.2,58788.0,27830.0,62872.0
ecce24df48ffadc82e635c279a18c622,abnormal,6,0,6,3,False,False,26645.33,30591.5,9165.0,42488.0
ecd11f0b7b55d7d0515fb569cbcc39d8,abnormal,12,0,12,6,False,False,179879.08,71425.5,1457.0,631623.0
ecd1275cbffcd530452e2b20dd070b4e,abnormal,13,0,13,6,False,False,25519.77,19328.0,4134.0,72062.0
ecda8c2d80adc70ee958fcb0361c3286,abnormal,6,0,6,3,False,False,179460.83,84723.5,32364.0,429894.0
ecdaa71066f64d1f0592799186135925,abnormal,8,0,8,3,False,False,407149.75,350121.5,90882.0,1216724.0
ecef71a87df9aee5cca62966f95d9f26,abnormal,6,0,6,2,False,False,360834.33,346397.0,132447.0,659640.0
ecf36a90601939ea964925fce1f0cc41,abnormal,8,0,8,5,False,False,88530.5,87074.0,11448.0,251856.0
ecf474d5d4f65d7a3e23370a68b8c6a0,abnormal,46,0,46,5,False,False,39667.46,7138.0,1452.0,494760.0
ecf9eb0e92ca13ace0ac71331f964371,abnormal,12,0,12,3,False,False,467460.25,490802.5,49980.0,1027383.0
ed06295915b52f5fcc88e158ab0c7100,normal,0,0,0,0,False,False,,,,
ed12402a2b76cda47517d5073b35eb9a,abnormal,4,0,4,2,False,False,311416.5,341301.5,73405.0,489658.0
ed1a545ab109f23cd065a5e5e512df1a,abnormal,14,0,14,7,False,False,110218.93,86968.5,5184.0,315000.0
ed427a3b0eb541083e0d2d6c2ae2ac31,abnormal,3,0,3,1,False,False,251413.67,235935.0,231242.0,287064.0
ed4efe30ae54fe3f57904eb7d738fd99,abnormal,6,0,6,2,False,False,304709.83,266678.0,113076.0,533683.0
ed5a8bb58eb699827e3d05b535f28933,abnormal,3,0,3,1,False,False,109607.33,114342.0,97280.0,117200.0
ed68ca5f01252d51a5f07c8fc9835898,abnormal,7,0,7,3,False,False,135264.14,170910.0,2376.0,337350.0
ed696103132aee457b0e11ce0d7b7d27,abnormal,9,0,9,4,False,False,1267790.78,1012860.0,349200.0,2291328.0
ed6b8aafbebda034d02fb57cbe7a2439,abnormal,4,0,4,2,False,False,178621.25,105801.5,55876.0,447006.0
ed6f20cff422347c954f41eac82fac8b,abnormal,10,0,10,4,False,False,287459.4,130102.0,24900.0,1034575.0
ed89af5c7c30f2c96b4cd8a5402748ae,abnormal,6,0,6,2,False,False,367189.0,355472.0,129626.0,627444.0
ed9f5c40c389c115089e5a8f15e162b0,abnormal,12,0,12,2,False,False,121142.25,91413.0,15555.0,237724.0
eda23140c7a820d76c89bc994768888d,normal,0,0,0,0,False,False,,,,
edb4d2772dc7746b93dc0d7e181a25ef,abnormal,6,0,6,4,False,False,22785.0,12115.5,1600.0,81613.0
edb61d8f85f46f6da703ab9730bf35b1,abnormal,3,0,3,2,False,False,5255.67,5475.0,4060.0,6232.0
edb67efb2fbf3647dbf9c4daec79da3f,abnormal,3,0,3,1,False,False,145980.67,93796.0,81490.0,262656.0
edbb3284303d5df669dc8bd73ea38358,abnormal,13,0,13,3,False,False,189243.15,181920.0,35358.0,387491.0
edc6ab1b2233143d011edf7706c32b6c,abnormal,14,0,14,3,False,False,77363.5,50208.5,1295.0,281280.0
ede3e4041468a91f1a8027aeaa10e540,abnormal,8,0,8,2,False,False,235751.0,242576.0,13034.0,460062.0
ede72bdbae3f743b8febe5433c49d126,abnormal,5,0,5,4,False,False,44882.6,45576.0,20043.0,81650.0
edec03d88f6da9a7dcd76772432d9c23,abnormal,4,0,4,2,False,False,223449.5,192244.0,84180.0,425130.0
edeef2dceeafd6d5ebe67880f2f9162c,abnormal,8,0,8,5,False,False,316456.5,363609.0,12388.0,494822.0
ee1abdde3a0e65f9e0b832dfdbbea5de,normal,0,0,0,0,False,False,,,,
ee1ce355f6de728da4c7a40715b16826,abnormal,12,0,12,6,False,False,538873.5,346527.0,50960.0,1751134.0
ee253aab2bfa090c01a596a449159233,abnormal,12,0,12,4,False,False,137566.83,50611.0,13926.0,513856.0
ee387adc8e34dcbb696539dcbb626a9d,abnormal,21,0,21,4,False,False,37914.62,23241.0,11088.0,247408.0
ee3b2a3399a40af7703ce312d43df635,abnormal,8,0,8,4,False,False,120142.5,40543.5,1089.0,302061.0
ee47fd39217a0d25550cb6b9badd3ee2,abnormal,19,0,19,5,False,False,57722.21,33150.0,8804.0,467666.0
ee530c9de44ad59a5467104a429ded64,abnormal,6,0,6,3,False,False,214807.17,221534.0,25857.0,400392.0
ee53128143074612b8b482d5450aaef2,abnormal,7,0,7,3,False,False,364414.86,314944.0,173524.0,585776.0
ee6c07d4bebff60ce328cd0e59d39305,abnormal,5,0,5,2,False,False,27742.0,28782.0,18426.0,31360.0
ee7cc34733914fd5924eb5d75a27fba3,abnormal,5,0,5,3,False,False,61912.8,69142.0,7800.0,107484.0
ee87cffb47722b3161ea80a75fa307a4,abnormal,11,0,11,4,False,False,28634.91,15587.0,5032.0,111456.0
ee9e445e316c60e028de2486e3f459df,abnormal,14,0,14,5,False,False,236752.5,35820.0,3838.0,1437107.0
eea2d38f25bbee2095457fff9b8b2200,normal,0,0,0,0,False,False,,,,
eea459fdf4b72989a21ac94125a64f0e,abnormal,4,0,4,2,False,False,440957.0,505894.5,92169.0,659870.0
eebb4b0a4472b69b72b1004b5b4bfcaa,abnormal,6,0,6,2,False,False,287901.33,250516.0,108962.0,606744.0
eebe67275df5f83998a5fe7c147c81cc,normal,0,0,0,0,False,False,,,,
eec404a6f4d2db9c179dbe4549de4fdb,normal,0,0,0,0,False,False,,,,
eedb247767ce38e4dd2498c5dd56dc11,abnormal,10,0,10,4,False,False,34014.3,16724.0,2940.0,110230.0
eee88aa055892224d0fa0518f304996b,abnormal,3,0,3,1,False,False,460661.33,443071.0,426312.0,512601.0
eeee9953810eee9388b3a0c5a4ad4ef6,abnormal,8,0,8,5,False,False,137254.5,91532.0,30240.0,446688.0
eef3fe7c5ff44ffe54fc80c27365343e,abnormal,5,0,5,2,False,False,196625.2,219817.0,158862.0,225768.0
eefb68d818bf732e1cda9be83b641a19,abnormal,7,0,7,4,False,False,149757.29,112993.0,10528.0,342126.0
ef063a93b1392dc44be6a968b8e32838,abnormal,6,0,6,2,False,False,132505.5,130102.0,3550.0,281358.0
ef0b10e9d207fa0ff2f4e2f59a590970,abnormal,6,0,6,3,False,False,125552.83,48015.0,24095.0,314450.0
ef0c1fe356460c25e02dd26a6013e895,abnormal,6,0,6,3,False,False,233752.0,236115.5,9568.0,432978.0
ef2e25ee2c102a3b20052b4a3770f0d8,abnormal,8,0,8,3,False,False,175319.38,131270.0,98808.0,317450.0
ef3216f8485fe691d819f831ea07e9ce,abnormal,5,0,5,2,False,False,258275.0,342760.0,88126.0,390936.0
ef3577342a00289f6fccf26d6b61c7ac,abnormal,3,0,3,1,False,False,62207.33,64241.0,44974.0,77407.0
ef50301bda56ee37e33b99fde2be8c7f,abnormal,11,0,11,6,False,False,229308.73,157591.0,38160.0,673161.0
ef52e83e7d040c6fcb278fa3ee8ad35a,abnormal,4,0,4,2,False,False,181896.5,171182.0,71536.0,313686.0
ef58076f0eec194a3f303b469ac081de,abnormal,5,0,5,3,False,False,141558.2,92752.0,11550.0,399990.0
ef63342a9d28339d09338c16573066c6,abnormal,4,0,4,2,False,False,461580.75,556490.0,36575.0,696768.0
ef725f99c37d1a779747e5f592a620fb,abnormal,6,0,6,3,False,False,365317.5,351488.0,16536.0,714378.0
ef85cda3a115da5e7399342ac986d489,abnormal,9,0,9,5,False,False,835642.56,625128.0,63261.0,1756469.0
ef8abdca805f7af833aecafaddbf818e,abnormal,4,0,4,2,False,False,215825.5,241528.0,81096.0,299150.0
ef8c3f4f4d6b6d278abdbc8077051629,abnormal,7,0,7,3,False,False,89233.14,124722.0,3185.0,187488.0
ef9ba80e23c77ad5c619e74bfbdffd8b,abnormal,11,0,11,4,False,False,33494.55,20160.0,5148.0,96466.0
ef9d2c00f3825adfdc8a574600d156d3,normal,0,0,0,0,False,False,,,,
efb4c40bcdca8c2e5100a9febf5fbd4b,abnormal,9,0,9,5,False,False,324100.11,252525.0,88660.0,614777.0
efb838879b6ee5f7d44b56ff592d83a4,normal,0,0,0,0,False,False,,,,
efbc06ce023ce45d33b8473672773aef,abnormal,9,0,9,6,False,False,338741.44,466550.0,78684.0,535248.0
efc7bc78ce88e95191fdab525f974c24,abnormal,11,0,11,7,False,False,154726.91,72400.0,29870.0,433380.0
efd841b9897ceb215d30cff8e1fb85b4,abnormal,6,0,6,4,False,False,182134.83,149985.5,2992.0,379334.0
effc4dc50dd44a151333e9c7dc1ff73e,abnormal,5,0,5,2,False,False,341578.6,486414.0,112362.0,503438.0
f0105dcab1f42815442e5a2b0247eb21,abnormal,5,0,5,2,False,False,290398.6,359700.0,64227.0,527156.0
f0267345c2bb297314f8c9db2b33ffb2,abnormal,4,0,4,2,False,False,664296.5,585985.0,217740.0,1267476.0
f034b173fe81cebbf8ba0b793c3d3eb1,abnormal,7,0,7,4,False,False,5048.86,3705.0,3127.0,9048.0
f04b3db35749d0bb959a9dbb8e5858c9,abnormal,6,0,6,2,False,False,273125.0,281645.0,66822.0,455388.0
f06d2ac151719fe4d2cf5546a9dbb734,abnormal,6,0,6,3,False,False,237107.17,227803.5,29516.0,516040.0
f0840d1476c8b326484642d6422d756f,abnormal,5,0,5,2,False,False,181150.6,239844.0,37152.0,323843.0
f086d97c1eeccba6e2a4e28560b7cd6c,abnormal,3,0,3,1,False,False,60652.33,67671.0,43264.0,71022.0
f09ec49805bd445b71404666a53d4a8e,abnormal,6,0,6,2,False,False,253856.83,238894.0,78570.0,468466.0
f09f740821c6160878d713149db4adf6,abnormal,7,0,7,5,False,False,303048.86,180638.0,8100.0,689719.0
f0adf7b51f3c26e565e1977c4b6c235a,normal,0,0,0,0,False,False,,,,
f0b7c809436fc5f445098da06308cebc,abnormal,4,0,4,4,False,False,191274.5,105602.0,86609.0,467285.0
f0c719e77a94983d22ad4a1e96e37f34,abnormal,10,0,10,6,False,False,392043.9,348572.5,100584.0,834432.0
f0dea85c5527d47a3b7f4227813f0b95,abnormal,6,0,6,4,False,False,548286.83,564232.0,78246.0,943712.0
f10143e3eb341eac01909c339a5cf01f,abnormal,8,0,8,3,False,False,155381.0,99027.0,6496.0,592620.0
f13e10ca4f8d95667e05156f2f51d095,abnormal,9,0,9,6,False,False,173762.11,169290.0,23406.0,347990.0
f1a45afaee0efd07fef17057f3942464,abnormal,5,0,5,2,False,False,277709.4,136896.0,117936.0,548562.0
f1a700126451c58e895df07f90c8b1ee,abnormal,3,0,3,1,False,False,67005.67,71910.0,51863.0,77244.0
f1b743ce8d76f083d3e87da80f1dd522,abnormal,10,0,10,5,False,False,226653.7,220100.0,87730.0,443904.0
f1ba5da6f133d329f7ab9bb241fc0b7b,abnormal,5,0,5,4,False,False,292942.2,214175.0,8928.0,868500.0
f1be25d4ee46f32d585fd6c809c92329,abnormal,6,0,6,2,False,False,277107.0,263330.0,118201.0,445571.0
f1c4779f16c3ebad57ecb73dcf2a2c1d,abnormal,10,0,10,7,False,False,88262.6,73959.0,2898.0,248235.0
f1d1e5089e66fc256f08e621b5dcc9bf,abnormal,31,0,31,8,False,False,138255.45,40800.0,2655.0,536550.0
f1da5e509f8a55be3ac43a1b0034ca77,abnormal,4,0,4,2,False,False,18617.75,14838.0,4000.0,40795.0
f1e4056384e1926c3ae33882e0dc00cb,abnormal,15,0,15,6,False,False,382503.0,278870.0,38613.0,801591.0
f1ece4212015e746f3d90a95feb17546,abnormal,3,0,3,1,False,False,67850.0,71240.0,55930.0,76380.0
f1ed2d380bf23214b0522e753035545c,abnormal,9,0,9,4,False,False,282217.11,235926.0,47430.0,539240.0
f233f426d24061d9584932e52bfdbd49,abnormal,25,0,25,9,False,False,289849.28,278883.0,5100.0,763606.0
f23603293e7a6bb7166cd493d2da2f77,normal,0,0,0,0,False,False,,,,
f244d8f6b541d370470f56b8f6ebcb3b,abnormal,12,0,12,5,False,False,235412.83,190345.0,35687.0,597699.0
f2495f8fc8e1640e7ca9383966aa9f5f,abnormal,9,0,9,5,False,False,40288.33,21271.0,6300.0,110295.0
f24f5cb1232f59b8688e655a48127b43,abnormal,8,0,8,3,False,False,99181.5,16330.5,8284.0,553206.0
f25a910b0e75a30296bb0350b2a648bd,abnormal,5,0,5,2,False,False,351296.8,267510.0,105090.0,612007.0
f26e0a7663ac71c9253c155ffdb4b0e4,abnormal,6,0,6,2,False,False,232372.0,234575.0,120750.0,374232.0
f289d19e4b47b6f38bc2dca65d2d40bd,abnormal,10,0,10,6,False,False,187968.4,110224.0,6240.0,639012.0
f29df9890df1e30033396c8f220a9f14,abnormal,11,0,11,4,False,False,85241.64,17664.0,9576.0,404172.0
f2c0995bf613672b13eb82ee09b1547b,abnormal,22,0,22,6,False,False,94098.0,77612.5,18096.0,358292.0
f2ca613f1200588a3f8c44e2516db4bc,abnormal,5,0,5,2,False,False,307382.2,360556.0,147900.0,452763.0
f2e56bf4b304000674dde626b3335ca7,abnormal,14,0,14,6,False,False,168658.93,155168.0,10812.0,333022.0
f2ea94fbd14e7946114152b0a11d6ade,abnormal,3,0,3,1,False,False,85728.0,95160.0,63624.0,98400.0
f2ee561a5779269382bf01c07da84f91,abnormal,4,0,4,2,False,False,119725.75,95688.0,58506.0,229021.0
f2f1cf0ebcbc9348fba2dcd55f6e8c91,abnormal,10,0,10,4,False,False,121997.3,70560.0,11760.0,344926.0
f2f8d46d9438459a795b19be73738cbb,abnormal,4,0,4,2,False,False,65136.5,81550.0,6726.0,90720.0
f31dd0e07a6342b11cb64cbc8af90835,abnormal,7,0,7,2,False,False,62675.86,50689.0,9030.0,126212.0
f32ab457c492c30221d3a89fe7c6b25a,abnormal,5,0,5,3,False,False,259257.8,229220.0,161987.0,454274.0
f32fbc404c68b727c5bf14bca3ec7b5e,abnormal,21,0,21,9,False,False,245468.05,123224.0,10132.0,802815.0
f332f8f1673ac8dbf2d755540520a511,abnormal,8,0,8,3,False,False,282993.12,139263.5,96600.0,786828.0
f33741a2c2ffaa247cea27ba87e6f4d9,abnormal,8,0,8,2,False,False,142105.75,100640.0,34844.0,309140.0
f33c818324f7631eec51571396df362d,abnormal,6,0,6,2,False,False,225681.33,198051.5,62100.0,462580.0
f345c9caf6c388069ca35fcc4bb52001,abnormal,8,0,8,3,False,False,58537.38,37292.0,6160.0,254947.0
f347a8de5e60079db066c440949b8395,abnormal,9,0,9,5,False,False,29021.78,8848.0,5280.0,94120.0
f351e56a857e49f1e5c12b0fbd43db98,abnormal,12,0,12,4,False,False,152411.42,27951.0,19152.0,558584.0
f356caa9aae421a22704f79e158e4321,abnormal,5,0,5,3,False,False,377636.2,465356.0,1722.0,716556.0
f369ab97b45fdd8ac73e51af003ae854,normal,0,0,0,0,False,False,,,,
f36cb2ce4ae7b6e960550542a99a9bff,abnormal,4,0,4,2,False,False,355291.25,421116.0,76994.0,501939.0
f3741f47791eca3ad54e01f9c36188a1,abnormal,13,0,13,6,False,False,82243.85,65886.0,4757.0,240597.0
f38455688ba4360b502d7c512295953e,abnormal,8,0,8,2,False,False,788523.62,808217.5,616864.0,872881.0
f3a84940a5a63947852fd915062fed1d,normal,0,0,0,0,False,False,,,,
f3ae85dcad0b8befecc06e496f3c4263,abnormal,12,0,12,3,False,False,43388.42,34040.0,9828.0,192920.0
f3b2d71af1014019e7639088a255e13f,abnormal,10,0,10,4,False,False,51030.3,32499.0,23688.0,116270.0
f3bdfeef73cd67f5583466d3df2829df,abnormal,5,0,5,2,False,False,3426.8,3654.0,2736.0,4004.0
f3d513a22e62ef6dae79d398cd1462e8,abnormal,7,0,7,3,False,False,280905.0,106797.0,49455.0,596475.0
f3dc45b4e1efdaf51bc35ab371110877,abnormal,9,0,9,4,False,False,283999.22,142301.0,33475.0,1190668.0
f3e804892343e3b12e2542939d9101a6,abnormal,7,0,7,3,False,True,606684.43,541964.0,521850.0,747649.0
f3fc4e540d940916de69e6a7e928cead,abnormal,14,0,14,6,False,False,93429.43,38779.0,1404.0,378696.0
f40c08b38fce6f2b77c6019d34521357,abnormal,26,0,26,6,False,False,173282.58,25685.0,2703.0,714106.0
f41016cc32c5ed986f15e4d6169c1c2f,abnormal,6,0,6,2,False,False,195655.33,183379.5,73098.0,322892.0
f41ccbeeaa2f48cbb13110e15c20a538,abnormal,8,0,8,5,False,False,107069.0,150570.0,15820.0,179224.0
f42000d2ffb02c74c696fba7678c51a6,abnormal,6,0,6,4,False,False,314501.83,270173.5,98778.0,617416.0
f4283460f9f2e254b8b048ce635f1276,abnormal,7,0,7,4,False,False,215598.0,278250.0,15470.0,419436.0
f458843968166ba8c5af491035ce1651,normal,0,0,0,0,False,False,,,,
f490b0ddc0cd7f3789c13e1764dfe51a,abnormal,6,0,6,2,False,False,191064.67,187195.0,62720.0,324531.0
f491935369d316678118cd07d5646de6,abnormal,13,0,13,7,False,False,111179.23,76629.0,31244.0,326610.0
f4976db55ec34ca21f36c218993ea7a2,normal,0,0,0,0,False,False,,,,
f499a3f9610865b8be4ff7c7ac5214cf,abnormal,8,0,8,4,False,False,264460.88,183609.0,3584.0,571590.0
f4b8c5c84f200ee9e9faba45bb2b0baa,abnormal,4,0,4,2,False,False,451627.25,444590.5,398896.0,518432.0
f4c12a07224893104dec25b926db33a1,abnormal,9,0,9,4,False,False,99818.56,93499.0,28390.0,148592.0
f4c97bfedbc71ab64cf312ea2962971e,abnormal,10,0,10,5,False,False,129041.0,96022.5,13031.0,326256.0
f4d7a04f379295bb190b0c95567f7e0a,abnormal,6,0,6,2,False,False,225751.5,220860.0,49680.0,429440.0
f4d7d5de6fbfafb222c389fb23251e80,abnormal,12,0,12,6,False,False,201308.33,83891.0,5168.0,626252.0
f4da0959856bcdd4b91e0c6949b109e3,abnormal,4,0,4,2,False,False,94310.25,89440.5,78111.0,120249.0
f4de2c4362a04f072fa06a8440bc7473,abnormal,7,0,7,3,False,False,158753.71,97584.0,23855.0,394240.0
f50d5b9d7f65680d066371d14fcda875,abnormal,3,0,3,1,False,False,176019.0,176382.0,171000.0,180675.0
f51434ef988e30a05f8b0986814d9485,abnormal,20,0,20,7,False,False,313002.0,119050.0,20306.0,2365948.0
f51c1a48919f8b36116ed4aa799dcb23,abnormal,13,0,13,6,False,False,172505.77,134100.0,11774.0,408750.0
f52c1bf308db55a73521eb1a048b1c92,abnormal,5,0,5,3,False,False,805993.2,622149.0,88500.0,1978200.0
f52ec4da5edc58fc2f93c00316c38fe7,normal,0,0,0,0,False,False,,,,
f53abed5f97de8473a4a09bd9742282c,abnormal,8,0,8,3,False,False,206079.38,140427.0,12906.0,424866.0
f53c45bd444bfa9796ac5ce5489136c7,abnormal,6,0,6,2,False,False,660061.33,713644.5,333333.0,847410.0
f55ce69d04d99c8f5e01df3c6838c8ee,abnormal,5,0,5,2,False,False,266481.6,162120.0,97236.0,584748.0
f5647785cac236ffe0ec3287f9f6aa84,abnormal,4,0,4,4,False,False,117863.0,121731.0,88928.0,139062.0
f57a452f52edaaaf43d41c78f1f73181,abnormal,7,0,7,2,False,False,96829.86,82209.0,18216.0,188480.0
f5824499552ae516c70308416344eb91,abnormal,8,0,8,4,False,False,206151.25,191207.5,10164.0,433090.0
f58508942604632676c1df2639e18010,abnormal,8,0,8,3,False,False,243927.62,255006.0,97566.0,394992.0
f58e50c4d7e818b02f28e52fd6f2a9f2,abnormal,5,0,5,2,False,False,267128.4,337554.0,70906.0,427450.0
f58ecf974a05d2f5ece85aa9393cf9d6,abnormal,17,0,17,7,False,False,109032.76,35520.0,5265.0,630952.0
f591f6e017545ab779d1e88735340128,abnormal,17,0,17,8,False,False,146940.88,113270.0,24975.0,456084.0
f59ccb89d776a68b79292bef810333ac,abnormal,17,0,17,8,False,False,263974.29,171735.0,3233.0,654192.0
f5aaeb372cca52343b1dd12027904bc2,abnormal,4,0,4,2,False,False,134824.25,70904.0,52864.0,344625.0
f5b2547ee619395f63368aab8996f2fb,abnormal,5,0,5,3,False,False,161153.6,111804.0,111804.0,236096.0
f5d78a935a1360644d9583fbdef0552e,abnormal,6,0,6,2,False,False,358986.67,364305.0,118944.0,616514.0
f5de538719c1a637e84474ea30a4e515,abnormal,4,0,4,2,False,False,73869.25,88548.0,676.0,117705.0
f5e6b0ff23298eff87b65789ee32959e,abnormal,7,0,7,4,False,False,425807.0,69090.0,16048.0,1575499.0
f5eb3e7e9ee9c4d08377de30251a94e2,abnormal,9,0,9,6,False,False,58494.22,39990.0,11571.0,141065.0
f5f1591393eb38f422ba01ece830b176,abnormal,6,0,6,2,False,False,196040.17,202514.0,78960.0,313628.0
f5f8866773cc80861a7f5c30502d0fbb,abnormal,9,0,9,5,False,False,116655.0,115181.0,91260.0,144786.0
f608bb02a0b91160b07fb867bbec84ad,abnormal,10,0,10,5,False,False,36338.5,39048.0,1748.0,97572.0
f60cef429e2b47fd330fbfcfd3ec3a31,abnormal,6,0,6,3,False,False,198201.33,158996.0,65052.0,422675.0
f6178657260dafbe0088bf3bb12e95fd,normal,0,0,0,0,False,False,,,,
f61ac5d1e80c2332240594868a6da019,abnormal,9,0,9,4,False,False,66922.33,17574.0,4218.0,316463.0
f62a549cbf9dedb3a5990a691bd7c27a,abnormal,8,0,8,5,False,False,38944.12,27497.0,660.0,100956.0
f62c4b2e9c78abcf338d9226c55b7e1e,abnormal,5,0,5,2,False,False,318266.6,462070.0,39168.0,568683.0
f62e254cf73362e117599c99791f706f,abnormal,8,0,8,4,False,False,144298.25,57099.5,29920.0,479220.0
f6349590bcca0313c865a6658b41cde4,abnormal,7,0,7,3,False,False,174243.71,79750.0,11220.0,354676.0
f635b5ecbb18bd0b90c881dd055fb089,abnormal,9,0,9,3,False,False,441549.0,501416.0,38485.0,621642.0
f6689a5d04b19e0750f5128f629b5d39,abnormal,8,0,8,4,False,False,146744.88,93444.0,16728.0,339384.0
f673d781efd8b4830ce480735fdcac8d,abnormal,3,0,3,1,False,False,50238.33,50838.0,41241.0,58636.0
f680a42a3444d3739c5552face67bf18,abnormal,8,0,8,3,False,False,130574.0,70889.0,10260.0,321420.0
f68b31e44bfe5252ca65f6bc22152e61,abnormal,4,0,4,2,False,False,88874.5,83469.5,43183.0,145376.0
f69a67703fe0e5e5bd9535025fbff414,abnormal,8,0,8,4,False,False,148749.75,60138.5,6612.0,386880.0
f6e59f1f95016d13f75bad536b8e2af5,abnormal,8,0,8,3,False,False,73016.5,47124.5,12445.0,260431.0
f6ea8fd5566a3776bec64ec816a0eb31,normal,0,0,0,0,False,False,,,,
f6fc6f200924da874ae95664661e67aa,abnormal,12,0,12,6,False,False,182662.08,76766.0,1400.0,599781.0
f70157a4a06e9ba3da6fae2fc48fb4e9,abnormal,3,0,3,2,False,False,111529.67,107797.0,89400.0,137392.0
f730c80ec55bf2f6b80001ec0686f245,abnormal,5,0,5,3,False,False,128081.6,76175.0,53520.0,362193.0
f736d35657c19d752b94cb194d9ed59a,abnormal,9,0,9,4,False,False,121671.0,74932.0,16975.0,325374.0
f769eea17a2e7678f481f386c3c6261c,abnormal,9,0,9,5,False,False,159808.11,87791.0,13916.0,508022.0
f774dada729622b4f5e2e1c352169d77,normal,0,0,0,0,False,False,,,,
f77548b76082f9b45c05764493005039,abnormal,9,0,9,3,False,False,99864.0,67160.0,49824.0,412043.0
f7793fee61ea241a3fc07b927e4914f6,abnormal,6,0,6,3,False,False,132564.83,73511.0,2175.0,302900.0
f78a273e30b5cd8a2d580fa4959c8433,abnormal,6,0,6,4,False,False,325078.33,247038.0,35460.0,753920.0
f78a44efd6e19fe5e6f71247a4d97126,abnormal,5,0,5,3,False,False,339698.8,268314.0,119944.0,737930.0
f78e1c855e003640a3d79723f16f5f1e,abnormal,4,0,4,2,False,False,157105.0,118725.0,87040.0,303930.0
f791a58edd0f0080354090193069373d,abnormal,7,0,7,2,False,False,277119.57,336420.0,67208.0,480949.0
f7987e0db0dcf873c778b099ebd9bf1a,abnormal,9,0,9,4,False,False,89809.78,105444.0,1500.0,179200.0
f7a56f47ad3ca3e1a06fd41bba7a3b03,abnormal,7,0,7,5,False,False,255102.57,64070.0,3500.0,601550.0
f7b1e8842f18b17265754367a8d92ee6,abnormal,7,0,7,3,False,False,901365.43,275766.0,105481.0,2057408.0
f7b3fa818839a04913e45fa796203462,abnormal,31,0,31,7,False,False,52527.71,36340.0,3339.0,116085.0
f7c4b8ffe5e3c01d6dd0165c9e3ad64f,abnormal,5,0,5,2,False,False,304879.6,192560.0,125775.0,537208.0
f7cca0874f0a8fdfdcb8952ec15c2e24,abnormal,9,0,9,4,False,False,157584.11,112992.0,22304.0,399124.0
f7dd175ca0962155ec39311b997a5288,abnormal,6,0,6,5,False,False,417043.0,467540.5,44100.0,723202.0
f7f461c0aaa21762f7e9e7e1e7b24dc9,abnormal,6,0,6,3,False,False,89718.0,54532.0,9632.0,332536.0
f7fd31cb67b22bf95cc94d909b6dd2e3,abnormal,4,0,4,3,False,False,76141.0,77602.0,49400.0,99960.0
f8418a411444f8ea00f9b3affe70a758,abnormal,11,0,11,7,False,False,173935.0,134368.0,44238.0,588588.0
f853be3a4ec02063d6e9c0279c8cb559,abnormal,6,0,6,3,False,False,25541.17,18901.5,8633.0,51308.0
f866dffa083b0a1b8e5c09a47a2d55f2,abnormal,5,0,5,2,False,False,156291.4,195072.0,36381.0,254317.0
f87d4c4e7d55bc2cbd44e80bf51f8bc6,abnormal,6,0,6,2,False,False,268841.33,248248.0,108360.0,451363.0
f887788825f5004145c4b29efa89fbc6,normal,0,0,0,0,False,False,,,,
f89143595274fa6016f6eec550442af9,abnormal,6,0,6,1,False,False,797289.0,790427.0,566020.0,997152.0
f89667b79d3858d6064f49b5fb203800,abnormal,5,0,5,4,False,False,15254.0,4880.0,3072.0,59898.0
f8c4ffc718ece871a52ab5f63b04b41c,abnormal,5,0,5,3,False,False,343126.8,455625.0,16940.0,596039.0
f8dbc59e1e501220fa867a6d68d93641,abnormal,10,0,10,7,False,False,427621.0,415097.5,5832.0,845540.0
f8dee4ee7a507e4e1f6a2b951e63f3d0,abnormal,4,0,4,2,False,False,174825.0,113387.5,84085.0,388440.0
f8e34b28f4fa0c030e1d55b1190990f1,abnormal,8,0,8,5,False,False,85977.25,87950.0,18590.0,133903.0
f8e4280d43baa3b536d1ed937672ff93,abnormal,5,0,5,2,False,False,53514.2,44232.0,30303.0,92680.0
f8f1d67dcbeb7badd781e2a0f30e020e,abnormal,3,0,3,1,False,False,354504.0,366790.0,319696.0,377026.0
f8f3bf0d3d08f814e2764470681998a4,abnormal,3,0,3,1,False,False,24022.67,12032.0,10388.0,49648.0
f9004576db9e423ddce7bc64608e2aed,abnormal,9,0,9,3,False,False,325766.0,321782.0,176709.0,555014.0
f90442f2620175fa21b6afeda865df11,abnormal,29,0,29,4,False,False,53606.93,39831.0,1209.0,169944.0
f908ceca3f24d487d583b5530b127013,abnormal,8,0,8,4,False,False,285686.62,254890.5,114576.0,513240.0
f9132773a02cfa4cb24f617627155948,abnormal,3,0,3,1,False,False,67454.0,71680.0,51302.0,79380.0
f9192d70b8ae33af5fa02c6764e7457c,abnormal,4,0,4,3,False,False,134719.0,98432.0,32368.0,309644.0
f94fc1f4e263bf33a9b1e9c4027a474f,abnormal,3,0,3,2,False,False,125702.0,77140.0,64232.0,235734.0
f95dd68c2ff46436c6819c3788ac01d3,abnormal,6,0,6,1,False,False,49348.0,39955.0,19536.0,115906.0
f97b35befd831df48967fda3cef13c12,abnormal,5,0,5,3,False,False,101061.4,103820.0,89040.0,104807.0
f9849624906b15585f9f7f998b34193c,abnormal,4,0,4,2,False,False,118213.75,67896.5,42872.0,294190.0
f99c888cfe3ec332780b60b44134f681,abnormal,8,0,8,4,False,False,220040.12,108449.5,14007.0,533520.0
f9a0f4bd4bb3553af6e939362bbba5d6,abnormal,8,0,8,4,False,False,758394.62,513541.5,204578.0,1892475.0
f9b6143fdadf3e46bc016548719a4371,abnormal,7,0,7,4,False,False,143694.71,124110.0,90567.0,209192.0
f9ba2d912ef79893510ff58bafa70558,abnormal,13,0,13,5,False,False,26610.23,28457.0,2014.0,68643.0
f9c6b63c9379c69451d44dc64fbcc814,abnormal,4,0,4,2,False,False,477981.25,575015.0,84645.0,677250.0
f9d48a25ddad7cb044c500cb7266455a,abnormal,6,0,6,2,False,False,142586.17,111699.0,91043.0,268320.0
f9dda1a40ac162af4e9fbc6027ed5375,abnormal,6,0,6,2,False,False,242959.83,231852.5,69689.0,437400.0
f9e2672a5b9363b4df480c9b8b773379,abnormal,8,0,8,4,False,False,30425.75,28815.0,5427.0,54120.0
f9e33b36ae582d27a5426d7e0692d128,normal,0,0,0,0,False,False,,,,
f9e6958221cb9c50deaf7ce3e78b6bf4,normal,0,0,0,0,False,False,,,,
f9e722d2706d42998afff41568223a01,abnormal,9,0,9,3,False,False,116931.11,146304.0,21235.0,171690.0
f9f7feefb4bac748ff7ad313e4a78906,abnormal,9,0,9,5,False,False,748004.78,302243.0,55269.0,2316564.0
f9fea79e8c324d21c93ca0271b84e24e,abnormal,6,0,6,2,False,False,160111.5,152564.5,83160.0,246634.0
fa109c087e46fe1ea27e48ce6d154d2f,abnormal,52,0,52,4,False,False,75200.13,16854.0,3078.0,955724.0
fa1d691e369b258e948303634d83b2f6,abnormal,9,0,9,4,False,False,114194.56,56876.0,3537.0,298592.0
fa1ffc0e890d0d6fa472f8abb1590b88,normal,0,0,0,0,False,False,,,,
fa3b6b158acb587e7cfac000b3737a39,abnormal,12,0,12,4,False,False,593963.42,536480.0,78351.0,916894.0
fa4c38b3c5e53e1e84bd0923f2d8e480,abnormal,9,0,9,5,False,False,38492.11,13708.0,1656.0,92664.0
fa5f06ba5deade163b028b37cfe68901,abnormal,17,0,17,5,False,False,265216.59,257460.0,6930.0,653573.0
fa6cfad334f4061af968f0896319bdf4,abnormal,8,0,8,4,False,False,61368.12,35989.0,6528.0,242416.0
fa7b469e21cf7a4e7afe9f17cf721259,abnormal,7,0,7,5,False,False,190408.86,101024.0,8360.0,402212.0
fa7d454b6cb43448ed5a8da49df6ce05,abnormal,12,0,12,5,False,False,192950.5,190890.0,1998.0,396160.0
fa8115db4830d2b29eccf4f133341a7c,abnormal,9,0,9,5,False,False,337381.22,178642.0,21147.0,897036.0
fa8a4206a96b99a55f7e8c84a1ec5892,normal,0,0,0,0,False,False,,,,
fa93ce20869f64a1d44d6b8b3d962061,abnormal,8,0,8,3,False,False,669142.12,527439.0,31504.0,1461776.0
fa9cd1a78a6d2d8d6e918a8c4125faf4,abnormal,9,0,9,4,False,False,348372.89,430144.0,140600.0,543552.0
fad39dc356aaa2da58470c6daaba8112,abnormal,7,0,7,3,False,False,327068.0,470162.0,10890.0,653604.0
fae3d9c7c5d474bb9cac8ac1c8912688,abnormal,6,0,6,2,False,False,177501.0,173782.0,63423.0,308160.0
faf2eeb7b3818ff5941115c3f9b6070e,abnormal,7,0,7,3,False,False,118950.43,69030.0,11880.0,210080.0
fb14e1b207e0ee66ed2e3179323091a8,normal,0,0,0,0,False,False,,,,
fb159c22e0b94e4f00fab42d40efb584,abnormal,7,0,7,4,False,False,87934.43,20984.0,3920.0,437367.0
fb16b22a22ab5aa31e8de22118a8183c,abnormal,8,0,8,3,False,False,212295.0,106017.5,12420.0,469624.0
fb2b28e4c2d24f22d4f67804eef69ecf,abnormal,17,0,17,5,False,False,309515.71,197060.0,36292.0,649800.0
fb31baa6cb3084cb283c11ee81c32f22,abnormal,31,0,31,8,False,False,262115.71,204240.0,7931.0,1001810.0
fb4db65bf21dfd88e154ab703136c69b,abnormal,6,0,6,3,False,False,56370.17,47908.0,9213.0,129548.0
fb511731a1fc742451a090891ebaa0ce,abnormal,5,0,5,3,False,False,220548.4,266085.0,12089.0,423990.0
fb60c3083ec018a8bc953b6af2d39151,abnormal,4,0,4,2,False,False,308113.25,374626.0,66780.0,416421.0
fb65f00dc9ea6fe17670ad9564e41db5,abnormal,7,0,7,2,False,False,113309.71,120130.0,19320.0,197956.0
fb8e11c6b2886b2d41b379e0598669b9,abnormal,20,0,20,8,False,False,75927.5,52002.0,16380.0,217404.0
fb8f8632ea2bb7e136adee05a286105d,abnormal,5,0,5,3,False,False,449663.0,702620.0,16975.0,767120.0
fb9212a34ae58d0a54a4880a80da1174,abnormal,5,0,5,2,False,False,165464.8,105546.0,67760.0,304832.0
fb929e0efd696fe0f54902da5e7ec57a,abnormal,15,0,15,6,False,False,392423.93,173394.0,22385.0,2283579.0
fb986f9e81efde615e0364b35efdb377,abnormal,26,0,26,7,False,False,91951.92,55870.0,3655.0,273702.0
fba40b4a066903eaccbf80e168617e69,abnormal,7,0,7,3,False,False,136982.57,51088.0,21484.0,281775.0
fbace720f1e0ffcf06aa08e8b6e8131d,abnormal,5,0,5,2,False,False,277523.4,366438.0,44238.0,460072.0
fbadbb00720fcc1385e05adaca2502e1,abnormal,3,0,3,1,False,False,157470.33,164340.0,132175.0,175896.0
fbbc76c4db97f2f7caa7926655f13d32,abnormal,15,0,15,5,False,True,162593.07,48348.0,15087.0,680757.0
fbc1bf59ac6832df4802bd8a473d26f4,abnormal,3,0,3,1,False,False,82826.0,78372.0,48841.0,121265.0
fbd4d82ec1018ef94b0b4baf2589a6a2,abnormal,6,0,6,2,False,False,262337.83,262201.0,105298.0,419629.0
fbd7d287fcf514d7c8c1d8b08eee47c6,abnormal,4,0,4,2,False,False,382537.5,373580.0,147278.0,635712.0
fbda3ef47493765e3d705185bf5c9538,abnormal,6,0,6,4,False,False,147813.33,67569.0,60742.0,435600.0
fbe11df20d8794421a72b14fdc3aa593,abnormal,4,0,4,2,False,False,383927.25,473741.5,6161.0,582065.0
fbfa7706ae60ef2f3f18211269a8d2ac,abnormal,13,0,13,7,False,False,268455.77,278695.0,24600.0,723048.0
fc206ae1d3ef8a63e90642dba9f75e4a,abnormal,11,0,11,4,False,False,195952.0,200396.0,102678.0,282855.0
fc217b20fc08dbe61924444274fb1c92,abnormal,6,0,6,2,False,False,277195.33,331718.0,103290.0,427716.0
fc24ad13f52fb8b4135f5a18a982a1cf,abnormal,12,0,12,4,False,False,247265.67,294234.5,34846.0,488894.0
fc34c8cc6321cfc97ec35783a5daa937,abnormal,15,0,15,6,False,False,364578.53,157560.0,13203.0,1319112.0
fc40fa29a65f935b15a3763a83d11a15,abnormal,3,0,3,1,False,False,160996.67,189994.0,43384.0,249612.0
fc4363ebce3a4aaa7c7d8c4796221c16,normal,0,0,0,0,False,False,,,,
fc47195078badf33f2575c3f0db648ab,abnormal,3,0,3,1,False,False,222151.0,269724.0,66681.0,330048.0
fc50039c45fdb6c9224bfff5ba4e64b3,abnormal,24,0,24,7,False,False,192198.33,197538.0,4290.0,549036.0
fc63f0bc1c17a196a1985672fe91d660,normal,0,0,0,0,False,False,,,,
fc7a5aa2e71f3a9cd2ee1a871303239e,abnormal,6,0,6,4,False,False,196971.67,36679.0,32128.0,522849.0
fc7daec18e1ea6a01e908775052d3e7b,abnormal,4,0,4,2,False,False,221725.75,150072.5,21375.0,565383.0
fc89fd328df2a724d19d1cb78fb97f3c,abnormal,4,0,4,2,False,False,13450.5,13530.5,8580.0,18161.0
fc8c4737d8852af905ef96b5ca0daef9,abnormal,6,0,6,2,False,False,140344.17,136042.0,29223.0,272391.0
fc9792581d7190c4b20c3e436e2d91bb,normal,0,0,0,0,False,False,,,,
fc979a294242406c565414d75dd68f9f,abnormal,9,0,9,2,False,False,164376.89,166848.0,38376.0,276450.0
fcbe95aa17720d5caa68e24f4f664040,abnormal,3,0,3,1,False,False,108813.33,101727.0,98420.0,126293.0
fce81c9b7b2d0f705e8c3a19d6197784,abnormal,3,0,3,1,False,False,113885.33,116314.0,94962.0,130380.0
fcf343f7991ed6cddae630502922296e,abnormal,3,0,3,2,False,False,229202.0,299970.0,70908.0,316728.0
fcf451b16c4dd6fe2f066ad3d471cbdd,abnormal,5,0,5,2,False,False,153860.4,93138.0,40596.0,299337.0
fd0101d5a41b3c0a8743502692690bdb,normal,0,0,0,0,False,False,,,,
fd079817727211a09fd6b0415463f23d,abnormal,4,0,4,3,False,False,398774.75,301258.5,50960.0,941622.0
fd1bd078f5f30ad02ed984c94077bbdb,abnormal,15,0,15,7,False,False,257645.13,102396.0,20150.0,736648.0
fd23b01b59784498154c9ee6b60dab4a,abnormal,7,0,7,3,False,False,212068.0,199801.0,103700.0,487720.0
fd277568d5778bed67a80aabd4c2e297,abnormal,7,0,7,3,False,False,207219.0,155904.0,24300.0,515637.0
fd2892a3069f461f8a47e714b9b7f755,normal,0,0,0,0,False,False,,,,
fd6d801a9b661fd0abe97e5c37567c2b,abnormal,9,0,9,3,False,False,236481.33,103488.0,49632.0,570475.0
fd709b976ae14089b17bea48208573d8,abnormal,14,0,14,8,False,False,144409.93,108087.5,22410.0,487056.0
fd80612e19d0c248b8477125cba4a350,abnormal,4,0,4,2,False,False,260483.75,297166.0,76845.0,370758.0
fd810298e165ef0b9a88bb25fda7a34b,abnormal,13,0,13,4,False,False,687529.31,506042.0,178800.0,1818622.0
fd984c0e930169a20e6a2d02e1dab204,abnormal,5,0,5,3,False,False,238940.0,340956.0,16461.0,376065.0
fda13aa356913d7c5530897288978420,abnormal,11,0,11,6,False,False,122861.82,56810.0,25480.0,518256.0
fda942e02952bbbe30fb7525fdf408ea,abnormal,6,0,6,2,False,False,310875.33,298333.0,95381.0,550475.0
fdbf6600541e76b3b009a11cae0f91c3,abnormal,7,0,7,3,False,False,308075.14,155736.0,19068.0,632514.0
fdc0e4eaee26a9dd7bec404df5428612,normal,0,0,0,0,False,False,,,,
fdcbaf21dccc1202812b5233b960de0b,abnormal,9,0,9,3,False,False,109318.11,97188.0,29392.0,275518.0
fdcdbc6befee8ab9553039895835bad8,abnormal,9,0,9,5,False,False,110164.33,72020.0,21000.0,407135.0
fdd323a08a8d9890c938351d465108b6,abnormal,13,0,13,4,False,False,746809.54,180438.0,23936.0,2418636.0
fdd529400be877bedaf4f2df9176cedf,abnormal,10,0,10,5,False,False,104723.4,48143.5,10660.0,324702.0
fdf40431c67d1e10a8d9ff3c0060b1fa,abnormal,3,0,3,1,False,False,716001.67,715481.0,670533.0,761991.0
fe48b59fe20a779d3a6a32d7a22e4b8b,abnormal,5,0,5,2,False,False,245584.8,184481.0,41175.0,459510.0
fe620114981e611e4e92f017dafc254f,abnormal,8,0,8,6,False,False,752936.75,898947.5,30740.0,1183112.0
fe712042bd989a581a931a300fee1203,abnormal,3,0,3,2,False,False,91204.0,114134.0,30510.0,128968.0
fe8d72ce0411fb11e5b254e149634fad,abnormal,4,0,4,2,False,False,356840.0,425936.0,91848.0,483640.0
fe90142bc4523ef5e2413ba94415e037,abnormal,17,0,17,5,False,False,467742.53,98490.0,30668.0,2324946.0
fe9ae553a2fa76cba207ebd4b9b0cddb,abnormal,12,0,12,4,False,False,60370.33,38086.0,15851.0,173213.0
fe9e2c89c75a48f88d5d7274ff939b31,abnormal,14,0,14,7,False,False,79302.0,21176.0,3420.0,526344.0
feb24760f15f661154ccc371571ceb4b,abnormal,7,0,7,3,False,False,258115.43,131026.0,37765.0,504480.0
fec797e0e4b2eff050372800790c01e8,abnormal,7,0,7,4,False,False,119382.71,78561.0,17976.0,278294.0
fee46e386a84e134836e01d0b9a38154,abnormal,6,0,6,3,False,False,236490.83,199018.5,80936.0,428130.0
fee7f5490aee6eb6626adb30d2509868,abnormal,4,0,4,2,False,False,58588.0,72292.0,3968.0,85800.0
fef3e36fbec340a6ef785936fb8859c6,abnormal,7,0,7,4,False,False,777200.29,177876.0,6336.0,1849572.0
ff00fd8abeb1fb6646fc3943f802cb8d,abnormal,3,0,3,1,False,False,485542.0,494714.0,432866.0,529046.0
ff0191df898268978f2c29231450fd66,abnormal,5,0,5,2,False,False,18240.2,20130.0,10179.0,29267.0
ff0b6f6423f910a910be0c5729424e58,abnormal,4,0,4,2,False,False,180340.25,176076.0,37584.0,331625.0
ff177d5fef1586b58fc89b1bf9cc5095,normal,0,0,0,0,False,False,,,,
ff2659c5a80afab12bf10c8644341a2b,abnormal,7,0,7,3,False,False,196928.29,90900.0,16620.0,409113.0
ff335f1c7745c6184a5732cc5a01092d,abnormal,5,0,5,3,False,False,50319.8,71242.0,2808.0,99356.0
ff45df5e7c2a2724c532d13eba7cde2f,abnormal,7,0,7,3,False,False,212138.57,130986.0,12879.0,483552.0
ff4cd09578f32d803e5996a4a2ec29b2,abnormal,6,0,6,3,False,False,358353.0,391114.5,11328.0,678564.0
ff60d1425ffd67d12aa61e3eb3b45040,abnormal,15,0,15,7,False,False,497059.6,752748.0,14157.0,1017620.0
ff612a13f0bf475515259b986735c4e4,normal,0,0,0,0,False,False,,,,
ff6b2b10b8f2350ab09d8690c9c83154,abnormal,4,0,4,2,False,False,82003.25,54391.0,46170.0,173061.0
ff924bcbd38f123aec723aa7040d7e43,abnormal,23,0,23,6,False,False,198453.39,106600.0,19008.0,737450.0
ffb5d0b005261ed350f7a08c06613a34,abnormal,6,0,6,2,False,False,197145.17,186420.0,47722.0,360876.0
ffceb71a80efba3b83c88e11f4b9694b,abnormal,5,0,5,2,False,False,752664.4,934677.0,19125.0,1473388.0
ffe6f9fe648a7ec29a50feb92d6c15a4,abnormal,5,0,5,3,False,False,385813.8,557077.0,1110.0,661789.0
ffeffc54594debf3716d6fcd2402a99f,abnormal,3,0,3,1,False,False,124806.67,120516.0,105056.0,148848.0
